2025-06-15 22:55:09.801 | INFO     | __main__:solve:103 - Running command: mathsat /tmp/tmp0coyxtc_.smt2
2025-06-15 22:55:09.801 | INFO     | __main__:solve:103 - Running command: mathsat /tmp/tmpstol0l93.smt2
2025-06-15 22:55:09.801 | INFO     | __main__:solve:103 - Running command: mathsat /tmp/tmp5cwyu93z.smt2
2025-06-15 22:55:09.802 | INFO     | __main__:solve:103 - Running command: mathsat /tmp/tmpr6_jozwk.smt2
2025-06-15 22:55:09.802 | INFO     | __main__:solve:103 - Running command: mathsat /tmp/tmp07f2tha3.smt2
2025-06-15 22:55:09.802 | INFO     | __main__:solve:103 - Running command: mathsat /tmp/tmpy7st9_ol.smt2
2025-06-15 22:55:09.808 | INFO     | __main__:solve:103 - Running command: mathsat /tmp/tmp9wprrmzk.smt2
2025-06-15 22:55:09.823 | INFO     | __main__:solve:103 - Running command: mathsat /tmp/tmpq2fr1t29.smt2
2025-06-15 22:55:09.920 | INFO     | __main__:solve:103 - Running command: mathsat /tmp/tmp9_sjqir3.smt2
2025-06-15 22:55:09.930 | INFO     | __main__:solve:103 - Running command: mathsat /tmp/tmpw0o1t9uj.smt2
2025-06-15 22:55:09.930 | INFO     | __main__:solve:103 - Running command: mathsat /tmp/tmpvqc43bhz.smt2
2025-06-15 22:55:09.979 | INFO     | __main__:solve:103 - Running command: mathsat /tmp/tmpgf8bv0yw.smt2
2025-06-15 22:55:10.015 | INFO     | __main__:solve:103 - Running command: mathsat /tmp/tmp50csas2i.smt2
2025-06-15 22:55:10.031 | INFO     | __main__:solve:103 - Running command: mathsat /tmp/tmpnh87iare.smt2
2025-06-15 22:55:10.041 | INFO     | __main__:solve:103 - Running command: mathsat /tmp/tmpezmhrfd9.smt2
2025-06-15 22:55:10.057 | INFO     | __main__:solve:103 - Running command: mathsat /tmp/tmprcdqqg2m.smt2
2025-06-15 22:55:10.057 | INFO     | __main__:solve:103 - Running command: mathsat /tmp/tmpi1kfl0rx.smt2
2025-06-15 22:55:10.058 | INFO     | __main__:solve:103 - Running command: mathsat /tmp/tmp1qsejfii.smt2
2025-06-15 22:55:10.059 | INFO     | __main__:solve:103 - Running command: mathsat /tmp/tmptohypwxu.smt2
2025-06-15 22:55:10.092 | INFO     | __main__:solve:103 - Running command: mathsat /tmp/tmp6rkrgjyy.smt2
2025-06-15 22:55:10.099 | INFO     | __main__:solve:103 - Running command: mathsat /tmp/tmpz6wesyfz.smt2
2025-06-15 22:55:10.102 | INFO     | __main__:solve:103 - Running command: mathsat /tmp/tmpccdo_sw2.smt2
2025-06-15 22:55:10.103 | INFO     | __main__:solve:103 - Running command: mathsat /tmp/tmpszc603xy.smt2
2025-06-15 22:55:10.109 | INFO     | __main__:solve:103 - Running command: mathsat /tmp/tmp6jsvsgee.smt2
2025-06-15 22:55:10.115 | INFO     | __main__:solve:103 - Running command: mathsat /tmp/tmpe7m6llnx.smt2
2025-06-15 22:55:10.127 | INFO     | __main__:solve:103 - Running command: mathsat /tmp/tmpn61os00n.smt2
2025-06-15 22:55:10.137 | INFO     | __main__:solve:103 - Running command: mathsat /tmp/tmp7in9ybq7.smt2
2025-06-15 22:55:10.164 | INFO     | __main__:solve:103 - Running command: mathsat /tmp/tmpbr9cnl8q.smt2
2025-06-15 22:55:10.175 | INFO     | __main__:solve:103 - Running command: mathsat /tmp/tmpqda03he6.smt2
2025-06-15 22:55:10.177 | INFO     | __main__:solve:103 - Running command: mathsat /tmp/tmp1wg70d2z.smt2
2025-06-15 22:55:10.188 | INFO     | __main__:solve:103 - Running command: mathsat /tmp/tmpcgvmiem4.smt2
2025-06-15 22:55:10.188 | INFO     | __main__:solve:103 - Running command: mathsat /tmp/tmp8o7cck7g.smt2
2025-06-15 22:55:10.189 | INFO     | __main__:solve:103 - Running command: mathsat /tmp/tmpv9z343h4.smt2
2025-06-15 22:55:10.208 | INFO     | __main__:solve:103 - Running command: mathsat /tmp/tmp90kqofkm.smt2
2025-06-15 22:55:10.209 | INFO     | __main__:solve:103 - Running command: mathsat /tmp/tmp9tnhd4lq.smt2
2025-06-15 22:55:10.212 | INFO     | __main__:solve:103 - Running command: mathsat /tmp/tmp1zk7dzch.smt2
2025-06-15 22:55:10.215 | INFO     | __main__:solve:103 - Running command: mathsat /tmp/tmp_84opa0c.smt2
2025-06-15 22:55:10.219 | INFO     | __main__:solve:103 - Running command: mathsat /tmp/tmplsd7d62_.smt2
2025-06-15 22:55:10.243 | INFO     | __main__:solve:103 - Running command: mathsat /tmp/tmpllyl3hiw.smt2
2025-06-15 22:55:10.253 | INFO     | __main__:solve:103 - Running command: mathsat /tmp/tmpq8i78za6.smt2
2025-06-15 22:55:10.253 | INFO     | __main__:solve:103 - Running command: mathsat /tmp/tmpp9krh1qp.smt2
2025-06-15 22:55:10.259 | INFO     | __main__:solve:103 - Running command: mathsat /tmp/tmpvavsyt2m.smt2
2025-06-15 22:55:10.263 | INFO     | __main__:solve:103 - Running command: mathsat /tmp/tmp2kfxu0r8.smt2
2025-06-15 22:55:10.272 | INFO     | __main__:solve:103 - Running command: mathsat /tmp/tmp0724_x92.smt2
2025-06-15 22:55:10.278 | INFO     | __main__:solve:103 - Running command: mathsat /tmp/tmptlyrvhon.smt2
2025-06-15 22:55:10.283 | INFO     | __main__:solve:103 - Running command: mathsat /tmp/tmpqlsejsqg.smt2
2025-06-15 22:55:10.294 | INFO     | __main__:solve:103 - Running command: mathsat /tmp/tmp7dhdgzlf.smt2
2025-06-15 22:55:10.302 | INFO     | __main__:solve:103 - Running command: mathsat /tmp/tmpwj8hf2bm.smt2
2025-06-15 22:55:10.313 | INFO     | __main__:solve:103 - Running command: mathsat /tmp/tmpj1y5jlj0.smt2
2025-06-15 22:55:10.319 | INFO     | __main__:solve:103 - Running command: mathsat /tmp/tmpyeu1lzmu.smt2
2025-06-15 22:55:10.329 | INFO     | __main__:solve:103 - Running command: mathsat /tmp/tmpg1ivw6az.smt2
2025-06-15 22:55:10.329 | INFO     | __main__:solve:103 - Running command: mathsat /tmp/tmprtn2shzz.smt2
2025-06-15 22:55:10.344 | INFO     | __main__:solve:103 - Running command: mathsat /tmp/tmp_1k5q7ic.smt2
2025-06-15 22:55:10.347 | INFO     | __main__:solve:103 - Running command: mathsat /tmp/tmp7cfls7eo.smt2
2025-06-15 22:55:10.353 | INFO     | __main__:solve:103 - Running command: mathsat /tmp/tmpd2hcpscw.smt2
2025-06-15 22:55:10.362 | INFO     | __main__:solve:103 - Running command: mathsat /tmp/tmpu48dkvd3.smt2
2025-06-15 22:55:10.365 | INFO     | __main__:solve:103 - Running command: mathsat /tmp/tmp27kgqhgr.smt2
2025-06-15 22:55:10.388 | INFO     | __main__:solve:103 - Running command: mathsat /tmp/tmp0ih0sv6c.smt2
2025-06-15 22:55:10.394 | INFO     | __main__:solve:103 - Running command: mathsat /tmp/tmp8mqxjoec.smt2
2025-06-15 22:55:10.404 | INFO     | __main__:solve:103 - Running command: mathsat /tmp/tmpqjc86i63.smt2
2025-06-15 22:55:31.079 | INFO     | __main__:solve:103 - Running command: mathsat /tmp/tmpuz5w7ct5.smt2
2025-06-15 22:55:52.599 | INFO     | __main__:solve:103 - Running command: mathsat /tmp/tmpy26x_kvb.smt2
2025-06-15 22:55:52.770 | INFO     | __main__:solve:103 - Running command: mathsat /tmp/tmp9j9vbhef.smt2
2025-06-15 22:56:03.744 | INFO     | __main__:solve:103 - Running command: mathsat /tmp/tmphzres7t0.smt2
2025-06-15 22:56:05.156 | INFO     | __main__:solve:103 - Running command: mathsat /tmp/tmpq2ua31gd.smt2
2025-06-15 22:56:13.147 | INFO     | __main__:solve:103 - Running command: mathsat /tmp/tmp7lmdx_gw.smt2
2025-06-15 22:56:13.307 | INFO     | __main__:solve:103 - Running command: mathsat /tmp/tmp93lr28cs.smt2
2025-06-15 22:56:46.753 | INFO     | __main__:solve:103 - Running command: mathsat /tmp/tmpbe0pjrb8.smt2
2025-06-15 22:56:55.811 | INFO     | __main__:solve:103 - Running command: mathsat /tmp/tmp73sdqqvq.smt2
2025-06-15 22:57:07.704 | INFO     | __main__:solve:103 - Running command: mathsat /tmp/tmpb42vgebg.smt2
2025-06-15 22:57:39.103 | INFO     | __main__:solve:103 - Running command: mathsat /tmp/tmpi4rrh6cs.smt2
2025-06-15 22:57:44.649 | INFO     | __main__:solve:103 - Running command: mathsat /tmp/tmp_4wlj57q.smt2
2025-06-15 22:57:44.892 | INFO     | __main__:solve:103 - Running command: mathsat /tmp/tmpcdwtkub6.smt2
2025-06-15 22:57:45.314 | INFO     | __main__:solve:103 - Running command: mathsat /tmp/tmpvhx4odsz.smt2
2025-06-15 22:57:45.976 | INFO     | __main__:solve:103 - Running command: mathsat /tmp/tmp21hmdl7q.smt2
2025-06-15 22:58:05.303 | INFO     | __main__:solve:103 - Running command: mathsat /tmp/tmps93or2vk.smt2
2025-06-15 22:58:06.475 | INFO     | __main__:solve:103 - Running command: mathsat /tmp/tmp3scu7itf.smt2
2025-06-15 22:58:14.664 | INFO     | __main__:solve:103 - Running command: mathsat /tmp/tmpau7tmjmv.smt2
2025-06-15 22:58:35.646 | INFO     | __main__:solve:103 - Running command: mathsat /tmp/tmppwo9td5m.smt2
2025-06-15 22:58:45.563 | INFO     | __main__:solve:103 - Running command: mathsat /tmp/tmp32_dhgjr.smt2
2025-06-15 22:58:48.323 | INFO     | __main__:solve:103 - Running command: mathsat /tmp/tmppsdr80i6.smt2
2025-06-15 22:58:49.645 | INFO     | __main__:solve:103 - Running command: mathsat /tmp/tmpn7hzvrcd.smt2
2025-06-15 22:59:01.467 | INFO     | __main__:solve:103 - Running command: mathsat /tmp/tmpaoicvq6c.smt2
2025-06-15 22:59:01.473 | INFO     | __main__:solve:103 - Running command: mathsat /tmp/tmpjv98k2ws.smt2
2025-06-15 22:59:01.483 | INFO     | __main__:solve:103 - Running command: mathsat /tmp/tmpbdrg1_65.smt2
2025-06-15 22:59:01.502 | INFO     | __main__:solve:103 - Running command: mathsat /tmp/tmpdkawq4sm.smt2
2025-06-15 22:59:01.516 | INFO     | __main__:solve:103 - Running command: mathsat /tmp/tmp5xk3poqs.smt2
2025-06-15 22:59:01.538 | INFO     | __main__:solve:103 - Running command: mathsat /tmp/tmp1_988fxv.smt2
2025-06-15 22:59:01.562 | INFO     | __main__:solve:103 - Running command: mathsat /tmp/tmp5rydx88l.smt2
2025-06-15 22:59:01.583 | INFO     | __main__:solve:103 - Running command: mathsat /tmp/tmpmljkiumz.smt2
2025-06-15 22:59:01.597 | INFO     | __main__:solve:103 - Running command: mathsat /tmp/tmp4lmsftwj.smt2
2025-06-15 22:59:01.612 | INFO     | __main__:solve:103 - Running command: mathsat /tmp/tmp1vj3sv1z.smt2
2025-06-15 22:59:01.626 | INFO     | __main__:solve:103 - Running command: mathsat /tmp/tmpbm_5hlyz.smt2
2025-06-15 22:59:01.638 | INFO     | __main__:solve:103 - Running command: mathsat /tmp/tmpx1u1a79p.smt2
2025-06-15 22:59:01.652 | INFO     | __main__:solve:103 - Running command: mathsat /tmp/tmpb_tttqjr.smt2
2025-06-15 22:59:14.626 | INFO     | __main__:solve:103 - Running command: mathsat /tmp/tmpuk7whhq7.smt2
2025-06-15 22:59:19.155 | INFO     | __main__:solve:103 - Running command: mathsat /tmp/tmpbsisz88n.smt2
2025-06-15 22:59:25.339 | INFO     | __main__:solve:103 - Running command: mathsat /tmp/tmpvicwd19m.smt2
2025-06-15 22:59:25.346 | INFO     | __main__:solve:103 - Running command: mathsat /tmp/tmplx41_bcp.smt2
2025-06-15 22:59:25.370 | INFO     | __main__:solve:103 - Running command: mathsat /tmp/tmph36tbyfk.smt2
2025-06-15 22:59:25.385 | INFO     | __main__:solve:103 - Running command: mathsat /tmp/tmp4eeufmgn.smt2
2025-06-15 22:59:25.402 | INFO     | __main__:solve:103 - Running command: mathsat /tmp/tmpw98a2y00.smt2
2025-06-15 22:59:25.417 | INFO     | __main__:solve:103 - Running command: mathsat /tmp/tmp2g2dkvbx.smt2
2025-06-15 22:59:25.442 | INFO     | __main__:solve:103 - Running command: mathsat /tmp/tmpzd3zmxos.smt2
2025-06-15 22:59:25.456 | INFO     | __main__:solve:103 - Running command: mathsat /tmp/tmpu5i_ccsi.smt2
2025-06-15 22:59:25.472 | INFO     | __main__:solve:103 - Running command: mathsat /tmp/tmpfowfnc33.smt2
2025-06-15 22:59:25.490 | INFO     | __main__:solve:103 - Running command: mathsat /tmp/tmpauzhdzzi.smt2
2025-06-15 22:59:25.506 | INFO     | __main__:solve:103 - Running command: mathsat /tmp/tmp22vl3zd_.smt2
2025-06-15 22:59:25.518 | INFO     | __main__:solve:103 - Running command: mathsat /tmp/tmphzq1q0r6.smt2
2025-06-15 22:59:25.535 | INFO     | __main__:solve:103 - Running command: mathsat /tmp/tmpzmuj39xg.smt2
2025-06-15 22:59:25.553 | INFO     | __main__:solve:103 - Running command: mathsat /tmp/tmpqcelae18.smt2
2025-06-15 22:59:25.570 | INFO     | __main__:solve:103 - Running command: mathsat /tmp/tmp1x97075k.smt2
2025-06-15 22:59:25.592 | INFO     | __main__:solve:103 - Running command: mathsat /tmp/tmpb8yoh8fl.smt2
2025-06-15 22:59:25.617 | INFO     | __main__:solve:103 - Running command: mathsat /tmp/tmpr_lrnra3.smt2
2025-06-15 22:59:25.658 | INFO     | __main__:solve:103 - Running command: mathsat /tmp/tmp2rjy1hoy.smt2
2025-06-15 22:59:25.713 | INFO     | __main__:solve:103 - Running command: mathsat /tmp/tmpisehcnob.smt2
2025-06-15 22:59:25.763 | INFO     | __main__:solve:103 - Running command: mathsat /tmp/tmp6e0q4bw3.smt2
2025-06-15 22:59:25.807 | INFO     | __main__:solve:103 - Running command: mathsat /tmp/tmphafqbhqy.smt2
2025-06-15 22:59:25.835 | INFO     | __main__:solve:103 - Running command: mathsat /tmp/tmp6y21_gaf.smt2
2025-06-15 22:59:25.884 | INFO     | __main__:solve:103 - Running command: mathsat /tmp/tmp91vywe_j.smt2
2025-06-15 22:59:25.911 | INFO     | __main__:solve:103 - Running command: mathsat /tmp/tmptuuhm6sp.smt2
2025-06-15 22:59:25.944 | INFO     | __main__:solve:103 - Running command: mathsat /tmp/tmpmf494ogo.smt2
2025-06-15 22:59:25.986 | INFO     | __main__:solve:103 - Running command: mathsat /tmp/tmp2cohae_n.smt2
2025-06-15 22:59:27.305 | INFO     | __main__:solve:103 - Running command: mathsat /tmp/tmpr8n4gkgd.smt2
2025-06-15 22:59:27.338 | INFO     | __main__:solve:103 - Running command: mathsat /tmp/tmp7j444vkt.smt2
2025-06-15 22:59:27.375 | INFO     | __main__:solve:103 - Running command: mathsat /tmp/tmpi4831y2d.smt2
2025-06-15 22:59:27.511 | INFO     | __main__:solve:103 - Running command: mathsat /tmp/tmp9y4gmguf.smt2
2025-06-15 22:59:27.563 | INFO     | __main__:solve:103 - Running command: mathsat /tmp/tmp1k4m0xkt.smt2
2025-06-15 22:59:27.600 | INFO     | __main__:solve:103 - Running command: mathsat /tmp/tmpwzti69zo.smt2
2025-06-15 22:59:27.628 | INFO     | __main__:solve:103 - Running command: mathsat /tmp/tmpupdh5mc3.smt2
2025-06-15 22:59:27.675 | INFO     | __main__:solve:103 - Running command: mathsat /tmp/tmp1ivk3ygx.smt2
2025-06-15 22:59:27.714 | INFO     | __main__:solve:103 - Running command: mathsat /tmp/tmpxz9w1er4.smt2
2025-06-15 22:59:27.754 | INFO     | __main__:solve:103 - Running command: mathsat /tmp/tmpt1q4cnfg.smt2
2025-06-15 22:59:27.791 | INFO     | __main__:solve:103 - Running command: mathsat /tmp/tmp7ynzwprj.smt2
2025-06-15 22:59:27.825 | INFO     | __main__:solve:103 - Running command: mathsat /tmp/tmp2asm8403.smt2
2025-06-15 22:59:27.870 | INFO     | __main__:solve:103 - Running command: mathsat /tmp/tmpjpm0key6.smt2
2025-06-15 22:59:27.884 | INFO     | __main__:solve:103 - Running command: mathsat /tmp/tmpoybxs0mr.smt2
2025-06-15 22:59:27.921 | INFO     | __main__:solve:103 - Running command: mathsat /tmp/tmpvvn8vqqy.smt2
2025-06-15 22:59:27.928 | INFO     | __main__:solve:103 - Running command: mathsat /tmp/tmpu3umugdo.smt2
2025-06-15 22:59:27.962 | INFO     | __main__:solve:103 - Running command: mathsat /tmp/tmpi7jhsz9s.smt2
2025-06-15 22:59:28.056 | INFO     | __main__:solve:103 - Running command: mathsat /tmp/tmpujdwpvbi.smt2
2025-06-15 22:59:28.085 | INFO     | __main__:solve:103 - Running command: mathsat /tmp/tmpnwk30zlu.smt2
2025-06-15 22:59:28.095 | INFO     | __main__:solve:103 - Running command: mathsat /tmp/tmpu9limzfz.smt2
2025-06-15 22:59:28.111 | INFO     | __main__:solve:103 - Running command: mathsat /tmp/tmp3qk2stpn.smt2
2025-06-15 22:59:28.146 | INFO     | __main__:solve:103 - Running command: mathsat /tmp/tmp6q_bj3s5.smt2
2025-06-15 22:59:28.193 | INFO     | __main__:solve:103 - Running command: mathsat /tmp/tmpnd6_zqu8.smt2
2025-06-15 22:59:28.224 | INFO     | __main__:solve:103 - Running command: mathsat /tmp/tmpdk172yyf.smt2
2025-06-15 22:59:28.256 | INFO     | __main__:solve:103 - Running command: mathsat /tmp/tmpus3cl_z9.smt2
2025-06-15 22:59:28.295 | INFO     | __main__:solve:103 - Running command: mathsat /tmp/tmp3920vu0v.smt2
2025-06-15 22:59:28.331 | INFO     | __main__:solve:103 - Running command: mathsat /tmp/tmppkek33ax.smt2
2025-06-15 22:59:28.365 | INFO     | __main__:solve:103 - Running command: mathsat /tmp/tmp2p2t9x9r.smt2
2025-06-15 22:59:28.402 | INFO     | __main__:solve:103 - Running command: mathsat /tmp/tmpgic74xbq.smt2
2025-06-15 22:59:28.446 | INFO     | __main__:solve:103 - Running command: mathsat /tmp/tmpv7k6vd48.smt2
2025-06-15 22:59:28.478 | INFO     | __main__:solve:103 - Running command: mathsat /tmp/tmpujv4ftku.smt2
2025-06-15 22:59:28.512 | INFO     | __main__:solve:103 - Running command: mathsat /tmp/tmpz3pbpn3p.smt2
2025-06-15 22:59:28.547 | INFO     | __main__:solve:103 - Running command: mathsat /tmp/tmp4wqjg40o.smt2
2025-06-15 22:59:28.594 | INFO     | __main__:solve:103 - Running command: mathsat /tmp/tmp7lneoxfc.smt2
2025-06-15 22:59:28.731 | INFO     | __main__:solve:103 - Running command: mathsat /tmp/tmptbhka8fw.smt2
2025-06-15 22:59:28.762 | INFO     | __main__:solve:103 - Running command: mathsat /tmp/tmp2sbkhnd2.smt2
2025-06-15 22:59:28.787 | INFO     | __main__:solve:103 - Running command: mathsat /tmp/tmp0rnja85m.smt2
2025-06-15 22:59:28.820 | INFO     | __main__:solve:103 - Running command: mathsat /tmp/tmp4ggqqbgc.smt2
2025-06-15 22:59:42.374 | INFO     | __main__:solve:103 - Running command: mathsat /tmp/tmp7ipndvlv.smt2
2025-06-15 22:59:42.400 | INFO     | __main__:solve:103 - Running command: mathsat /tmp/tmp4tl4gw32.smt2
2025-06-15 22:59:45.589 | INFO     | __main__:solve:103 - Running command: mathsat /tmp/tmp7wwo1vgb.smt2
2025-06-15 22:59:45.621 | INFO     | __main__:solve:103 - Running command: mathsat /tmp/tmp_z5ebo1b.smt2
2025-06-15 22:59:45.652 | INFO     | __main__:solve:103 - Running command: mathsat /tmp/tmpavzydm4q.smt2
2025-06-15 22:59:45.684 | INFO     | __main__:solve:103 - Running command: mathsat /tmp/tmpzm370smp.smt2
2025-06-15 22:59:45.725 | INFO     | __main__:solve:103 - Running command: mathsat /tmp/tmpf5qkcbt0.smt2
2025-06-15 22:59:45.760 | INFO     | __main__:solve:103 - Running command: mathsat /tmp/tmp_yjlk9st.smt2
2025-06-15 22:59:45.786 | INFO     | __main__:solve:103 - Running command: mathsat /tmp/tmpzacb0p_0.smt2
2025-06-15 22:59:45.928 | INFO     | __main__:solve:103 - Running command: mathsat /tmp/tmpxcg_4ddi.smt2
2025-06-15 22:59:46.024 | INFO     | __main__:solve:103 - Running command: mathsat /tmp/tmpavylft9v.smt2
2025-06-15 22:59:46.051 | INFO     | __main__:solve:103 - Running command: mathsat /tmp/tmpmpc96j94.smt2
2025-06-15 22:59:52.014 | INFO     | __main__:solve:103 - Running command: mathsat /tmp/tmpjzzj502l.smt2
2025-06-15 22:59:52.200 | INFO     | __main__:solve:103 - Running command: mathsat /tmp/tmpzsei_tcu.smt2
2025-06-15 23:00:14.103 | INFO     | __main__:solve:103 - Running command: mathsat /tmp/tmpak64md3z.smt2
2025-06-15 23:00:14.134 | INFO     | __main__:solve:103 - Running command: mathsat /tmp/tmpzwsnoohy.smt2
2025-06-15 23:00:14.173 | INFO     | __main__:solve:103 - Running command: mathsat /tmp/tmpwkg2zeoi.smt2
2025-06-15 23:00:14.199 | INFO     | __main__:solve:103 - Running command: mathsat /tmp/tmptfgonix7.smt2
2025-06-15 23:00:14.243 | INFO     | __main__:solve:103 - Running command: mathsat /tmp/tmp5eh28w7d.smt2
2025-06-15 23:00:14.299 | INFO     | __main__:solve:103 - Running command: mathsat /tmp/tmpt2n5htvd.smt2
2025-06-15 23:00:14.333 | INFO     | __main__:solve:103 - Running command: mathsat /tmp/tmpd66r9run.smt2
2025-06-15 23:00:14.368 | INFO     | __main__:solve:103 - Running command: mathsat /tmp/tmp_uyu4ryi.smt2
2025-06-15 23:00:14.409 | INFO     | __main__:solve:103 - Running command: mathsat /tmp/tmpw386bkkk.smt2
2025-06-15 23:00:14.457 | INFO     | __main__:solve:103 - Running command: mathsat /tmp/tmpbb3bp2my.smt2
2025-06-15 23:00:14.501 | INFO     | __main__:solve:103 - Running command: mathsat /tmp/tmpljxlvhea.smt2
2025-06-15 23:00:14.524 | INFO     | __main__:solve:103 - Running command: mathsat /tmp/tmpyv0hmjn8.smt2
2025-06-15 23:00:14.557 | INFO     | __main__:solve:103 - Running command: mathsat /tmp/tmptnfr5o_t.smt2
2025-06-15 23:16:55.887 | INFO     | __main__:solve:103 - Running command: mathsat /tmp/tmpro8kw55n.smt2
2025-06-15 23:16:56.019 | INFO     | __main__:solve:103 - Running command: mathsat /tmp/tmpy3ttfgkj.smt2
2025-06-15 23:16:56.054 | INFO     | __main__:solve:103 - Running command: mathsat /tmp/tmp7224nrty.smt2
2025-06-15 23:19:27.099 | INFO     | __main__:solve:103 - Running command: mathsat /tmp/tmpmu883b6z.smt2
2025-06-15 23:19:27.144 | INFO     | __main__:solve:103 - Running command: mathsat /tmp/tmpfgsx52l2.smt2
2025-06-15 23:19:29.208 | INFO     | __main__:solve:103 - Running command: mathsat /tmp/tmp0iq8hjxj.smt2
2025-06-15 23:19:29.253 | INFO     | __main__:solve:103 - Running command: mathsat /tmp/tmpktol29sg.smt2
2025-06-15 23:19:29.289 | INFO     | __main__:solve:103 - Running command: mathsat /tmp/tmpctammyik.smt2
2025-06-15 23:19:29.938 | INFO     | __main__:solve:103 - Running command: mathsat /tmp/tmp_y6jigvd.smt2
2025-06-15 23:19:29.998 | INFO     | __main__:solve:103 - Running command: mathsat /tmp/tmpu6ig_utk.smt2
2025-06-15 23:19:30.031 | INFO     | __main__:solve:103 - Running command: mathsat /tmp/tmpyyk8varf.smt2
2025-06-15 23:19:30.070 | INFO     | __main__:solve:103 - Running command: mathsat /tmp/tmp4zrernh1.smt2
2025-06-15 23:19:30.113 | INFO     | __main__:solve:103 - Running command: mathsat /tmp/tmpy8k0s4sb.smt2
2025-06-15 23:19:30.167 | INFO     | __main__:solve:103 - Running command: mathsat /tmp/tmpjmp4et73.smt2
2025-06-15 23:19:43.508 | INFO     | __main__:solve:103 - Running command: mathsat /tmp/tmpjy90l0o2.smt2
2025-06-15 23:19:47.165 | INFO     | __main__:solve:103 - Running command: mathsat /tmp/tmpxh2jniha.smt2
2025-06-15 23:19:53.321 | INFO     | __main__:solve:103 - Running command: mathsat /tmp/tmpo64y1624.smt2
2025-06-15 23:20:15.675 | INFO     | __main__:solve:103 - Running command: mathsat /tmp/tmp71xac0y4.smt2
2025-06-15 23:20:15.708 | INFO     | __main__:solve:103 - Running command: mathsat /tmp/tmpjwmy71lo.smt2
2025-06-15 23:20:15.738 | INFO     | __main__:solve:103 - Running command: mathsat /tmp/tmpgkq709ga.smt2
2025-06-15 23:20:15.784 | INFO     | __main__:solve:103 - Running command: mathsat /tmp/tmp90hpchn9.smt2
2025-06-15 23:20:15.819 | INFO     | __main__:solve:103 - Running command: mathsat /tmp/tmps32h3lc_.smt2
2025-06-15 23:20:15.916 | INFO     | __main__:solve:103 - Running command: mathsat /tmp/tmp7v54q51r.smt2
2025-06-15 23:20:15.950 | INFO     | __main__:solve:103 - Running command: mathsat /tmp/tmp7k9selpk.smt2
2025-06-15 23:20:16.498 | INFO     | __main__:solve:103 - Running command: mathsat /tmp/tmpsimg_b1u.smt2
2025-06-15 23:20:16.542 | INFO     | __main__:solve:103 - Running command: mathsat /tmp/tmpsacl5aa8.smt2
2025-06-15 23:20:16.586 | INFO     | __main__:solve:103 - Running command: mathsat /tmp/tmpzt8ewzii.smt2
2025-06-15 23:20:16.627 | INFO     | __main__:solve:103 - Running command: mathsat /tmp/tmpfqz73ilq.smt2
2025-06-15 23:20:16.647 | INFO     | __main__:solve:103 - Running command: mathsat /tmp/tmpb36i8tzp.smt2
2025-06-15 23:20:16.663 | INFO     | __main__:solve:103 - Running command: mathsat /tmp/tmpefw_sgs0.smt2
2025-06-15 23:20:16.677 | INFO     | __main__:solve:103 - Running command: mathsat /tmp/tmp_c1tuaok.smt2
2025-06-15 23:20:16.692 | INFO     | __main__:solve:103 - Running command: mathsat /tmp/tmp2pm8nxqx.smt2
2025-06-15 23:36:57.167 | INFO     | __main__:solve:103 - Running command: mathsat /tmp/tmp1ezjykne.smt2
2025-06-15 23:36:57.193 | INFO     | __main__:solve:103 - Running command: mathsat /tmp/tmpt_pwz9o7.smt2
2025-06-15 23:37:02.419 | INFO     | __main__:solve:103 - Running command: mathsat /tmp/tmp9ptrfox6.smt2
2025-06-15 23:37:02.425 | INFO     | __main__:solve:103 - Running command: mathsat /tmp/tmp5p1wa1lp.smt2
2025-06-15 23:37:02.450 | INFO     | __main__:solve:103 - Running command: mathsat /tmp/tmpt9_9wadp.smt2
2025-06-15 23:37:02.457 | INFO     | __main__:solve:103 - Running command: mathsat /tmp/tmpu24uhjoj.smt2
2025-06-15 23:37:19.761 | INFO     | __main__:solve:103 - Running command: mathsat /tmp/tmp_7h4ztk6.smt2
2025-06-15 23:37:19.767 | INFO     | __main__:solve:103 - Running command: mathsat /tmp/tmp811hbt6y.smt2
2025-06-15 23:37:19.792 | INFO     | __main__:solve:103 - Running command: mathsat /tmp/tmprnn7fpih.smt2
2025-06-15 23:37:19.823 | INFO     | __main__:solve:103 - Running command: mathsat /tmp/tmps0grh02i.smt2
2025-06-15 23:37:19.844 | INFO     | __main__:solve:103 - Running command: mathsat /tmp/tmpafc__vot.smt2
2025-06-15 23:37:19.893 | INFO     | __main__:solve:103 - Running command: mathsat /tmp/tmptcjmbjcx.smt2
2025-06-15 23:37:19.930 | INFO     | __main__:solve:103 - Running command: mathsat /tmp/tmpath4hmmb.smt2
2025-06-15 23:37:20.000 | INFO     | __main__:solve:103 - Running command: mathsat /tmp/tmpdq362x9h.smt2
2025-06-15 23:37:20.041 | INFO     | __main__:solve:103 - Running command: mathsat /tmp/tmp3raz7pla.smt2
2025-06-15 23:37:20.080 | INFO     | __main__:solve:103 - Running command: mathsat /tmp/tmpw5eji5w2.smt2
2025-06-15 23:39:28.255 | INFO     | __main__:solve:103 - Running command: mathsat /tmp/tmpfpiasrzq.smt2
2025-06-15 23:39:28.292 | INFO     | __main__:solve:103 - Running command: mathsat /tmp/tmpw0w287z_.smt2
2025-06-15 23:39:28.326 | INFO     | __main__:solve:103 - Running command: mathsat /tmp/tmpxcv2dk40.smt2
2025-06-15 23:39:28.349 | INFO     | __main__:solve:103 - Running command: mathsat /tmp/tmp2yyy_8ii.smt2
2025-06-15 23:39:28.383 | INFO     | __main__:solve:103 - Running command: mathsat /tmp/tmpqc5z2w7h.smt2
2025-06-15 23:39:28.414 | INFO     | __main__:solve:103 - Running command: mathsat /tmp/tmpy9rdznsd.smt2
2025-06-15 23:39:28.449 | INFO     | __main__:solve:103 - Running command: mathsat /tmp/tmpfa57tsum.smt2
2025-06-15 23:39:28.476 | INFO     | __main__:solve:103 - Running command: mathsat /tmp/tmp5eg_iq3h.smt2
2025-06-15 23:39:28.503 | INFO     | __main__:solve:103 - Running command: mathsat /tmp/tmpf2e1zx4_.smt2
2025-06-15 23:39:28.533 | INFO     | __main__:solve:103 - Running command: mathsat /tmp/tmpjrz7rlfw.smt2
2025-06-15 23:39:28.568 | INFO     | __main__:solve:103 - Running command: mathsat /tmp/tmp40bb6oqs.smt2
2025-06-15 23:39:28.631 | INFO     | __main__:solve:103 - Running command: mathsat /tmp/tmp4xq9varm.smt2
2025-06-15 23:39:28.676 | INFO     | __main__:solve:103 - Running command: mathsat /tmp/tmpr1vfdi9t.smt2
2025-06-15 23:39:28.720 | INFO     | __main__:solve:103 - Running command: mathsat /tmp/tmp1gey23op.smt2
2025-06-15 23:39:29.008 | INFO     | __main__:solve:103 - Running command: mathsat /tmp/tmplf6loakk.smt2
2025-06-15 23:39:29.046 | INFO     | __main__:solve:103 - Running command: mathsat /tmp/tmpsah2lty4.smt2
2025-06-15 23:39:29.080 | INFO     | __main__:solve:103 - Running command: mathsat /tmp/tmpvacaba6a.smt2
2025-06-15 23:39:29.125 | INFO     | __main__:solve:103 - Running command: mathsat /tmp/tmpcgdk0snm.smt2
2025-06-15 23:39:29.181 | INFO     | __main__:solve:103 - Running command: mathsat /tmp/tmpu2q7_6d3.smt2
2025-06-15 23:39:29.387 | INFO     | __main__:solve:103 - Running command: mathsat /tmp/tmprnwy22y5.smt2
2025-06-15 23:39:29.624 | INFO     | __main__:solve:103 - Running command: mathsat /tmp/tmpddu_t7uf.smt2
2025-06-15 23:39:29.809 | INFO     | __main__:solve:103 - Running command: mathsat /tmp/tmpm5kho15h.smt2
2025-06-15 23:39:30.056 | INFO     | __main__:solve:103 - Running command: mathsat /tmp/tmpmb3ycm1a.smt2
2025-06-15 23:39:30.223 | INFO     | __main__:solve:103 - Running command: mathsat /tmp/tmpjrjw9xch.smt2
2025-06-15 23:39:30.401 | INFO     | __main__:solve:103 - Running command: mathsat /tmp/tmpr8nc6_5l.smt2
2025-06-15 23:39:30.415 | INFO     | __main__:solve:103 - Running command: mathsat /tmp/tmp1duaovwb.smt2
2025-06-15 23:39:30.546 | INFO     | __main__:solve:103 - Running command: mathsat /tmp/tmpeq2dj30f.smt2
2025-06-15 23:39:30.612 | INFO     | __main__:solve:103 - Running command: mathsat /tmp/tmpqu958ii8.smt2
2025-06-15 23:39:30.745 | INFO     | __main__:solve:103 - Running command: mathsat /tmp/tmpk4rd1r62.smt2
2025-06-15 23:39:30.746 | INFO     | __main__:solve:103 - Running command: mathsat /tmp/tmprdq16icl.smt2
2025-06-15 23:39:30.940 | INFO     | __main__:solve:103 - Running command: mathsat /tmp/tmp8e770lsv.smt2
2025-06-15 23:39:31.275 | INFO     | __main__:solve:103 - Running command: mathsat /tmp/tmp0nhkkqbl.smt2
2025-06-15 23:39:31.448 | INFO     | __main__:solve:103 - Running command: mathsat /tmp/tmp1ubomsgo.smt2
2025-06-15 23:39:31.719 | INFO     | __main__:solve:103 - Running command: mathsat /tmp/tmplzavsvsr.smt2
2025-06-15 23:39:31.880 | INFO     | __main__:solve:103 - Running command: mathsat /tmp/tmp6cuoq8vv.smt2
2025-06-15 23:39:32.100 | INFO     | __main__:solve:103 - Running command: mathsat /tmp/tmpqgl759jz.smt2
2025-06-15 23:39:32.329 | INFO     | __main__:solve:103 - Running command: mathsat /tmp/tmp549l5kk_.smt2
2025-06-15 23:39:32.519 | INFO     | __main__:solve:103 - Running command: mathsat /tmp/tmphr1ymbbk.smt2
2025-06-15 23:39:32.742 | INFO     | __main__:solve:103 - Running command: mathsat /tmp/tmpw_nv008t.smt2
2025-06-15 23:39:32.997 | INFO     | __main__:solve:103 - Running command: mathsat /tmp/tmp11is4wmn.smt2
2025-06-15 23:39:33.184 | INFO     | __main__:solve:103 - Running command: mathsat /tmp/tmpv8_waqqz.smt2
2025-06-15 23:39:33.241 | INFO     | __main__:solve:103 - Running command: mathsat /tmp/tmprp4gqz5v.smt2
2025-06-15 23:39:33.390 | INFO     | __main__:solve:103 - Running command: mathsat /tmp/tmpbu09jzb2.smt2
2025-06-15 23:39:33.540 | INFO     | __main__:solve:103 - Running command: mathsat /tmp/tmp_zwd1pq7.smt2
2025-06-15 23:39:33.653 | INFO     | __main__:solve:103 - Running command: mathsat /tmp/tmp2ak3u_xi.smt2
2025-06-15 23:39:33.817 | INFO     | __main__:solve:103 - Running command: mathsat /tmp/tmps3a0pvvn.smt2
2025-06-15 23:39:33.895 | INFO     | __main__:solve:103 - Running command: mathsat /tmp/tmp4v9vcy_z.smt2
2025-06-15 23:39:34.074 | INFO     | __main__:solve:103 - Running command: mathsat /tmp/tmpn240omuy.smt2
2025-06-15 23:39:34.214 | INFO     | __main__:solve:103 - Running command: mathsat /tmp/tmp_pgezd2e.smt2
2025-06-15 23:39:34.282 | INFO     | __main__:solve:103 - Running command: mathsat /tmp/tmp1h804h4e.smt2
2025-06-15 23:39:34.521 | INFO     | __main__:solve:103 - Running command: mathsat /tmp/tmpj0_gqfz4.smt2
2025-06-15 23:39:34.737 | INFO     | __main__:solve:103 - Running command: mathsat /tmp/tmp1c3xvn76.smt2
2025-06-15 23:39:34.893 | INFO     | __main__:solve:103 - Running command: mathsat /tmp/tmpp5tyke6c.smt2
2025-06-15 23:39:35.081 | INFO     | __main__:solve:103 - Running command: mathsat /tmp/tmp229n9ed6.smt2
2025-06-15 23:39:35.304 | INFO     | __main__:solve:103 - Running command: mathsat /tmp/tmpat3w2wze.smt2
2025-06-15 23:39:35.450 | INFO     | __main__:solve:103 - Running command: mathsat /tmp/tmpoiz18e8c.smt2
2025-06-15 23:39:44.617 | INFO     | __main__:solve:103 - Running command: mathsat /tmp/tmp4shnvdl6.smt2
2025-06-15 23:39:48.283 | INFO     | __main__:solve:103 - Running command: mathsat /tmp/tmp8fjfv4bg.smt2
2025-06-15 23:39:48.452 | INFO     | __main__:solve:103 - Running command: mathsat /tmp/tmpumokt4uk.smt2
2025-06-15 23:39:48.574 | INFO     | __main__:solve:103 - Running command: mathsat /tmp/tmpkvhofffv.smt2
2025-06-15 23:39:54.436 | INFO     | __main__:solve:103 - Running command: mathsat /tmp/tmp1urfa_5z.smt2
2025-06-15 23:39:54.657 | INFO     | __main__:solve:103 - Running command: mathsat /tmp/tmp85a1k8f3.smt2
2025-06-15 23:40:17.812 | INFO     | __main__:solve:103 - Running command: mathsat /tmp/tmp7oh0p81q.smt2
2025-06-15 23:40:17.979 | INFO     | __main__:solve:103 - Running command: mathsat /tmp/tmp9sec3_p5.smt2
2025-06-15 23:40:18.146 | INFO     | __main__:solve:103 - Running command: mathsat /tmp/tmp5hoqyz9e.smt2
2025-06-15 23:40:18.289 | INFO     | __main__:solve:103 - Running command: mathsat /tmp/tmps3j1kzy5.smt2
2025-06-15 23:40:18.478 | INFO     | __main__:solve:103 - Running command: mathsat /tmp/tmpqfe3guti.smt2
2025-06-15 23:40:18.612 | INFO     | __main__:solve:103 - Running command: mathsat /tmp/tmp45xgs30t.smt2
2025-06-15 23:40:18.769 | INFO     | __main__:solve:103 - Running command: mathsat /tmp/tmpzle2rw6l.smt2
2025-06-15 23:40:18.983 | INFO     | __main__:solve:103 - Running command: mathsat /tmp/tmpynndrec8.smt2
2025-06-15 23:40:19.161 | INFO     | __main__:solve:103 - Running command: mathsat /tmp/tmpax02kpac.smt2
2025-06-15 23:40:19.373 | INFO     | __main__:solve:103 - Running command: mathsat /tmp/tmp41y4wp38.smt2
2025-06-15 23:40:19.551 | INFO     | __main__:solve:103 - Running command: mathsat /tmp/tmps17cslvj.smt2
2025-06-15 23:40:19.690 | INFO     | __main__:solve:103 - Running command: mathsat /tmp/tmp456jyxey.smt2
2025-06-15 23:40:19.865 | INFO     | __main__:solve:103 - Running command: mathsat /tmp/tmpf6hh5du_.smt2
2025-06-15 23:40:20.145 | INFO     | __main__:solve:103 - Running command: mathsat /tmp/tmpmvajktcw.smt2
2025-06-15 23:40:20.338 | INFO     | __main__:solve:103 - Running command: mathsat /tmp/tmphg_ykjlj.smt2
2025-06-15 23:40:20.499 | INFO     | __main__:solve:103 - Running command: mathsat /tmp/tmpyi4wr_bm.smt2
2025-06-15 23:40:20.516 | INFO     | __main__:solve:103 - Running command: mathsat /tmp/tmp50ws3n75.smt2
2025-06-15 23:40:20.531 | INFO     | __main__:solve:103 - Running command: mathsat /tmp/tmpf5dnhbh6.smt2
2025-06-15 23:40:20.550 | INFO     | __main__:solve:103 - Running command: mathsat /tmp/tmpsvh0dosd.smt2
2025-06-15 23:40:20.567 | INFO     | __main__:solve:103 - Running command: mathsat /tmp/tmpxns0vmt5.smt2
2025-06-15 23:40:20.583 | INFO     | __main__:solve:103 - Running command: mathsat /tmp/tmpyq0laou_.smt2
2025-06-15 23:40:20.600 | INFO     | __main__:solve:103 - Running command: mathsat /tmp/tmp35iezw7a.smt2
2025-06-15 23:40:20.616 | INFO     | __main__:solve:103 - Running command: mathsat /tmp/tmppl5txw93.smt2
2025-06-15 23:40:20.631 | INFO     | __main__:solve:103 - Running command: mathsat /tmp/tmpfhdsw0f9.smt2
2025-06-15 23:57:21.188 | INFO     | __main__:solve:103 - Running command: mathsat /tmp/tmp6t7kpwj3.smt2
2025-06-15 23:57:21.220 | INFO     | __main__:solve:103 - Running command: mathsat /tmp/tmpaze_le2z.smt2
2025-06-15 23:57:53.650 | INFO     | __main__:solve:103 - Running command: mathsat /tmp/tmptty2ex06.smt2
2025-06-15 23:59:07.995 | INFO     | __main__:solve:103 - Running command: mathsat /tmp/tmpfyxjt4td.smt2
2025-06-15 23:59:08.030 | INFO     | __main__:solve:103 - Running command: mathsat /tmp/tmp8zgnlnsa.smt2
2025-06-15 23:59:08.071 | INFO     | __main__:solve:103 - Running command: mathsat /tmp/tmp76zpgz8e.smt2
2025-06-15 23:59:08.110 | INFO     | __main__:solve:103 - Running command: mathsat /tmp/tmpe2230e0x.smt2
2025-06-15 23:59:08.145 | INFO     | __main__:solve:103 - Running command: mathsat /tmp/tmpls2pkbxv.smt2
2025-06-15 23:59:08.176 | INFO     | __main__:solve:103 - Running command: mathsat /tmp/tmpjblnz_fc.smt2
2025-06-15 23:59:08.208 | INFO     | __main__:solve:103 - Running command: mathsat /tmp/tmpqnpnkefm.smt2
2025-06-15 23:59:08.238 | INFO     | __main__:solve:103 - Running command: mathsat /tmp/tmp2ho14gsy.smt2
2025-06-15 23:59:08.507 | INFO     | __main__:solve:103 - Running command: mathsat /tmp/tmpq0cf70up.smt2
2025-06-15 23:59:08.532 | INFO     | __main__:solve:103 - Running command: mathsat /tmp/tmp5cfoz3st.smt2
2025-06-15 23:59:08.566 | INFO     | __main__:solve:103 - Running command: mathsat /tmp/tmpv16bnfyb.smt2
2025-06-15 23:59:08.607 | INFO     | __main__:solve:103 - Running command: mathsat /tmp/tmphul3utck.smt2
2025-06-15 23:59:08.639 | INFO     | __main__:solve:103 - Running command: mathsat /tmp/tmp_pnyk1r2.smt2
2025-06-15 23:59:09.033 | INFO     | __main__:solve:103 - Running command: mathsat /tmp/tmpmqawe8p_.smt2
2025-06-15 23:59:09.057 | INFO     | __main__:solve:103 - Running command: mathsat /tmp/tmp28kv5y3m.smt2
2025-06-15 23:59:31.867 | INFO     | __main__:solve:103 - Running command: mathsat /tmp/tmp7v5mxnpq.smt2
2025-06-15 23:59:31.901 | INFO     | __main__:solve:103 - Running command: mathsat /tmp/tmpj_phhlka.smt2
2025-06-15 23:59:32.073 | INFO     | __main__:solve:103 - Running command: mathsat /tmp/tmp7i_3m8zd.smt2
2025-06-15 23:59:32.101 | INFO     | __main__:solve:103 - Running command: mathsat /tmp/tmpvp6zhyhq.smt2
2025-06-15 23:59:32.133 | INFO     | __main__:solve:103 - Running command: mathsat /tmp/tmpbm7unelh.smt2
2025-06-15 23:59:32.173 | INFO     | __main__:solve:103 - Running command: mathsat /tmp/tmpy15o4f9e.smt2
2025-06-15 23:59:32.205 | INFO     | __main__:solve:103 - Running command: mathsat /tmp/tmpaxil0s7v.smt2
2025-06-15 23:59:32.232 | INFO     | __main__:solve:103 - Running command: mathsat /tmp/tmpcszscoc9.smt2
2025-06-15 23:59:32.242 | INFO     | __main__:solve:103 - Running command: mathsat /tmp/tmp_oxoj79m.smt2
2025-06-15 23:59:36.570 | INFO     | __main__:solve:103 - Running command: mathsat /tmp/tmp7epz83aq.smt2
2025-06-15 23:59:37.223 | INFO     | __main__:solve:103 - Running command: mathsat /tmp/tmpydfpqqt9.smt2
2025-06-15 23:59:37.241 | INFO     | __main__:solve:103 - Running command: mathsat /tmp/tmp8g17_exf.smt2
2025-06-15 23:59:37.253 | INFO     | __main__:solve:103 - Running command: mathsat /tmp/tmpbjgq3kab.smt2
2025-06-15 23:59:37.273 | INFO     | __main__:solve:103 - Running command: mathsat /tmp/tmpxwnakm05.smt2
2025-06-15 23:59:45.756 | INFO     | __main__:solve:103 - Running command: mathsat /tmp/tmp5mxs0adn.smt2
2025-06-15 23:59:49.700 | INFO     | __main__:solve:103 - Running command: mathsat /tmp/tmp63_i4oti.smt2
2025-06-15 23:59:55.780 | INFO     | __main__:solve:103 - Running command: mathsat /tmp/tmpzvwsvmdy.smt2
2025-06-15 23:59:55.794 | INFO     | __main__:solve:103 - Running command: mathsat /tmp/tmpeej62zgp.smt2
2025-06-15 23:59:55.825 | INFO     | __main__:solve:103 - Running command: mathsat /tmp/tmpxdtwb3p6.smt2
2025-06-15 23:59:55.828 | INFO     | __main__:solve:103 - Running command: mathsat /tmp/tmpshkuhe4s.smt2
2025-06-15 23:59:55.831 | INFO     | __main__:solve:103 - Running command: mathsat /tmp/tmp_dg9bzob.smt2
2025-06-15 23:59:55.844 | INFO     | __main__:solve:103 - Running command: mathsat /tmp/tmpm4efdrpc.smt2
2025-06-15 23:59:55.847 | INFO     | __main__:solve:103 - Running command: mathsat /tmp/tmpw1bp2hbn.smt2
2025-06-15 23:59:55.850 | INFO     | __main__:solve:103 - Running command: mathsat /tmp/tmp4a7modss.smt2
2025-06-15 23:59:55.853 | INFO     | __main__:solve:103 - Running command: mathsat /tmp/tmppb0tr66f.smt2
2025-06-15 23:59:55.856 | INFO     | __main__:solve:103 - Running command: mathsat /tmp/tmpztxtqpya.smt2
2025-06-15 23:59:55.859 | INFO     | __main__:solve:103 - Running command: mathsat /tmp/tmpzj1x2pqa.smt2
2025-06-15 23:59:55.872 | INFO     | __main__:solve:103 - Running command: mathsat /tmp/tmpxrdvgr7i.smt2
2025-06-15 23:59:55.874 | INFO     | __main__:solve:103 - Running command: mathsat /tmp/tmppla11xma.smt2
2025-06-15 23:59:55.877 | INFO     | __main__:solve:103 - Running command: mathsat /tmp/tmp_66q53o8.smt2
2025-06-15 23:59:55.881 | INFO     | __main__:solve:103 - Running command: mathsat /tmp/tmp_v3wjd26.smt2
2025-06-15 23:59:55.884 | INFO     | __main__:solve:103 - Running command: mathsat /tmp/tmpw3gl20j9.smt2
2025-06-15 23:59:55.887 | INFO     | __main__:solve:103 - Running command: mathsat /tmp/tmp7x00ufr0.smt2
2025-06-15 23:59:55.889 | INFO     | __main__:solve:103 - Running command: mathsat /tmp/tmp0iixxj9t.smt2
2025-06-15 23:59:55.892 | INFO     | __main__:solve:103 - Running command: mathsat /tmp/tmpzatugagg.smt2
2025-06-15 23:59:55.896 | INFO     | __main__:solve:103 - Running command: mathsat /tmp/tmpxa60hpfg.smt2
2025-06-15 23:59:55.899 | INFO     | __main__:solve:103 - Running command: mathsat /tmp/tmp_rg9zzg9.smt2
2025-06-15 23:59:55.911 | INFO     | __main__:solve:103 - Running command: mathsat /tmp/tmpforjsmdd.smt2
2025-06-15 23:59:55.914 | INFO     | __main__:solve:103 - Running command: mathsat /tmp/tmp_drq2pg7.smt2
2025-06-15 23:59:55.918 | INFO     | __main__:solve:103 - Running command: mathsat /tmp/tmp_nfny8by.smt2
2025-06-15 23:59:55.930 | INFO     | __main__:solve:103 - Running command: mathsat /tmp/tmpckt3ygau.smt2
2025-06-15 23:59:55.933 | INFO     | __main__:solve:103 - Running command: mathsat /tmp/tmpw04lgfsc.smt2
2025-06-15 23:59:55.945 | INFO     | __main__:solve:103 - Running command: mathsat /tmp/tmphaluse07.smt2
2025-06-15 23:59:55.949 | INFO     | __main__:solve:103 - Running command: mathsat /tmp/tmpe7dflz_7.smt2
2025-06-15 23:59:55.953 | INFO     | __main__:solve:103 - Running command: mathsat /tmp/tmpvso2ctnv.smt2
2025-06-15 23:59:55.956 | INFO     | __main__:solve:103 - Running command: mathsat /tmp/tmp_jzt1omb.smt2
2025-06-15 23:59:55.959 | INFO     | __main__:solve:103 - Running command: mathsat /tmp/tmpxbz2zedr.smt2
2025-06-15 23:59:55.962 | INFO     | __main__:solve:103 - Running command: mathsat /tmp/tmprtdjez7o.smt2
2025-06-15 23:59:55.965 | INFO     | __main__:solve:103 - Running command: mathsat /tmp/tmpldp4s_o5.smt2
2025-06-15 23:59:55.977 | INFO     | __main__:solve:103 - Running command: mathsat /tmp/tmpfr5pn8z_.smt2
2025-06-15 23:59:56.004 | INFO     | __main__:solve:103 - Running command: mathsat /tmp/tmp0nxoa0_a.smt2
2025-06-15 23:59:56.210 | INFO     | __main__:solve:103 - Running command: mathsat /tmp/tmppzy5waii.smt2
2025-06-15 23:59:56.237 | INFO     | __main__:solve:103 - Running command: mathsat /tmp/tmpsair83ai.smt2
2025-06-15 23:59:56.278 | INFO     | __main__:solve:103 - Running command: mathsat /tmp/tmpcw2kjq5s.smt2
2025-06-15 23:59:56.304 | INFO     | __main__:solve:103 - Running command: mathsat /tmp/tmp418jnmkd.smt2
2025-06-15 23:59:56.329 | INFO     | __main__:solve:103 - Running command: mathsat /tmp/tmpb842haq_.smt2
2025-06-15 23:59:56.341 | INFO     | __main__:solve:103 - Running command: mathsat /tmp/tmpbxybd4x2.smt2
2025-06-15 23:59:56.351 | INFO     | __main__:solve:103 - Running command: mathsat /tmp/tmpg5ejfpi3.smt2
2025-06-15 23:59:56.357 | INFO     | __main__:solve:103 - Running command: mathsat /tmp/tmpxjumdl8a.smt2
2025-06-15 23:59:56.377 | INFO     | __main__:solve:103 - Running command: mathsat /tmp/tmpk3c39rrz.smt2
2025-06-15 23:59:56.390 | INFO     | __main__:solve:103 - Running command: mathsat /tmp/tmplqv1y_uf.smt2
2025-06-15 23:59:56.403 | INFO     | __main__:solve:103 - Running command: mathsat /tmp/tmp3vufquqj.smt2
2025-06-15 23:59:56.419 | INFO     | __main__:solve:103 - Running command: mathsat /tmp/tmp4lldqj11.smt2
2025-06-15 23:59:56.438 | INFO     | __main__:solve:103 - Running command: mathsat /tmp/tmpjir3iwtt.smt2
2025-06-15 23:59:56.453 | INFO     | __main__:solve:103 - Running command: mathsat /tmp/tmpchru3ma6.smt2
2025-06-15 23:59:56.470 | INFO     | __main__:solve:103 - Running command: mathsat /tmp/tmpyq86mhk0.smt2
2025-06-15 23:59:56.488 | INFO     | __main__:solve:103 - Running command: mathsat /tmp/tmpqni7nt3y.smt2
2025-06-15 23:59:56.503 | INFO     | __main__:solve:103 - Running command: mathsat /tmp/tmpees9u79r.smt2
2025-06-15 23:59:56.522 | INFO     | __main__:solve:103 - Running command: mathsat /tmp/tmph8be9rfl.smt2
2025-06-15 23:59:56.538 | INFO     | __main__:solve:103 - Running command: mathsat /tmp/tmpgnufz1j0.smt2
2025-06-15 23:59:56.588 | INFO     | __main__:solve:103 - Running command: mathsat /tmp/tmp0z6zawmw.smt2
2025-06-15 23:59:56.656 | INFO     | __main__:solve:103 - Running command: mathsat /tmp/tmprx0i_c3b.smt2
2025-06-15 23:59:56.671 | INFO     | __main__:solve:103 - Running command: mathsat /tmp/tmpkfgbya7d.smt2
2025-06-15 23:59:56.677 | INFO     | __main__:solve:103 - Running command: mathsat /tmp/tmpcix4cido.smt2
2025-06-15 23:59:56.683 | INFO     | __main__:solve:103 - Running command: mathsat /tmp/tmpsbowii83.smt2
2025-06-15 23:59:56.688 | INFO     | __main__:solve:103 - Running command: mathsat /tmp/tmp_hj1_tyl.smt2
2025-06-15 23:59:56.694 | INFO     | __main__:solve:103 - Running command: mathsat /tmp/tmpc4_c7udx.smt2
2025-06-15 23:59:56.709 | INFO     | __main__:solve:103 - Running command: mathsat /tmp/tmpme1eb6mw.smt2
2025-06-15 23:59:56.725 | INFO     | __main__:solve:103 - Running command: mathsat /tmp/tmp9zgguj9v.smt2
2025-06-15 23:59:56.747 | INFO     | __main__:solve:103 - Running command: mathsat /tmp/tmprir82laf.smt2
2025-06-15 23:59:56.761 | INFO     | __main__:solve:103 - Running command: mathsat /tmp/tmpmdbim4ml.smt2
2025-06-15 23:59:56.777 | INFO     | __main__:solve:103 - Running command: mathsat /tmp/tmpanf0yed_.smt2
2025-06-15 23:59:56.806 | INFO     | __main__:solve:103 - Running command: mathsat /tmp/tmp1_g3d2de.smt2
2025-06-15 23:59:56.819 | INFO     | __main__:solve:103 - Running command: mathsat /tmp/tmpj843dg7r.smt2
2025-06-15 23:59:56.824 | INFO     | __main__:solve:103 - Running command: mathsat /tmp/tmp9r_7a_wi.smt2
2025-06-15 23:59:56.840 | INFO     | __main__:solve:103 - Running command: mathsat /tmp/tmpwmvb4s_y.smt2
2025-06-15 23:59:56.846 | INFO     | __main__:solve:103 - Running command: mathsat /tmp/tmp0mcafmk2.smt2
2025-06-15 23:59:56.872 | INFO     | __main__:solve:103 - Running command: mathsat /tmp/tmp8yqo3qdr.smt2
2025-06-15 23:59:56.887 | INFO     | __main__:solve:103 - Running command: mathsat /tmp/tmpoikg541p.smt2
2025-06-15 23:59:56.903 | INFO     | __main__:solve:103 - Running command: mathsat /tmp/tmphc7z_jbo.smt2
2025-06-15 23:59:56.908 | INFO     | __main__:solve:103 - Running command: mathsat /tmp/tmppcifuyzl.smt2
2025-06-15 23:59:56.913 | INFO     | __main__:solve:103 - Running command: mathsat /tmp/tmpsx4eh6_4.smt2
2025-06-15 23:59:56.927 | INFO     | __main__:solve:103 - Running command: mathsat /tmp/tmp0e4hl5dm.smt2
2025-06-15 23:59:56.943 | INFO     | __main__:solve:103 - Running command: mathsat /tmp/tmpguyf6kvs.smt2
2025-06-15 23:59:56.948 | INFO     | __main__:solve:103 - Running command: mathsat /tmp/tmp7lu9znlu.smt2
2025-06-15 23:59:56.974 | INFO     | __main__:solve:103 - Running command: mathsat /tmp/tmppv1va9fc.smt2
2025-06-15 23:59:57.000 | INFO     | __main__:solve:103 - Running command: mathsat /tmp/tmph1y0c9cp.smt2
2025-06-15 23:59:57.025 | INFO     | __main__:solve:103 - Running command: mathsat /tmp/tmp7nlyxc2f.smt2
2025-06-15 23:59:57.030 | INFO     | __main__:solve:103 - Running command: mathsat /tmp/tmpoarorjth.smt2
2025-06-15 23:59:57.043 | INFO     | __main__:solve:103 - Running command: mathsat /tmp/tmpfa_qvqjr.smt2
2025-06-15 23:59:57.059 | INFO     | __main__:solve:103 - Running command: mathsat /tmp/tmpqb6bzkne.smt2
2025-06-15 23:59:57.082 | INFO     | __main__:solve:103 - Running command: mathsat /tmp/tmpm4sxhx6s.smt2
2025-06-15 23:59:57.086 | INFO     | __main__:solve:103 - Running command: mathsat /tmp/tmpwdjyeqmk.smt2
2025-06-15 23:59:57.108 | INFO     | __main__:solve:103 - Running command: mathsat /tmp/tmpuoyveab0.smt2
2025-06-15 23:59:57.126 | INFO     | __main__:solve:103 - Running command: mathsat /tmp/tmpo24lo03a.smt2
2025-06-15 23:59:57.144 | INFO     | __main__:solve:103 - Running command: mathsat /tmp/tmp0tcup2cb.smt2
2025-06-15 23:59:57.160 | INFO     | __main__:solve:103 - Running command: mathsat /tmp/tmpbj71oq58.smt2
2025-06-15 23:59:57.176 | INFO     | __main__:solve:103 - Running command: mathsat /tmp/tmpclwfwdxe.smt2
2025-06-15 23:59:57.193 | INFO     | __main__:solve:103 - Running command: mathsat /tmp/tmp8wtmcjhd.smt2
2025-06-15 23:59:57.210 | INFO     | __main__:solve:103 - Running command: mathsat /tmp/tmpswd95v_c.smt2
2025-06-15 23:59:57.458 | INFO     | __main__:solve:103 - Running command: mathsat /tmp/tmpqpb6upb7.smt2
2025-06-15 23:59:57.464 | INFO     | __main__:solve:103 - Running command: mathsat /tmp/tmpgt6m5bkc.smt2
2025-06-15 23:59:57.490 | INFO     | __main__:solve:103 - Running command: mathsat /tmp/tmpumxwo6fk.smt2
2025-06-15 23:59:57.517 | INFO     | __main__:solve:103 - Running command: mathsat /tmp/tmptls089k1.smt2
2025-06-15 23:59:57.527 | INFO     | __main__:solve:103 - Running command: mathsat /tmp/tmp5bvz3b4h.smt2
2025-06-15 23:59:57.531 | INFO     | __main__:solve:103 - Running command: mathsat /tmp/tmpqwdplmog.smt2
2025-06-15 23:59:57.541 | INFO     | __main__:solve:103 - Running command: mathsat /tmp/tmpw6qiib63.smt2
2025-06-15 23:59:58.628 | INFO     | __main__:solve:103 - Running command: mathsat /tmp/tmpdwe9ktm7.smt2
2025-06-16 00:00:00.059 | INFO     | __main__:solve:103 - Running command: mathsat /tmp/tmpncs_05tw.smt2
2025-06-16 00:00:00.090 | INFO     | __main__:solve:103 - Running command: mathsat /tmp/tmp9_yofv_8.smt2
2025-06-16 00:00:06.034 | INFO     | __main__:solve:103 - Running command: mathsat /tmp/tmpuxtkcqi1.smt2
2025-06-16 00:00:06.319 | INFO     | __main__:solve:103 - Running command: mathsat /tmp/tmpo8jp8l5b.smt2
2025-06-16 00:00:06.347 | INFO     | __main__:solve:103 - Running command: mathsat /tmp/tmprc3l37_6.smt2
2025-06-16 00:00:06.362 | INFO     | __main__:solve:103 - Running command: mathsat /tmp/tmprwd5kn_t.smt2
2025-06-16 00:00:08.246 | INFO     | __main__:solve:103 - Running command: mathsat /tmp/tmpttch2i3y.smt2
2025-06-16 00:00:08.287 | INFO     | __main__:solve:103 - Running command: mathsat /tmp/tmpg2jyap8t.smt2
2025-06-16 00:00:08.431 | INFO     | __main__:solve:103 - Running command: mathsat /tmp/tmplhq74r9f.smt2
2025-06-16 00:00:21.742 | INFO     | __main__:solve:103 - Running command: mathsat /tmp/tmpg6k4kfs2.smt2
2025-06-16 00:00:21.756 | INFO     | __main__:solve:103 - Running command: mathsat /tmp/tmpqf3s5fli.smt2
2025-06-16 00:00:21.763 | INFO     | __main__:solve:103 - Running command: mathsat /tmp/tmpww5wlob0.smt2
2025-06-16 00:00:22.749 | INFO     | __main__:solve:103 - Running command: mathsat /tmp/tmpgoy7az5r.smt2
2025-06-16 00:00:22.777 | INFO     | __main__:solve:103 - Running command: mathsat /tmp/tmpwuwv4zb1.smt2
2025-06-16 00:00:22.788 | INFO     | __main__:solve:103 - Running command: mathsat /tmp/tmp93m3qa09.smt2
2025-06-16 00:00:23.550 | INFO     | __main__:solve:103 - Running command: mathsat /tmp/tmp619lirly.smt2
2025-06-16 00:00:23.556 | INFO     | __main__:solve:103 - Running command: mathsat /tmp/tmpcqkj1re1.smt2
2025-06-16 00:00:23.850 | INFO     | __main__:solve:103 - Running command: mathsat /tmp/tmpbedbzpsb.smt2
2025-06-16 00:00:23.879 | INFO     | __main__:solve:103 - Running command: mathsat /tmp/tmpn17jy2xu.smt2
2025-06-16 00:00:24.656 | INFO     | __main__:solve:103 - Running command: mathsat /tmp/tmppqndg0_8.smt2
2025-06-16 00:00:24.682 | INFO     | __main__:solve:103 - Running command: mathsat /tmp/tmpxgld67zk.smt2
2025-06-16 00:00:24.888 | INFO     | __main__:solve:103 - Running command: mathsat /tmp/tmpej9mqw6f.smt2
2025-06-16 00:00:24.927 | INFO     | __main__:solve:103 - Running command: mathsat /tmp/tmpd1ise4wn.smt2
2025-06-16 00:00:25.836 | INFO     | __main__:solve:103 - Running command: mathsat /tmp/tmp1c0jek8j.smt2
2025-06-16 00:00:26.586 | INFO     | __main__:solve:103 - Running command: mathsat /tmp/tmp_qc86qp8.smt2
2025-06-16 00:00:26.612 | INFO     | __main__:solve:103 - Running command: mathsat /tmp/tmpfgo213k1.smt2
2025-06-16 00:00:26.918 | INFO     | __main__:solve:103 - Running command: mathsat /tmp/tmpil7qe_oj.smt2
2025-06-16 00:00:26.930 | INFO     | __main__:solve:103 - Running command: mathsat /tmp/tmpb7mq52rg.smt2
2025-06-16 00:00:29.083 | INFO     | __main__:solve:103 - Running command: mathsat /tmp/tmpmz9bzbpg.smt2
2025-06-16 00:00:49.501 | INFO     | __main__:solve:103 - Running command: mathsat /tmp/tmp9u025205.smt2
2025-06-16 00:00:52.729 | INFO     | __main__:solve:103 - Running command: mathsat /tmp/tmpdfw8x3z8.smt2
2025-06-16 00:00:52.738 | INFO     | __main__:solve:103 - Running command: mathsat /tmp/tmpwj2wqdqd.smt2
2025-06-16 00:00:54.016 | INFO     | __main__:solve:103 - Running command: mathsat /tmp/tmpe6qsjz9l.smt2
2025-06-16 00:00:54.197 | INFO     | __main__:solve:103 - Running command: mathsat /tmp/tmpz8i7oz09.smt2
2025-06-16 00:00:54.205 | INFO     | __main__:solve:103 - Running command: mathsat /tmp/tmpeg97kr7q.smt2
2025-06-16 00:00:54.417 | INFO     | __main__:solve:103 - Running command: mathsat /tmp/tmpeqm74miw.smt2
2025-06-16 00:00:54.422 | INFO     | __main__:solve:103 - Running command: mathsat /tmp/tmp7qk1687u.smt2
2025-06-16 00:00:54.663 | INFO     | __main__:solve:103 - Running command: mathsat /tmp/tmpc1ac0pi8.smt2
2025-06-16 00:00:54.672 | INFO     | __main__:solve:103 - Running command: mathsat /tmp/tmpnd47qxv0.smt2
2025-06-16 00:00:56.774 | INFO     | __main__:solve:103 - Running command: mathsat /tmp/tmpukskgfpd.smt2
2025-06-16 00:00:56.896 | INFO     | __main__:solve:103 - Running command: mathsat /tmp/tmp5yc41qr_.smt2
2025-06-16 00:00:56.903 | INFO     | __main__:solve:103 - Running command: mathsat /tmp/tmpr5jiq2ht.smt2
2025-06-16 00:00:57.074 | INFO     | __main__:solve:103 - Running command: mathsat /tmp/tmpznkrz4d4.smt2
2025-06-16 00:00:57.120 | INFO     | __main__:solve:103 - Running command: mathsat /tmp/tmp2i11w9gn.smt2
2025-06-16 00:00:57.170 | INFO     | __main__:solve:103 - Running command: mathsat /tmp/tmps8v6kgh6.smt2
2025-06-16 00:00:57.177 | INFO     | __main__:solve:103 - Running command: mathsat /tmp/tmpj7qkdb8a.smt2
2025-06-16 00:00:57.222 | INFO     | __main__:solve:103 - Running command: mathsat /tmp/tmpvsd03vuh.smt2
2025-06-16 00:00:57.240 | INFO     | __main__:solve:103 - Running command: mathsat /tmp/tmpf989v87h.smt2
2025-06-16 00:00:58.143 | INFO     | __main__:solve:103 - Running command: mathsat /tmp/tmp7xdo86w9.smt2
2025-06-16 00:00:58.176 | INFO     | __main__:solve:103 - Running command: mathsat /tmp/tmpew_w9plu.smt2
2025-06-16 00:00:58.218 | INFO     | __main__:solve:103 - Running command: mathsat /tmp/tmpxihvowe4.smt2
2025-06-16 00:00:58.970 | INFO     | __main__:solve:103 - Running command: mathsat /tmp/tmprel9khef.smt2
2025-06-16 00:00:58.980 | INFO     | __main__:solve:103 - Running command: mathsat /tmp/tmph0ignn__.smt2
2025-06-16 00:01:00.862 | INFO     | __main__:solve:103 - Running command: mathsat /tmp/tmpwqref9v5.smt2
2025-06-16 00:01:00.909 | INFO     | __main__:solve:103 - Running command: mathsat /tmp/tmp6cbu100v.smt2
2025-06-16 00:01:00.956 | INFO     | __main__:solve:103 - Running command: mathsat /tmp/tmp_5gv5d9z.smt2
2025-06-16 00:01:04.516 | INFO     | __main__:solve:103 - Running command: mathsat /tmp/tmp5tt9o_jg.smt2
2025-06-16 00:01:04.525 | INFO     | __main__:solve:103 - Running command: mathsat /tmp/tmpfor1ukho.smt2
2025-06-16 00:01:04.550 | INFO     | __main__:solve:103 - Running command: mathsat /tmp/tmp5t2f17uv.smt2
2025-06-16 00:01:11.009 | INFO     | __main__:solve:103 - Running command: mathsat /tmp/tmplggzw5ph.smt2
2025-06-16 00:01:11.044 | INFO     | __main__:solve:103 - Running command: mathsat /tmp/tmpjmc0sx_l.smt2
2025-06-16 00:01:11.054 | INFO     | __main__:solve:103 - Running command: mathsat /tmp/tmpeana962n.smt2
2025-06-16 00:02:00.760 | INFO     | __main__:solve:103 - Running command: mathsat /tmp/tmpdpghlbmc.smt2
2025-06-16 00:02:01.057 | INFO     | __main__:solve:103 - Running command: mathsat /tmp/tmpzg8waanr.smt2
2025-06-16 00:02:01.084 | INFO     | __main__:solve:103 - Running command: mathsat /tmp/tmpsjcw7b2b.smt2
2025-06-16 00:02:36.381 | INFO     | __main__:solve:103 - Running command: mathsat /tmp/tmpznrxkrvh.smt2
2025-06-16 00:02:58.993 | INFO     | __main__:solve:103 - Running command: mathsat /tmp/tmpkjtqyw6p.smt2
2025-06-16 00:04:32.229 | INFO     | __main__:solve:103 - Running command: mathsat /tmp/tmptzdijkm3.smt2
2025-06-16 00:04:32.236 | INFO     | __main__:solve:103 - Running command: mathsat /tmp/tmpz8tbdfot.smt2
2025-06-16 00:04:32.513 | INFO     | __main__:solve:103 - Running command: mathsat /tmp/tmpv8gfewic.smt2
2025-06-16 00:04:32.539 | INFO     | __main__:solve:103 - Running command: mathsat /tmp/tmpr5v391mu.smt2
2025-06-16 00:04:32.596 | INFO     | __main__:solve:103 - Running command: mathsat /tmp/tmp4h_wzois.smt2
2025-06-16 00:04:32.606 | INFO     | __main__:solve:103 - Running command: mathsat /tmp/tmp_8wkmacz.smt2
2025-06-16 00:04:32.615 | INFO     | __main__:solve:103 - Running command: mathsat /tmp/tmpnfm7n3mm.smt2
2025-06-16 00:04:33.166 | INFO     | __main__:solve:103 - Running command: mathsat /tmp/tmpq313si7x.smt2
2025-06-16 00:13:16.733 | INFO     | __main__:solve:103 - Running command: mathsat /tmp/tmp6umak952.smt2
2025-06-16 00:13:16.743 | INFO     | __main__:solve:103 - Running command: mathsat /tmp/tmp4s5np5vo.smt2
2025-06-16 00:13:16.924 | INFO     | __main__:solve:103 - Running command: mathsat /tmp/tmpeh6ft7w2.smt2
2025-06-16 00:13:16.950 | INFO     | __main__:solve:103 - Running command: mathsat /tmp/tmp6t6oqor6.smt2
2025-06-16 00:13:16.965 | INFO     | __main__:solve:103 - Running command: mathsat /tmp/tmp8hx01pof.smt2
2025-06-16 00:13:16.972 | INFO     | __main__:solve:103 - Running command: mathsat /tmp/tmp6a7z5rr7.smt2
2025-06-16 00:13:52.454 | INFO     | __main__:solve:103 - Running command: mathsat /tmp/tmpyorvhpov.smt2
2025-06-16 00:13:52.464 | INFO     | __main__:solve:103 - Running command: mathsat /tmp/tmp0no3irf1.smt2
2025-06-16 00:13:52.470 | INFO     | __main__:solve:103 - Running command: mathsat /tmp/tmp3vl6ibrd.smt2
2025-06-16 00:13:52.730 | INFO     | __main__:solve:103 - Running command: mathsat /tmp/tmpbz0wd_vi.smt2
2025-06-16 00:13:52.892 | INFO     | __main__:solve:103 - Running command: mathsat /tmp/tmpsldkuvl2.smt2
2025-06-16 00:13:52.898 | INFO     | __main__:solve:103 - Running command: mathsat /tmp/tmpauif67ix.smt2
2025-06-16 00:13:52.923 | INFO     | __main__:solve:103 - Running command: mathsat /tmp/tmpu_p7tsdf.smt2
2025-06-16 00:13:52.929 | INFO     | __main__:solve:103 - Running command: mathsat /tmp/tmpfboy4wo6.smt2
2025-06-16 00:13:52.956 | INFO     | __main__:solve:103 - Running command: mathsat /tmp/tmpv5f4dy74.smt2
2025-06-16 00:13:52.976 | INFO     | __main__:solve:103 - Running command: mathsat /tmp/tmpn0d8ray1.smt2
2025-06-16 00:13:52.982 | INFO     | __main__:solve:103 - Running command: mathsat /tmp/tmp0eoiovag.smt2
2025-06-16 00:13:52.998 | INFO     | __main__:solve:103 - Running command: mathsat /tmp/tmp88uo6_0s.smt2
2025-06-16 00:13:53.008 | INFO     | __main__:solve:103 - Running command: mathsat /tmp/tmp_7vij0gz.smt2
2025-06-16 00:13:53.758 | INFO     | __main__:solve:103 - Running command: mathsat /tmp/tmpgveb_ift.smt2
2025-06-16 00:13:53.766 | INFO     | __main__:solve:103 - Running command: mathsat /tmp/tmpyzdh_xjg.smt2
2025-06-16 00:13:53.774 | INFO     | __main__:solve:103 - Running command: mathsat /tmp/tmp1z4oesvy.smt2
2025-06-16 00:13:54.256 | INFO     | __main__:solve:103 - Running command: mathsat /tmp/tmpebguoy0p.smt2
2025-06-16 00:13:54.264 | INFO     | __main__:solve:103 - Running command: mathsat /tmp/tmpdbftdc36.smt2
2025-06-16 00:13:54.274 | INFO     | __main__:solve:103 - Running command: mathsat /tmp/tmp92z1v3rn.smt2
2025-06-16 00:13:54.517 | INFO     | __main__:solve:103 - Running command: mathsat /tmp/tmp3_h957ok.smt2
2025-06-16 00:13:56.792 | INFO     | __main__:solve:103 - Running command: mathsat /tmp/tmpvwn9wo7u.smt2
2025-06-16 00:13:56.811 | INFO     | __main__:solve:103 - Running command: mathsat /tmp/tmp5gucy__g.smt2
2025-06-16 00:19:10.168 | INFO     | __main__:solve:103 - Running command: mathsat /tmp/tmpfvjvi8j4.smt2
2025-06-16 00:19:10.737 | INFO     | __main__:solve:103 - Running command: mathsat /tmp/tmpytkvol3g.smt2
2025-06-16 00:19:10.770 | INFO     | __main__:solve:103 - Running command: mathsat /tmp/tmpi_jessoj.smt2
2025-06-16 00:19:10.773 | INFO     | __main__:solve:103 - Running command: mathsat /tmp/tmphljns703.smt2
2025-06-16 00:19:10.794 | INFO     | __main__:solve:103 - Running command: mathsat /tmp/tmpekmm2951.smt2
2025-06-16 00:19:10.802 | INFO     | __main__:solve:103 - Running command: mathsat /tmp/tmp366loj9o.smt2
2025-06-16 00:19:10.853 | INFO     | __main__:solve:103 - Running command: mathsat /tmp/tmpv4juorn9.smt2
2025-06-16 00:19:10.866 | INFO     | __main__:solve:103 - Running command: mathsat /tmp/tmpqvuddhov.smt2
2025-06-16 00:19:10.875 | INFO     | __main__:solve:103 - Running command: mathsat /tmp/tmp1d59ww2f.smt2
2025-06-16 00:19:10.884 | INFO     | __main__:solve:103 - Running command: mathsat /tmp/tmpbf5osw2p.smt2
2025-06-16 00:19:10.895 | INFO     | __main__:solve:103 - Running command: mathsat /tmp/tmp2kdp219o.smt2
2025-06-16 00:19:10.904 | INFO     | __main__:solve:103 - Running command: mathsat /tmp/tmpb2vcfnxb.smt2
2025-06-16 00:19:10.915 | INFO     | __main__:solve:103 - Running command: mathsat /tmp/tmpyyzsfkcg.smt2
2025-06-16 00:19:10.941 | INFO     | __main__:solve:103 - Running command: mathsat /tmp/tmpa58pijae.smt2
2025-06-16 00:19:33.376 | INFO     | __main__:solve:103 - Running command: mathsat /tmp/tmphuh1z0n2.smt2
2025-06-16 00:19:33.387 | INFO     | __main__:solve:103 - Running command: mathsat /tmp/tmpuv1o8i2s.smt2
2025-06-16 00:19:46.872 | INFO     | __main__:solve:103 - Running command: mathsat /tmp/tmp01x4v6fh.smt2
2025-06-16 00:19:47.644 | INFO     | __main__:solve:103 - Running command: mathsat /tmp/tmpoipiqvsx.smt2
2025-06-16 00:19:48.262 | INFO     | __main__:solve:103 - Running command: mathsat /tmp/tmpzkfl9qhv.smt2
2025-06-16 00:19:48.285 | INFO     | __main__:solve:103 - Running command: mathsat /tmp/tmp7bikgo27.smt2
2025-06-16 00:19:48.298 | INFO     | __main__:solve:103 - Running command: mathsat /tmp/tmpjxzc57v8.smt2
2025-06-16 00:19:48.312 | INFO     | __main__:solve:103 - Running command: mathsat /tmp/tmpn0lieusa.smt2
2025-06-16 00:19:57.446 | INFO     | __main__:solve:103 - Running command: mathsat /tmp/tmp01tr0fw5.smt2
2025-06-16 00:20:00.221 | INFO     | __main__:solve:103 - Running command: mathsat /tmp/tmp28m07wc7.smt2
2025-06-16 00:20:01.394 | INFO     | __main__:solve:103 - Running command: mathsat /tmp/tmpwp1q1kim.smt2
2025-06-16 00:20:01.408 | INFO     | __main__:solve:103 - Running command: mathsat /tmp/tmph6zfm62j.smt2
2025-06-16 00:20:01.412 | INFO     | __main__:solve:103 - Running command: mathsat /tmp/tmp5vkywty0.smt2
2025-06-16 00:20:01.475 | INFO     | __main__:solve:103 - Running command: mathsat /tmp/tmp152tvuoe.smt2
2025-06-16 00:20:41.288 | INFO     | __main__:solve:103 - Running command: mathsat /tmp/tmpirygkfyd.smt2
2025-06-16 00:20:41.298 | INFO     | __main__:solve:103 - Running command: mathsat /tmp/tmpo75c5_rr.smt2
2025-06-16 00:20:41.326 | INFO     | __main__:solve:103 - Running command: mathsat /tmp/tmpb89f3wsy.smt2
2025-06-16 00:20:47.027 | INFO     | __main__:solve:103 - Running command: mathsat /tmp/tmpc4o9h0md.smt2
2025-06-16 00:20:47.205 | INFO     | __main__:solve:103 - Running command: mathsat /tmp/tmpf0r4ytqy.smt2
2025-06-16 00:20:47.230 | INFO     | __main__:solve:103 - Running command: mathsat /tmp/tmpmym7ug7w.smt2
2025-06-16 00:20:47.479 | INFO     | __main__:solve:103 - Running command: mathsat /tmp/tmp326t6vgg.smt2
2025-06-16 00:22:02.191 | INFO     | __main__:solve:103 - Running command: mathsat /tmp/tmpgp_n2lc9.smt2
2025-06-16 00:23:00.100 | INFO     | __main__:solve:103 - Running command: mathsat /tmp/tmp978jodf8.smt2
2025-06-16 00:23:00.106 | INFO     | __main__:solve:103 - Running command: mathsat /tmp/tmp3jjk47vc.smt2
2025-06-16 00:23:02.130 | INFO     | __main__:solve:103 - Running command: mathsat /tmp/tmpxrt0x0gl.smt2
2025-06-16 00:23:18.998 | INFO     | __main__:solve:103 - Running command: mathsat /tmp/tmpt0dgajzq.smt2
2025-06-16 00:23:19.166 | INFO     | __main__:solve:103 - Running command: mathsat /tmp/tmprwrtssux.smt2
2025-06-16 00:23:19.199 | INFO     | __main__:solve:103 - Running command: mathsat /tmp/tmpgke37rhh.smt2
2025-06-16 00:24:34.274 | INFO     | __main__:solve:103 - Running command: mathsat /tmp/tmpsyiume27.smt2
2025-06-16 00:24:34.803 | INFO     | __main__:solve:103 - Running command: mathsat /tmp/tmpf5_t1jq0.smt2
2025-06-16 00:24:34.812 | INFO     | __main__:solve:103 - Running command: mathsat /tmp/tmpu7hfp4xl.smt2
2025-06-16 00:24:34.828 | INFO     | __main__:solve:103 - Running command: mathsat /tmp/tmp3pd89ywv.smt2
2025-06-16 00:24:34.848 | INFO     | __main__:solve:103 - Running command: mathsat /tmp/tmpdzx42fnl.smt2
2025-06-16 00:24:42.253 | INFO     | __main__:solve:103 - Running command: mathsat /tmp/tmpylmr5knx.smt2
2025-06-16 00:24:42.268 | INFO     | __main__:solve:103 - Running command: mathsat /tmp/tmp3tx556g0.smt2
2025-06-16 00:24:43.137 | INFO     | __main__:solve:103 - Running command: mathsat /tmp/tmpvgbjksxc.smt2
2025-06-16 00:24:43.165 | INFO     | __main__:solve:103 - Running command: mathsat /tmp/tmpwwxoku8k.smt2
2025-06-16 00:24:43.191 | INFO     | __main__:solve:103 - Running command: mathsat /tmp/tmp9eomlo4u.smt2
2025-06-16 00:24:43.227 | INFO     | __main__:solve:103 - Running command: mathsat /tmp/tmp6x2y_pb6.smt2
2025-06-16 00:24:43.718 | INFO     | __main__:solve:103 - Running command: mathsat /tmp/tmp6zc74sga.smt2
2025-06-16 00:33:18.076 | INFO     | __main__:solve:103 - Running command: mathsat /tmp/tmp_2hl406y.smt2
2025-06-16 00:33:19.050 | INFO     | __main__:solve:103 - Running command: mathsat /tmp/tmpzuwsnn9_.smt2
2025-06-16 00:33:19.059 | INFO     | __main__:solve:103 - Running command: mathsat /tmp/tmpsou6qvb2.smt2
2025-06-16 00:33:19.087 | INFO     | __main__:solve:103 - Running command: mathsat /tmp/tmpjapatgmk.smt2
2025-06-16 00:33:19.300 | INFO     | __main__:solve:103 - Running command: mathsat /tmp/tmpd4mwppmm.smt2
2025-06-16 00:33:19.560 | INFO     | __main__:solve:103 - Running command: mathsat /tmp/tmptr5xz4yn.smt2
2025-06-16 00:33:57.921 | INFO     | __main__:solve:103 - Running command: mathsat /tmp/tmpkrb4tdct.smt2
2025-06-16 00:34:03.019 | INFO     | __main__:solve:103 - Running command: mathsat /tmp/tmpe5fwuzp9.smt2
2025-06-16 00:34:10.416 | INFO     | __main__:solve:103 - Running command: mathsat /tmp/tmpellnqtym.smt2
2025-06-16 00:34:10.941 | INFO     | __main__:solve:103 - Running command: mathsat /tmp/tmpupwpvt41.smt2
2025-06-16 00:34:10.948 | INFO     | __main__:solve:103 - Running command: mathsat /tmp/tmpqqf9hfqm.smt2
2025-06-16 00:34:10.953 | INFO     | __main__:solve:103 - Running command: mathsat /tmp/tmp1zy3ih2d.smt2
2025-06-16 00:34:11.038 | INFO     | __main__:solve:103 - Running command: mathsat /tmp/tmptnceq6vx.smt2
2025-06-16 00:39:12.048 | INFO     | __main__:solve:103 - Running command: mathsat /tmp/tmp8y7ainr0.smt2
2025-06-16 00:39:12.933 | INFO     | __main__:solve:103 - Running command: mathsat /tmp/tmp7uhgam_5.smt2
2025-06-16 00:39:34.493 | INFO     | __main__:solve:103 - Running command: mathsat /tmp/tmppvyc20_c.smt2
2025-06-16 00:39:34.498 | INFO     | __main__:solve:103 - Running command: mathsat /tmp/tmpz82uic6b.smt2
2025-06-16 00:39:34.511 | INFO     | __main__:solve:103 - Running command: mathsat /tmp/tmpinnbanyo.smt2
2025-06-16 00:40:47.960 | INFO     | __main__:solve:103 - Running command: mathsat /tmp/tmpwx_l0myn.smt2
2025-06-16 00:40:48.523 | INFO     | __main__:solve:103 - Running command: mathsat /tmp/tmpwytbwvcq.smt2
2025-06-16 00:40:48.547 | INFO     | __main__:solve:103 - Running command: mathsat /tmp/tmpb1nz79k9.smt2
2025-06-16 00:40:48.583 | INFO     | __main__:solve:103 - Running command: mathsat /tmp/tmpdoghgzy0.smt2
2025-06-16 00:40:48.590 | INFO     | __main__:solve:103 - Running command: mathsat /tmp/tmp6qr231t2.smt2
2025-06-16 00:40:48.593 | INFO     | __main__:solve:103 - Running command: mathsat /tmp/tmpaa2aj8ry.smt2
2025-06-16 00:40:48.644 | INFO     | __main__:solve:103 - Running command: mathsat /tmp/tmp7soekuxw.smt2
2025-06-16 00:40:48.651 | INFO     | __main__:solve:103 - Running command: mathsat /tmp/tmpjjrokanq.smt2
2025-06-16 00:40:48.657 | INFO     | __main__:solve:103 - Running command: mathsat /tmp/tmp2er8dw05.smt2
2025-06-16 00:40:49.517 | INFO     | __main__:solve:103 - Running command: mathsat /tmp/tmp2qfci8sv.smt2
2025-06-16 00:40:49.767 | INFO     | __main__:solve:103 - Running command: mathsat /tmp/tmp2w11yk3u.smt2
2025-06-16 00:40:50.754 | INFO     | __main__:solve:103 - Running command: mathsat /tmp/tmp9kfns0x1.smt2
2025-06-16 00:40:50.826 | INFO     | __main__:solve:103 - Running command: mathsat /tmp/tmp4cv42hvz.smt2
2025-06-16 00:40:53.014 | INFO     | __main__:solve:103 - Running command: mathsat /tmp/tmp3vjaajrv.smt2
2025-06-16 00:40:53.038 | INFO     | __main__:solve:103 - Running command: mathsat /tmp/tmpbvjuomci.smt2
2025-06-16 00:40:53.047 | INFO     | __main__:solve:103 - Running command: mathsat /tmp/tmpot7b7jgf.smt2
2025-06-16 00:40:53.542 | INFO     | __main__:solve:103 - Running command: mathsat /tmp/tmpfm3f0rqz.smt2
2025-06-16 00:40:53.561 | INFO     | __main__:solve:103 - Running command: mathsat /tmp/tmpma00efub.smt2
2025-06-16 00:40:53.590 | INFO     | __main__:solve:103 - Running command: mathsat /tmp/tmp5s8978f2.smt2
2025-06-16 00:40:53.595 | INFO     | __main__:solve:103 - Running command: mathsat /tmp/tmpbuhzpw33.smt2
2025-06-16 00:40:53.627 | INFO     | __main__:solve:103 - Running command: mathsat /tmp/tmpojzg05lt.smt2
2025-06-16 00:42:03.298 | INFO     | __main__:solve:103 - Running command: mathsat /tmp/tmpt81hvctm.smt2
2025-06-16 00:42:03.301 | INFO     | __main__:solve:103 - Running command: mathsat /tmp/tmpkobhzynq.smt2
2025-06-16 00:42:03.328 | INFO     | __main__:solve:103 - Running command: mathsat /tmp/tmp4snlk66e.smt2
2025-06-16 00:42:03.333 | INFO     | __main__:solve:103 - Running command: mathsat /tmp/tmprcgzhcgg.smt2
2025-06-16 00:42:03.363 | INFO     | __main__:solve:103 - Running command: mathsat /tmp/tmpz_pl12tk.smt2
2025-06-16 00:42:03.370 | INFO     | __main__:solve:103 - Running command: mathsat /tmp/tmpquorxgvj.smt2
2025-06-16 00:42:03.432 | INFO     | __main__:solve:103 - Running command: mathsat /tmp/tmp2uhdgkvu.smt2
2025-06-16 00:42:03.833 | INFO     | __main__:solve:103 - Running command: mathsat /tmp/tmpooyd6ygx.smt2
2025-06-16 00:42:25.564 | INFO     | __main__:solve:103 - Running command: mathsat /tmp/tmp4fps31wh.smt2
2025-06-16 00:42:25.573 | INFO     | __main__:solve:103 - Running command: mathsat /tmp/tmpfdagigrz.smt2
2025-06-16 00:42:25.577 | INFO     | __main__:solve:103 - Running command: mathsat /tmp/tmpi7b860zb.smt2
2025-06-16 00:42:25.606 | INFO     | __main__:solve:103 - Running command: mathsat /tmp/tmpulv9nnit.smt2
2025-06-16 00:42:27.656 | INFO     | __main__:solve:103 - Running command: mathsat /tmp/tmpkxya50n8.smt2
2025-06-16 00:42:29.007 | INFO     | __main__:solve:103 - Running command: mathsat /tmp/tmphp4vchk2.smt2
2025-06-16 00:42:29.038 | INFO     | __main__:solve:103 - Running command: mathsat /tmp/tmpit0uz1kb.smt2
2025-06-16 00:42:30.144 | INFO     | __main__:solve:103 - Running command: mathsat /tmp/tmp9zgebeh3.smt2
2025-06-16 00:42:30.656 | INFO     | __main__:solve:103 - Running command: mathsat /tmp/tmpli6o8k_b.smt2
2025-06-16 00:42:31.501 | INFO     | __main__:solve:103 - Running command: mathsat /tmp/tmp95iq32bq.smt2
2025-06-16 00:42:31.615 | INFO     | __main__:solve:103 - Running command: mathsat /tmp/tmpm1chw95z.smt2
2025-06-16 00:42:31.625 | INFO     | __main__:solve:103 - Running command: mathsat /tmp/tmp81rd847p.smt2
2025-06-16 00:42:31.634 | INFO     | __main__:solve:103 - Running command: mathsat /tmp/tmp15wu2gi6.smt2
2025-06-16 00:42:31.657 | INFO     | __main__:solve:103 - Running command: mathsat /tmp/tmpac7csb_8.smt2
2025-06-16 00:43:20.305 | INFO     | __main__:solve:103 - Running command: mathsat /tmp/tmpg63qf1gm.smt2
2025-06-16 00:43:20.337 | INFO     | __main__:solve:103 - Running command: mathsat /tmp/tmp1pcvshaj.smt2
2025-06-16 00:44:44.823 | INFO     | __main__:solve:103 - Running command: mathsat /tmp/tmphd6ufdgr.smt2
2025-06-16 00:44:44.842 | INFO     | __main__:solve:103 - Running command: mathsat /tmp/tmpjt2mptl7.smt2
2025-06-16 00:44:44.868 | INFO     | __main__:solve:103 - Running command: mathsat /tmp/tmpatra8sus.smt2
2025-06-16 00:53:20.665 | INFO     | __main__:solve:103 - Running command: mathsat /tmp/tmptj76br5b.smt2
2025-06-16 00:53:20.898 | INFO     | __main__:solve:103 - Running command: mathsat /tmp/tmpuu0p1a7c.smt2
2025-06-16 00:53:21.392 | INFO     | __main__:solve:103 - Running command: mathsat /tmp/tmp0uz58jrd.smt2
2025-06-16 00:53:22.076 | INFO     | __main__:solve:103 - Running command: mathsat /tmp/tmpvl72m9q4.smt2
2025-06-16 00:53:22.140 | INFO     | __main__:solve:103 - Running command: mathsat /tmp/tmpvwkojioy.smt2
2025-06-16 00:53:22.152 | INFO     | __main__:solve:103 - Running command: mathsat /tmp/tmpt5v9zalw.smt2
2025-06-16 00:53:22.161 | INFO     | __main__:solve:103 - Running command: mathsat /tmp/tmpun3_jwo_.smt2
2025-06-16 00:53:23.821 | INFO     | __main__:solve:103 - Running command: mathsat /tmp/tmp4r3l9qs6.smt2
2025-06-16 00:53:23.826 | INFO     | __main__:solve:103 - Running command: mathsat /tmp/tmpukfqulr6.smt2
2025-06-16 00:53:23.835 | INFO     | __main__:solve:103 - Running command: mathsat /tmp/tmpfoh1tfq5.smt2
2025-06-16 00:54:12.152 | INFO     | __main__:solve:103 - Running command: mathsat /tmp/tmpcwmbk4lh.smt2
2025-06-16 00:54:12.161 | INFO     | __main__:solve:103 - Running command: mathsat /tmp/tmpn4ynhno5.smt2
2025-06-16 00:54:39.291 | INFO     | __main__:solve:103 - Running command: mathsat /tmp/tmpatprkzrx.smt2
2025-06-16 00:54:39.304 | INFO     | __main__:solve:103 - Running command: mathsat /tmp/tmppqfwqmf1.smt2
2025-06-16 00:54:40.067 | INFO     | __main__:solve:103 - Running command: mathsat /tmp/tmp5b_f1dbz.smt2
2025-06-16 00:54:40.254 | INFO     | __main__:solve:103 - Running command: mathsat /tmp/tmp293nvvxr.smt2
2025-06-16 00:54:41.356 | INFO     | __main__:solve:103 - Running command: mathsat /tmp/tmp1ivy6zg6.smt2
2025-06-16 00:54:41.662 | INFO     | __main__:solve:103 - Running command: mathsat /tmp/tmpx6untc5k.smt2
2025-06-16 00:54:41.747 | INFO     | __main__:solve:103 - Running command: mathsat /tmp/tmpgqsaorvc.smt2
2025-06-16 00:54:41.771 | INFO     | __main__:solve:103 - Running command: mathsat /tmp/tmp5aj975v1.smt2
2025-06-16 00:54:41.780 | INFO     | __main__:solve:103 - Running command: mathsat /tmp/tmpoyhufg4m.smt2
2025-06-16 00:54:41.801 | INFO     | __main__:solve:103 - Running command: mathsat /tmp/tmp4v8ckfqm.smt2
2025-06-16 00:54:43.209 | INFO     | __main__:solve:103 - Running command: mathsat /tmp/tmp6ylc3giq.smt2
2025-06-16 00:56:07.739 | INFO     | __main__:solve:103 - Running command: mathsat /tmp/tmppu3g0yj2.smt2
2025-06-16 00:56:08.227 | INFO     | __main__:solve:103 - Running command: mathsat /tmp/tmp8ok_ja38.smt2
2025-06-16 00:59:35.617 | INFO     | __main__:solve:103 - Running command: mathsat /tmp/tmpdy70rnao.smt2
2025-06-16 00:59:58.591 | INFO     | __main__:solve:103 - Running command: mathsat /tmp/tmpto30602k.smt2
2025-06-16 00:59:58.622 | INFO     | __main__:solve:103 - Running command: mathsat /tmp/tmpz03f6seh.smt2
2025-06-16 00:59:58.633 | INFO     | __main__:solve:103 - Running command: mathsat /tmp/tmpr8qbtmac.smt2
2025-06-16 00:59:59.488 | INFO     | __main__:solve:103 - Running command: mathsat /tmp/tmpnvx5ciko.smt2
2025-06-16 00:59:59.515 | INFO     | __main__:solve:103 - Running command: mathsat /tmp/tmpkcerdo2e.smt2
2025-06-16 00:59:59.540 | INFO     | __main__:solve:103 - Running command: mathsat /tmp/tmpkxvomy9k.smt2
2025-06-16 00:59:59.551 | INFO     | __main__:solve:103 - Running command: mathsat /tmp/tmp65incspw.smt2
2025-06-16 01:00:00.865 | INFO     | __main__:solve:103 - Running command: mathsat /tmp/tmp6eqdn3v8.smt2
2025-06-16 01:00:00.877 | INFO     | __main__:solve:103 - Running command: mathsat /tmp/tmpx7_dypki.smt2
2025-06-16 01:00:01.493 | INFO     | __main__:solve:103 - Running command: mathsat /tmp/tmpa5ngd0sv.smt2
2025-06-16 01:00:01.519 | INFO     | __main__:solve:103 - Running command: mathsat /tmp/tmpupzxnoix.smt2
2025-06-16 01:00:04.027 | INFO     | __main__:solve:103 - Running command: mathsat /tmp/tmp1wmqsgv2.smt2
2025-06-16 01:00:04.032 | INFO     | __main__:solve:103 - Running command: mathsat /tmp/tmpjom6tb7x.smt2
2025-06-16 01:00:04.070 | INFO     | __main__:solve:103 - Running command: mathsat /tmp/tmpx51wpt3t.smt2
2025-06-16 01:00:04.090 | INFO     | __main__:solve:103 - Running command: mathsat /tmp/tmp_g6gwpde.smt2
2025-06-16 01:00:04.121 | INFO     | __main__:solve:103 - Running command: mathsat /tmp/tmpugs9yh3q.smt2
2025-06-16 01:00:04.157 | INFO     | __main__:solve:103 - Running command: mathsat /tmp/tmpnhsqickj.smt2
2025-06-16 01:00:49.761 | INFO     | __main__:solve:103 - Running command: mathsat /tmp/tmpxcx5sg_t.smt2
2025-06-16 01:00:49.974 | INFO     | __main__:solve:103 - Running command: mathsat /tmp/tmpg2tx19m9.smt2
2025-06-16 01:00:49.999 | INFO     | __main__:solve:103 - Running command: mathsat /tmp/tmphehsn_aq.smt2
2025-06-16 01:00:50.185 | INFO     | __main__:solve:103 - Running command: mathsat /tmp/tmpfb5cyiks.smt2
2025-06-16 01:00:50.210 | INFO     | __main__:solve:103 - Running command: mathsat /tmp/tmpn3oqphhb.smt2
2025-06-16 01:00:50.221 | INFO     | __main__:solve:103 - Running command: mathsat /tmp/tmpbn15zbgq.smt2
2025-06-16 01:00:54.733 | INFO     | __main__:solve:103 - Running command: mathsat /tmp/tmp23ie_w34.smt2
2025-06-16 01:00:54.916 | INFO     | __main__:solve:103 - Running command: mathsat /tmp/tmp_t5tenvg.smt2
2025-06-16 01:02:32.760 | INFO     | __main__:solve:103 - Running command: mathsat /tmp/tmpgudn1qy6.smt2
2025-06-16 01:02:32.784 | INFO     | __main__:solve:103 - Running command: mathsat /tmp/tmpqugxv89_.smt2
2025-06-16 01:02:32.791 | INFO     | __main__:solve:103 - Running command: mathsat /tmp/tmpk7gh2xr2.smt2
2025-06-16 01:02:32.794 | INFO     | __main__:solve:103 - Running command: mathsat /tmp/tmpwtqd9xuc.smt2
2025-06-16 01:02:37.267 | INFO     | __main__:solve:103 - Running command: mathsat /tmp/tmpsi99n2pg.smt2
2025-06-16 01:04:45.973 | INFO     | __main__:solve:103 - Running command: mathsat /tmp/tmp3aftu1j1.smt2
2025-06-16 01:04:46.432 | INFO     | __main__:solve:103 - Running command: mathsat /tmp/tmpshzv6iia.smt2
2025-06-16 01:04:46.768 | INFO     | __main__:solve:103 - Running command: mathsat /tmp/tmpf9cjcdzn.smt2
2025-06-16 01:04:46.775 | INFO     | __main__:solve:103 - Running command: mathsat /tmp/tmpf93fdge2.smt2
2025-06-16 01:04:48.140 | INFO     | __main__:solve:103 - Running command: mathsat /tmp/tmp2_v062cb.smt2
2025-06-16 01:04:48.151 | INFO     | __main__:solve:103 - Running command: mathsat /tmp/tmprpcs2o1g.smt2
2025-06-16 01:04:48.189 | INFO     | __main__:solve:103 - Running command: mathsat /tmp/tmptgdx1m69.smt2
2025-06-16 01:04:48.331 | INFO     | __main__:solve:103 - Running command: mathsat /tmp/tmpt6ha9w4g.smt2
2025-06-16 01:04:48.341 | INFO     | __main__:solve:103 - Running command: mathsat /tmp/tmp87zwm5lo.smt2
2025-06-16 01:04:50.137 | INFO     | __main__:solve:103 - Running command: mathsat /tmp/tmpu661i073.smt2
2025-06-16 01:04:50.832 | INFO     | __main__:solve:103 - Running command: mathsat /tmp/tmpblygtw04.smt2
2025-06-16 01:04:50.843 | INFO     | __main__:solve:103 - Running command: mathsat /tmp/tmpncwego2l.smt2
2025-06-16 01:04:51.231 | INFO     | __main__:solve:103 - Running command: mathsat /tmp/tmptf8ppntj.smt2
2025-06-16 01:04:53.008 | INFO     | __main__:solve:103 - Running command: mathsat /tmp/tmp4iq_dysz.smt2
2025-06-16 01:10:57.441 | INFO     | __main__:solve:103 - Running command: mathsat /tmp/tmpxkj0qwic.smt2
2025-06-16 01:10:59.224 | INFO     | __main__:solve:103 - Running command: mathsat /tmp/tmpvzxrvk_m.smt2
2025-06-16 01:11:00.072 | INFO     | __main__:solve:103 - Running command: mathsat /tmp/tmp3j7inxd1.smt2
2025-06-16 01:11:00.548 | INFO     | __main__:solve:103 - Running command: mathsat /tmp/tmp2nywwo5r.smt2
2025-06-16 01:11:00.551 | INFO     | __main__:solve:103 - Running command: mathsat /tmp/tmppmhlsi6x.smt2
2025-06-16 01:11:00.599 | INFO     | __main__:solve:103 - Running command: mathsat /tmp/tmpxj9aac8i.smt2
2025-06-16 01:11:00.614 | INFO     | __main__:solve:103 - Running command: mathsat /tmp/tmpu583um0w.smt2
2025-06-16 01:11:00.622 | INFO     | __main__:solve:103 - Running command: mathsat /tmp/tmp9y40szqi.smt2
2025-06-16 01:11:00.633 | INFO     | __main__:solve:103 - Running command: mathsat /tmp/tmpo0xbfpdn.smt2
2025-06-16 01:11:00.650 | INFO     | __main__:solve:103 - Running command: mathsat /tmp/tmpr_36705e.smt2
2025-06-16 01:11:36.500 | INFO     | __main__:solve:103 - Running command: mathsat /tmp/tmp7q_h4l7t.smt2
2025-06-16 01:11:36.533 | INFO     | __main__:solve:103 - Running command: mathsat /tmp/tmpacbpy5ol.smt2
2025-06-16 01:11:36.560 | INFO     | __main__:solve:103 - Running command: mathsat /tmp/tmpidmen3_w.smt2
2025-06-16 01:11:36.571 | INFO     | __main__:solve:103 - Running command: mathsat /tmp/tmpfis2_bls.smt2
2025-06-16 01:11:36.577 | INFO     | __main__:solve:103 - Running command: mathsat /tmp/tmpxhsywp5n.smt2
2025-06-16 01:11:54.158 | INFO     | __main__:solve:103 - Running command: mathsat /tmp/tmp5h33rxhm.smt2
2025-06-16 01:11:54.170 | INFO     | __main__:solve:103 - Running command: mathsat /tmp/tmpi21ur3z5.smt2
2025-06-16 01:11:54.184 | INFO     | __main__:solve:103 - Running command: mathsat /tmp/tmpd9ewk6wl.smt2
2025-06-16 01:11:54.187 | INFO     | __main__:solve:103 - Running command: mathsat /tmp/tmpaoth6sci.smt2
2025-06-16 01:11:54.196 | INFO     | __main__:solve:103 - Running command: mathsat /tmp/tmp0b79shxg.smt2
2025-06-16 01:11:54.207 | INFO     | __main__:solve:103 - Running command: mathsat /tmp/tmpok18myhq.smt2
2025-06-16 01:11:54.277 | INFO     | __main__:solve:103 - Running command: mathsat /tmp/tmponukxaay.smt2
2025-06-16 01:11:54.287 | INFO     | __main__:solve:103 - Running command: mathsat /tmp/tmp4vq4nhtj.smt2
2025-06-16 01:11:54.294 | INFO     | __main__:solve:103 - Running command: mathsat /tmp/tmp1_lp8zmc.smt2
2025-06-16 01:11:54.300 | INFO     | __main__:solve:103 - Running command: mathsat /tmp/tmpomzn40i1.smt2
2025-06-16 01:11:54.350 | INFO     | __main__:solve:103 - Running command: mathsat /tmp/tmp7pt4qxi0.smt2
2025-06-16 01:11:55.201 | INFO     | __main__:solve:103 - Running command: mathsat /tmp/tmpp9ht1wqc.smt2
2025-06-16 01:11:55.239 | INFO     | __main__:solve:103 - Running command: mathsat /tmp/tmpjqrjeibq.smt2
2025-06-16 01:11:55.267 | INFO     | __main__:solve:103 - Running command: mathsat /tmp/tmprytzpk8k.smt2
2025-06-16 01:11:55.277 | INFO     | __main__:solve:103 - Running command: mathsat /tmp/tmplfjf_waw.smt2
2025-06-16 01:11:55.337 | INFO     | __main__:solve:103 - Running command: mathsat /tmp/tmp9832m0w6.smt2
2025-06-16 01:11:55.351 | INFO     | __main__:solve:103 - Running command: mathsat /tmp/tmpydql87l8.smt2
2025-06-16 01:11:56.194 | INFO     | __main__:solve:103 - Running command: mathsat /tmp/tmpa2zbyuc2.smt2
2025-06-16 01:11:57.746 | INFO     | __main__:solve:103 - Running command: mathsat /tmp/tmpitr4p_pj.smt2
2025-06-16 01:11:57.756 | INFO     | __main__:solve:103 - Running command: mathsat /tmp/tmpdq0rn3ja.smt2
2025-06-16 01:11:58.354 | INFO     | __main__:solve:103 - Running command: mathsat /tmp/tmpo9jwwk0w.smt2
2025-06-16 01:12:06.007 | INFO     | __main__:solve:103 - Running command: mathsat /tmp/tmpoa2xuscc.smt2
2025-06-16 01:12:07.287 | INFO     | __main__:solve:103 - Running command: mathsat /tmp/tmp8azwfoh5.smt2
2025-06-16 01:12:07.827 | INFO     | __main__:solve:103 - Running command: mathsat /tmp/tmpp80wmxjt.smt2
2025-06-16 01:12:07.898 | INFO     | __main__:solve:103 - Running command: mathsat /tmp/tmptswdi97i.smt2
2025-06-16 01:12:07.944 | INFO     | __main__:solve:103 - Running command: mathsat /tmp/tmpxhfi4z9v.smt2
2025-06-16 01:12:25.605 | INFO     | __main__:solve:103 - Running command: mathsat /tmp/tmp94k2xl3i.smt2
2025-06-16 01:12:27.366 | INFO     | __main__:solve:103 - Running command: mathsat /tmp/tmp6psz91k8.smt2
2025-06-16 01:12:28.692 | INFO     | __main__:solve:103 - Running command: mathsat /tmp/tmpzgj2f9kc.smt2
2025-06-16 01:12:28.718 | INFO     | __main__:solve:103 - Running command: mathsat /tmp/tmp3peaou8_.smt2
2025-06-16 01:12:28.727 | INFO     | __main__:solve:103 - Running command: mathsat /tmp/tmpqdvbbuyv.smt2
2025-06-16 01:12:28.751 | INFO     | __main__:solve:103 - Running command: mathsat /tmp/tmp26u5i8mk.smt2
2025-06-16 01:12:28.896 | INFO     | __main__:solve:103 - Running command: mathsat /tmp/tmpzlklz_6k.smt2
2025-06-16 01:12:28.923 | INFO     | __main__:solve:103 - Running command: mathsat /tmp/tmp1xonejp0.smt2
2025-06-16 01:12:28.929 | INFO     | __main__:solve:103 - Running command: mathsat /tmp/tmp39wr7jne.smt2
2025-06-16 01:12:28.931 | INFO     | __main__:solve:103 - Running command: mathsat /tmp/tmpmbs3zuy9.smt2
2025-06-16 01:12:29.537 | INFO     | __main__:solve:103 - Running command: mathsat /tmp/tmpiylgarha.smt2
2025-06-16 01:12:29.540 | INFO     | __main__:solve:103 - Running command: mathsat /tmp/tmp8ugmujgt.smt2
2025-06-16 01:12:30.228 | INFO     | __main__:solve:103 - Running command: mathsat /tmp/tmpsusbzveu.smt2
2025-06-16 01:12:30.532 | INFO     | __main__:solve:103 - Running command: mathsat /tmp/tmpk5agbfun.smt2
2025-06-16 01:12:30.618 | INFO     | __main__:solve:103 - Running command: mathsat /tmp/tmp82l_go84.smt2
2025-06-16 01:12:30.662 | INFO     | __main__:solve:103 - Running command: mathsat /tmp/tmplzjjlfbl.smt2
2025-06-16 01:12:31.093 | INFO     | __main__:solve:103 - Running command: mathsat /tmp/tmpmjbnwc76.smt2
2025-06-16 01:12:31.099 | INFO     | __main__:solve:103 - Running command: mathsat /tmp/tmp0mtjxjo2.smt2
2025-06-16 01:12:31.685 | INFO     | __main__:solve:103 - Running command: mathsat /tmp/tmp10f4d61i.smt2
2025-06-16 01:12:31.708 | INFO     | __main__:solve:103 - Running command: mathsat /tmp/tmp6x0im6ki.smt2
2025-06-16 01:12:31.734 | INFO     | __main__:solve:103 - Running command: mathsat /tmp/tmpv61b0g9w.smt2
2025-06-16 01:12:32.208 | INFO     | __main__:solve:103 - Running command: mathsat /tmp/tmp1vwnct00.smt2
2025-06-16 01:12:32.271 | INFO     | __main__:solve:103 - Running command: mathsat /tmp/tmpo2_0efa_.smt2
2025-06-16 01:12:32.286 | INFO     | __main__:solve:103 - Running command: mathsat /tmp/tmpicp2e497.smt2
2025-06-16 01:12:32.697 | INFO     | __main__:solve:103 - Running command: mathsat /tmp/tmp7w43hpzo.smt2
2025-06-16 01:12:32.724 | INFO     | __main__:solve:103 - Running command: mathsat /tmp/tmpk7uer29q.smt2
2025-06-16 01:12:32.727 | INFO     | __main__:solve:103 - Running command: mathsat /tmp/tmpwb3z9di1.smt2
2025-06-16 01:12:32.748 | INFO     | __main__:solve:103 - Running command: mathsat /tmp/tmpxjb4ge_4.smt2
2025-06-16 01:12:32.783 | INFO     | __main__:solve:103 - Running command: mathsat /tmp/tmpgfqkeffy.smt2
2025-06-16 01:12:33.125 | INFO     | __main__:solve:103 - Running command: mathsat /tmp/tmpqcb4s1qp.smt2
2025-06-16 01:12:33.145 | INFO     | __main__:solve:103 - Running command: mathsat /tmp/tmpwlv0ir9f.smt2
2025-06-16 01:12:33.169 | INFO     | __main__:solve:103 - Running command: mathsat /tmp/tmpci8ksb9m.smt2
2025-06-16 01:12:34.680 | INFO     | __main__:solve:103 - Running command: mathsat /tmp/tmpzsvyiy7k.smt2
2025-06-16 01:12:34.721 | INFO     | __main__:solve:103 - Running command: mathsat /tmp/tmp2bfszgee.smt2
2025-06-16 01:12:35.579 | INFO     | __main__:solve:103 - Running command: mathsat /tmp/tmpj628fa5s.smt2
2025-06-16 01:12:35.605 | INFO     | __main__:solve:103 - Running command: mathsat /tmp/tmp4yhr8mw_.smt2
2025-06-16 01:12:36.104 | INFO     | __main__:solve:103 - Running command: mathsat /tmp/tmp8k_cq5a9.smt2
2025-06-16 01:12:36.131 | INFO     | __main__:solve:103 - Running command: mathsat /tmp/tmpbiob85x2.smt2
2025-06-16 01:12:36.160 | INFO     | __main__:solve:103 - Running command: mathsat /tmp/tmple3sdabw.smt2
2025-06-16 01:12:36.165 | INFO     | __main__:solve:103 - Running command: mathsat /tmp/tmpaeu08dy4.smt2
2025-06-16 01:12:36.175 | INFO     | __main__:solve:103 - Running command: mathsat /tmp/tmpl1vfectq.smt2
2025-06-16 01:12:36.786 | INFO     | __main__:solve:103 - Running command: mathsat /tmp/tmpynh1llcw.smt2
2025-06-16 01:12:36.833 | INFO     | __main__:solve:103 - Running command: mathsat /tmp/tmp6d1wzmf5.smt2
2025-06-16 01:12:36.842 | INFO     | __main__:solve:103 - Running command: mathsat /tmp/tmpe7dwkkmy.smt2
2025-06-16 01:12:36.844 | INFO     | __main__:solve:103 - Running command: mathsat /tmp/tmpjpvijfeq.smt2
2025-06-16 01:12:36.854 | INFO     | __main__:solve:103 - Running command: mathsat /tmp/tmp_wh5_15i.smt2
2025-06-16 01:12:36.864 | INFO     | __main__:solve:103 - Running command: mathsat /tmp/tmp8ns09q2g.smt2
2025-06-16 01:12:36.896 | INFO     | __main__:solve:103 - Running command: mathsat /tmp/tmplw0bcx5m.smt2
2025-06-16 01:12:36.902 | INFO     | __main__:solve:103 - Running command: mathsat /tmp/tmp3aty1hs8.smt2
2025-06-16 01:13:00.513 | INFO     | __main__:solve:103 - Running command: mathsat /tmp/tmpi104p0vi.smt2
2025-06-16 01:13:00.531 | INFO     | __main__:solve:103 - Running command: mathsat /tmp/tmp6g0ds2iz.smt2
2025-06-16 01:13:01.054 | INFO     | __main__:solve:103 - Running command: mathsat /tmp/tmp89os85vb.smt2
2025-06-16 01:13:01.198 | INFO     | __main__:solve:103 - Running command: mathsat /tmp/tmp8oxs6wsw.smt2
2025-06-16 01:13:01.203 | INFO     | __main__:solve:103 - Running command: mathsat /tmp/tmpucnd5cbv.smt2
2025-06-16 01:13:43.244 | INFO     | __main__:solve:103 - Running command: mathsat /tmp/tmpniq49dpl.smt2
2025-06-16 01:13:44.580 | INFO     | __main__:solve:103 - Running command: mathsat /tmp/tmpcv4tx_z1.smt2
2025-06-16 01:13:44.583 | INFO     | __main__:solve:103 - Running command: mathsat /tmp/tmpww40yspn.smt2
2025-06-16 01:13:46.188 | INFO     | __main__:solve:103 - Running command: mathsat /tmp/tmpsv1ucpft.smt2
2025-06-16 01:13:46.725 | INFO     | __main__:solve:103 - Running command: mathsat /tmp/tmpnx_vweu6.smt2
2025-06-16 01:13:46.775 | INFO     | __main__:solve:103 - Running command: mathsat /tmp/tmpzlud47ky.smt2
2025-06-16 01:13:47.107 | INFO     | __main__:solve:103 - Running command: mathsat /tmp/tmp9retatqe.smt2
2025-06-16 01:13:47.139 | INFO     | __main__:solve:103 - Running command: mathsat /tmp/tmpjxltbpf7.smt2
2025-06-16 01:13:48.306 | INFO     | __main__:solve:103 - Running command: mathsat /tmp/tmp4lxfzyyy.smt2
2025-06-16 01:13:48.313 | INFO     | __main__:solve:103 - Running command: mathsat /tmp/tmpxr5reu_o.smt2
2025-06-16 01:14:13.268 | INFO     | __main__:solve:103 - Running command: mathsat /tmp/tmpu71ov6oe.smt2
2025-06-16 01:14:13.295 | INFO     | __main__:solve:103 - Running command: mathsat /tmp/tmp83h6zpy1.smt2
2025-06-16 01:14:13.831 | INFO     | __main__:solve:103 - Running command: mathsat /tmp/tmpuc_gq0g6.smt2
2025-06-16 01:14:13.836 | INFO     | __main__:solve:103 - Running command: mathsat /tmp/tmpttlrqz47.smt2
2025-06-16 01:14:13.841 | INFO     | __main__:solve:103 - Running command: mathsat /tmp/tmprk8anlo0.smt2
2025-06-16 01:14:13.850 | INFO     | __main__:solve:103 - Running command: mathsat /tmp/tmpb3gzgapy.smt2
2025-06-16 01:14:13.881 | INFO     | __main__:solve:103 - Running command: mathsat /tmp/tmptadvbq3k.smt2
2025-06-16 01:14:13.894 | INFO     | __main__:solve:103 - Running command: mathsat /tmp/tmpolg4rv20.smt2
2025-06-16 01:14:13.907 | INFO     | __main__:solve:103 - Running command: mathsat /tmp/tmpr8ixt7i2.smt2
2025-06-16 01:14:17.338 | INFO     | __main__:solve:103 - Running command: mathsat /tmp/tmpjtfwnt7a.smt2
2025-06-16 01:14:17.665 | INFO     | __main__:solve:103 - Running command: mathsat /tmp/tmpruf9qpcw.smt2
2025-06-16 01:14:17.699 | INFO     | __main__:solve:103 - Running command: mathsat /tmp/tmpxhvl3c70.smt2
2025-06-16 01:14:17.727 | INFO     | __main__:solve:103 - Running command: mathsat /tmp/tmpr5kym5jk.smt2
2025-06-16 01:14:17.729 | INFO     | __main__:solve:103 - Running command: mathsat /tmp/tmp7_62r9_5.smt2
2025-06-16 01:14:17.739 | INFO     | __main__:solve:103 - Running command: mathsat /tmp/tmpzl6k5jbp.smt2
2025-06-16 01:14:20.580 | INFO     | __main__:solve:103 - Running command: mathsat /tmp/tmpbb0byy9l.smt2
2025-06-16 01:14:41.365 | INFO     | __main__:solve:103 - Running command: mathsat /tmp/tmp4z1fk0u2.smt2
2025-06-16 01:14:41.383 | INFO     | __main__:solve:103 - Running command: mathsat /tmp/tmpdehzxksr.smt2
2025-06-16 01:15:35.866 | INFO     | __main__:solve:103 - Running command: mathsat /tmp/tmp_cm7lnqb.smt2
2025-06-16 01:15:35.899 | INFO     | __main__:solve:103 - Running command: mathsat /tmp/tmpv_76khzo.smt2
2025-06-16 01:15:35.931 | INFO     | __main__:solve:103 - Running command: mathsat /tmp/tmpdk00u334.smt2
2025-06-16 01:15:36.034 | INFO     | __main__:solve:103 - Running command: mathsat /tmp/tmp9fvv_82t.smt2
2025-06-16 01:15:36.086 | INFO     | __main__:solve:103 - Running command: mathsat /tmp/tmpxg2m3r_q.smt2
2025-06-16 01:16:09.346 | INFO     | __main__:solve:103 - Running command: mathsat /tmp/tmpo5m59zrx.smt2
2025-06-16 01:16:10.435 | INFO     | __main__:solve:103 - Running command: mathsat /tmp/tmpk14oevcf.smt2
2025-06-16 01:16:11.007 | INFO     | __main__:solve:103 - Running command: mathsat /tmp/tmp4y35fntx.smt2
2025-06-16 01:16:11.389 | INFO     | __main__:solve:103 - Running command: mathsat /tmp/tmpzvkex62a.smt2
2025-06-16 01:16:12.359 | INFO     | __main__:solve:103 - Running command: mathsat /tmp/tmpb4mok0j3.smt2
2025-06-16 01:16:12.396 | INFO     | __main__:solve:103 - Running command: mathsat /tmp/tmprn9er8pe.smt2
2025-06-16 01:16:12.433 | INFO     | __main__:solve:103 - Running command: mathsat /tmp/tmph111z4t3.smt2
2025-06-16 01:16:12.460 | INFO     | __main__:solve:103 - Running command: mathsat /tmp/tmpx46uwidm.smt2
2025-06-16 01:16:12.487 | INFO     | __main__:solve:103 - Running command: mathsat /tmp/tmpiup13uk2.smt2
2025-06-16 01:16:12.511 | INFO     | __main__:solve:103 - Running command: mathsat /tmp/tmpp5wm3_nc.smt2
2025-06-16 01:16:12.521 | INFO     | __main__:solve:103 - Running command: mathsat /tmp/tmp5w8h2a6w.smt2
2025-06-16 01:16:12.551 | INFO     | __main__:solve:103 - Running command: mathsat /tmp/tmpstsqcfsc.smt2
2025-06-16 01:16:13.804 | INFO     | __main__:solve:103 - Running command: mathsat /tmp/tmp7ql2bv59.smt2
2025-06-16 01:16:26.807 | INFO     | __main__:solve:103 - Running command: mathsat /tmp/tmp75acrmh8.smt2
2025-06-16 01:16:27.178 | INFO     | __main__:solve:103 - Running command: mathsat /tmp/tmpzkf0lqsf.smt2
2025-06-16 01:16:27.199 | INFO     | __main__:solve:103 - Running command: mathsat /tmp/tmpcf4mqxkz.smt2
2025-06-16 01:16:27.207 | INFO     | __main__:solve:103 - Running command: mathsat /tmp/tmp0juq__xa.smt2
2025-06-16 01:16:27.404 | INFO     | __main__:solve:103 - Running command: mathsat /tmp/tmpum8buvwi.smt2
2025-06-16 01:16:27.531 | INFO     | __main__:solve:103 - Running command: mathsat /tmp/tmp6hegnpxr.smt2
2025-06-16 01:16:27.682 | INFO     | __main__:solve:103 - Running command: mathsat /tmp/tmpbeqbw0w_.smt2
2025-06-16 01:16:27.697 | INFO     | __main__:solve:103 - Running command: mathsat /tmp/tmppltup302.smt2
2025-06-16 01:16:27.720 | INFO     | __main__:solve:103 - Running command: mathsat /tmp/tmpgbem2x_s.smt2
2025-06-16 01:16:27.732 | INFO     | __main__:solve:103 - Running command: mathsat /tmp/tmp70h88vng.smt2
2025-06-16 01:16:27.739 | INFO     | __main__:solve:103 - Running command: mathsat /tmp/tmpoe5tl10w.smt2
2025-06-16 01:16:27.770 | INFO     | __main__:solve:103 - Running command: mathsat /tmp/tmphfdzplay.smt2
2025-06-16 01:16:28.571 | INFO     | __main__:solve:103 - Running command: mathsat /tmp/tmp57l16wsj.smt2
2025-06-16 01:16:29.079 | INFO     | __main__:solve:103 - Running command: mathsat /tmp/tmpd8x09x9x.smt2
2025-06-16 01:16:30.648 | INFO     | __main__:solve:103 - Running command: mathsat /tmp/tmppsr6sjw6.smt2
2025-06-16 01:16:30.654 | INFO     | __main__:solve:103 - Running command: mathsat /tmp/tmpuqsfmofc.smt2
2025-06-16 01:16:30.663 | INFO     | __main__:solve:103 - Running command: mathsat /tmp/tmpfpkd0i5w.smt2
2025-06-16 01:16:30.958 | INFO     | __main__:solve:103 - Running command: mathsat /tmp/tmp3szlqfnc.smt2
2025-06-16 01:16:31.116 | INFO     | __main__:solve:103 - Running command: mathsat /tmp/tmptf3uj8a7.smt2
2025-06-16 01:16:31.159 | INFO     | __main__:solve:103 - Running command: mathsat /tmp/tmp5jcu2rwv.smt2
2025-06-16 01:16:32.792 | INFO     | __main__:solve:103 - Running command: mathsat /tmp/tmplgb1ky6b.smt2
2025-06-16 01:17:15.332 | INFO     | __main__:solve:103 - Running command: mathsat /tmp/tmpw4fwq7uk.smt2
2025-06-16 01:18:37.520 | INFO     | __main__:solve:103 - Running command: mathsat /tmp/tmp9ahgklom.smt2
2025-06-16 01:18:37.790 | INFO     | __main__:solve:103 - Running command: mathsat /tmp/tmp9ro7vdsd.smt2
2025-06-16 01:18:37.796 | INFO     | __main__:solve:103 - Running command: mathsat /tmp/tmphf_virqe.smt2
2025-06-16 01:18:37.806 | INFO     | __main__:solve:103 - Running command: mathsat /tmp/tmpi614gzbj.smt2
2025-06-16 01:18:38.007 | INFO     | __main__:solve:103 - Running command: mathsat /tmp/tmp5sodvr04.smt2
2025-06-16 01:18:38.281 | INFO     | __main__:solve:103 - Running command: mathsat /tmp/tmp8m4nujcq.smt2
2025-06-16 01:18:38.401 | INFO     | __main__:solve:103 - Running command: mathsat /tmp/tmpy29y_721.smt2
2025-06-16 01:18:38.407 | INFO     | __main__:solve:103 - Running command: mathsat /tmp/tmp1l6pjtmn.smt2
2025-06-16 01:18:40.003 | INFO     | __main__:solve:103 - Running command: mathsat /tmp/tmp5jleaqf2.smt2
2025-06-16 01:18:40.232 | INFO     | __main__:solve:103 - Running command: mathsat /tmp/tmpv4ssxq5u.smt2
2025-06-16 01:18:40.266 | INFO     | __main__:solve:103 - Running command: mathsat /tmp/tmp5jtxwa70.smt2
2025-06-16 01:18:40.568 | INFO     | __main__:solve:103 - Running command: mathsat /tmp/tmpj1867vkq.smt2
2025-06-16 01:18:41.482 | INFO     | __main__:solve:103 - Running command: mathsat /tmp/tmpgnv821m9.smt2
2025-06-16 01:18:41.897 | INFO     | __main__:solve:103 - Running command: mathsat /tmp/tmpmyfni15q.smt2
2025-06-16 01:18:45.513 | INFO     | __main__:solve:103 - Running command: mathsat /tmp/tmp_ndpoghx.smt2
2025-06-16 01:18:52.437 | INFO     | __main__:solve:103 - Running command: mathsat /tmp/tmpvq66tp6a.smt2
2025-06-16 01:18:52.611 | INFO     | __main__:solve:103 - Running command: mathsat /tmp/tmpn4ggy0qh.smt2
2025-06-16 01:19:00.886 | INFO     | __main__:solve:103 - Running command: mathsat /tmp/tmphq11gs07.smt2
2025-06-16 01:19:00.911 | INFO     | __main__:solve:103 - Running command: mathsat /tmp/tmp1agq5ibq.smt2
2025-06-16 01:19:00.987 | INFO     | __main__:solve:103 - Running command: mathsat /tmp/tmpszqhaez2.smt2
2025-06-16 01:19:40.258 | INFO     | __main__:solve:103 - Running command: mathsat /tmp/tmpayrv8v63.smt2
2025-06-16 01:19:49.952 | INFO     | __main__:solve:103 - Running command: mathsat /tmp/tmpcq35micn.smt2
2025-06-16 01:19:49.987 | INFO     | __main__:solve:103 - Running command: mathsat /tmp/tmp3lhi537l.smt2
2025-06-16 01:19:50.037 | INFO     | __main__:solve:103 - Running command: mathsat /tmp/tmpnyud0t4c.smt2
2025-06-16 01:19:50.735 | INFO     | __main__:solve:103 - Running command: mathsat /tmp/tmp2hkchyvk.smt2
2025-06-16 01:19:50.747 | INFO     | __main__:solve:103 - Running command: mathsat /tmp/tmplw9ts3o_.smt2
2025-06-16 01:19:50.770 | INFO     | __main__:solve:103 - Running command: mathsat /tmp/tmpmb8sj192.smt2
2025-06-16 01:20:05.262 | INFO     | __main__:solve:103 - Running command: mathsat /tmp/tmph0dkc36p.smt2
2025-06-16 01:20:05.587 | INFO     | __main__:solve:103 - Running command: mathsat /tmp/tmpvrhyr70x.smt2
2025-06-16 01:20:05.812 | INFO     | __main__:solve:103 - Running command: mathsat /tmp/tmp2b908hm6.smt2
2025-06-16 01:20:05.823 | INFO     | __main__:solve:103 - Running command: mathsat /tmp/tmpbzl1ra_x.smt2
2025-06-16 01:20:06.196 | INFO     | __main__:solve:103 - Running command: mathsat /tmp/tmp85iy_pk_.smt2
2025-06-16 01:20:17.805 | INFO     | __main__:solve:103 - Running command: mathsat /tmp/tmppkel1a50.smt2
2025-06-16 01:20:18.414 | INFO     | __main__:solve:103 - Running command: mathsat /tmp/tmpexaksq58.smt2
2025-06-16 01:20:18.440 | INFO     | __main__:solve:103 - Running command: mathsat /tmp/tmp6zjh_9ad.smt2
2025-06-16 01:20:19.178 | INFO     | __main__:solve:103 - Running command: mathsat /tmp/tmpd_m0ue8z.smt2
2025-06-16 01:20:19.220 | INFO     | __main__:solve:103 - Running command: mathsat /tmp/tmp942w9ty6.smt2
2025-06-16 01:20:43.380 | INFO     | __main__:solve:103 - Running command: mathsat /tmp/tmp_cf4y5eg.smt2
2025-06-16 01:20:43.386 | INFO     | __main__:solve:103 - Running command: mathsat /tmp/tmph65h109r.smt2
2025-06-16 01:20:43.448 | INFO     | __main__:solve:103 - Running command: mathsat /tmp/tmpugu6llon.smt2
2025-06-16 01:20:43.474 | INFO     | __main__:solve:103 - Running command: mathsat /tmp/tmps9w6eabr.smt2
2025-06-16 01:20:43.608 | INFO     | __main__:solve:103 - Running command: mathsat /tmp/tmpyb1uh5_f.smt2
2025-06-16 01:20:43.613 | INFO     | __main__:solve:103 - Running command: mathsat /tmp/tmpgxw45q5y.smt2
2025-06-16 01:20:43.618 | INFO     | __main__:solve:103 - Running command: mathsat /tmp/tmph6udcj9z.smt2
2025-06-16 01:20:44.172 | INFO     | __main__:solve:103 - Running command: mathsat /tmp/tmpm4afydrv.smt2
2025-06-16 01:20:46.676 | INFO     | __main__:solve:103 - Running command: mathsat /tmp/tmp1kv8gz92.smt2
2025-06-16 01:20:51.326 | INFO     | __main__:solve:103 - Running command: mathsat /tmp/tmpqylyrlpi.smt2
2025-06-16 01:20:52.103 | INFO     | __main__:solve:103 - Running command: mathsat /tmp/tmp8b8v8gy8.smt2
2025-06-16 01:20:52.123 | INFO     | __main__:solve:103 - Running command: mathsat /tmp/tmpbsxcpt72.smt2
2025-06-16 01:20:52.128 | INFO     | __main__:solve:103 - Running command: mathsat /tmp/tmp6dfd_t_p.smt2
2025-06-16 01:20:52.134 | INFO     | __main__:solve:103 - Running command: mathsat /tmp/tmpe_v94py5.smt2
2025-06-16 01:20:52.383 | INFO     | __main__:solve:103 - Running command: mathsat /tmp/tmp0p1e_hf_.smt2
2025-06-16 01:20:52.392 | INFO     | __main__:solve:103 - Running command: mathsat /tmp/tmpqwfad1mf.smt2
2025-06-16 01:20:52.558 | INFO     | __main__:solve:103 - Running command: mathsat /tmp/tmpmhte4udd.smt2
2025-06-16 01:20:52.586 | INFO     | __main__:solve:103 - Running command: mathsat /tmp/tmpsvnves56.smt2
2025-06-16 01:20:54.700 | INFO     | __main__:solve:103 - Running command: mathsat /tmp/tmppx47i20u.smt2
2025-06-16 01:20:54.705 | INFO     | __main__:solve:103 - Running command: mathsat /tmp/tmpvsh2_3df.smt2
2025-06-16 01:20:54.732 | INFO     | __main__:solve:103 - Running command: mathsat /tmp/tmp47rr2w_5.smt2
2025-06-16 01:20:54.759 | INFO     | __main__:solve:103 - Running command: mathsat /tmp/tmpyduq9pxd.smt2
2025-06-16 01:20:54.787 | INFO     | __main__:solve:103 - Running command: mathsat /tmp/tmpdjydb3mx.smt2
2025-06-16 01:20:54.802 | INFO     | __main__:solve:103 - Running command: mathsat /tmp/tmpcnj03xa_.smt2
2025-06-16 01:20:55.478 | INFO     | __main__:solve:103 - Running command: mathsat /tmp/tmp23k7jl0d.smt2
2025-06-16 01:21:02.863 | INFO     | __main__:solve:103 - Running command: mathsat /tmp/tmpcmfaage1.smt2
2025-06-16 01:21:03.161 | INFO     | __main__:solve:103 - Running command: mathsat /tmp/tmpentt2iyx.smt2
2025-06-16 01:21:03.170 | INFO     | __main__:solve:103 - Running command: mathsat /tmp/tmppdzjtji3.smt2
2025-06-16 01:21:03.177 | INFO     | __main__:solve:103 - Running command: mathsat /tmp/tmp85guojbh.smt2
2025-06-16 01:21:40.260 | INFO     | __main__:solve:103 - Running command: mathsat /tmp/tmpn48w_k1b.smt2
2025-06-16 01:21:43.333 | INFO     | __main__:solve:103 - Running command: mathsat /tmp/tmpjapplqsv.smt2
2025-06-16 01:21:43.365 | INFO     | __main__:solve:103 - Running command: mathsat /tmp/tmp91n_bt_a.smt2
2025-06-16 01:21:43.372 | INFO     | __main__:solve:103 - Running command: mathsat /tmp/tmpn4ixmuq9.smt2
2025-06-16 01:21:43.387 | INFO     | __main__:solve:103 - Running command: mathsat /tmp/tmpxzvzi04b.smt2
2025-06-16 01:21:43.430 | INFO     | __main__:solve:103 - Running command: mathsat /tmp/tmp76oljw2w.smt2
2025-06-16 01:21:43.439 | INFO     | __main__:solve:103 - Running command: mathsat /tmp/tmp13qf2c8z.smt2
2025-06-16 01:21:45.476 | INFO     | __main__:solve:103 - Running command: mathsat /tmp/tmpwevrjip2.smt2
2025-06-16 01:21:45.504 | INFO     | __main__:solve:103 - Running command: mathsat /tmp/tmpuzeydfwl.smt2
2025-06-16 01:21:46.854 | INFO     | __main__:solve:103 - Running command: mathsat /tmp/tmpqec8lpo3.smt2
2025-06-16 01:22:10.534 | INFO     | __main__:solve:103 - Running command: mathsat /tmp/tmp8usloi23.smt2
2025-06-16 01:22:10.581 | INFO     | __main__:solve:103 - Running command: mathsat /tmp/tmpwzbh1cot.smt2
2025-06-16 01:22:10.591 | INFO     | __main__:solve:103 - Running command: mathsat /tmp/tmpi48t33s6.smt2
2025-06-16 01:22:10.684 | INFO     | __main__:solve:103 - Running command: mathsat /tmp/tmp5l98zaak.smt2
2025-06-16 01:22:12.969 | INFO     | __main__:solve:103 - Running command: mathsat /tmp/tmpuhji3846.smt2
2025-06-16 01:22:13.130 | INFO     | __main__:solve:103 - Running command: mathsat /tmp/tmp5mgejk15.smt2
2025-06-16 01:22:15.321 | INFO     | __main__:solve:103 - Running command: mathsat /tmp/tmplvxp7rhz.smt2
2025-06-16 01:22:17.022 | INFO     | __main__:solve:103 - Running command: mathsat /tmp/tmph2jlbl4p.smt2
2025-06-16 01:22:38.372 | INFO     | __main__:solve:103 - Running command: mathsat /tmp/tmp955zs3gk.smt2
2025-06-16 01:22:39.441 | INFO     | __main__:solve:103 - Running command: mathsat /tmp/tmpnez1vm97.smt2
2025-06-16 01:22:39.450 | INFO     | __main__:solve:103 - Running command: mathsat /tmp/tmpqx61j87f.smt2
2025-06-16 01:22:39.457 | INFO     | __main__:solve:103 - Running command: mathsat /tmp/tmpp7cj1o79.smt2
2025-06-16 01:22:40.384 | INFO     | __main__:solve:103 - Running command: mathsat /tmp/tmpox6ja0j0.smt2
2025-06-16 01:22:43.418 | INFO     | __main__:solve:103 - Running command: mathsat /tmp/tmpv9qtrqrr.smt2
2025-06-16 01:22:44.873 | INFO     | __main__:solve:103 - Running command: mathsat /tmp/tmppks_7u1y.smt2
2025-06-16 01:22:45.514 | INFO     | __main__:solve:103 - Running command: mathsat /tmp/tmpkg74e__x.smt2
2025-06-16 01:22:47.895 | INFO     | __main__:solve:103 - Running command: mathsat /tmp/tmpqxbm6urs.smt2
2025-06-16 01:22:51.780 | INFO     | __main__:solve:103 - Running command: mathsat /tmp/tmph46_gya_.smt2
2025-06-16 01:22:51.789 | INFO     | __main__:solve:103 - Running command: mathsat /tmp/tmpb6kdb3ns.smt2
2025-06-16 01:22:51.811 | INFO     | __main__:solve:103 - Running command: mathsat /tmp/tmps62ogp7x.smt2
2025-06-16 01:22:51.843 | INFO     | __main__:solve:103 - Running command: mathsat /tmp/tmpaftjac85.smt2
2025-06-16 01:22:51.870 | INFO     | __main__:solve:103 - Running command: mathsat /tmp/tmpk8bftebn.smt2
2025-06-16 01:22:51.888 | INFO     | __main__:solve:103 - Running command: mathsat /tmp/tmpp_4k7ell.smt2
2025-06-16 01:22:51.897 | INFO     | __main__:solve:103 - Running command: mathsat /tmp/tmpqh4p2v7z.smt2
2025-06-16 01:22:58.450 | INFO     | __main__:solve:103 - Running command: mathsat /tmp/tmpavoq54v4.smt2
2025-06-16 01:22:58.457 | INFO     | __main__:solve:103 - Running command: mathsat /tmp/tmpq5bk_uvx.smt2
2025-06-16 01:22:58.466 | INFO     | __main__:solve:103 - Running command: mathsat /tmp/tmp68sx06t4.smt2
2025-06-16 01:22:58.477 | INFO     | __main__:solve:103 - Running command: mathsat /tmp/tmp2gocv6c1.smt2
2025-06-16 01:22:59.207 | INFO     | __main__:solve:103 - Running command: mathsat /tmp/tmpjvapekdd.smt2
2025-06-16 01:22:59.256 | INFO     | __main__:solve:103 - Running command: mathsat /tmp/tmp6ckiab1d.smt2
2025-06-16 01:22:59.266 | INFO     | __main__:solve:103 - Running command: mathsat /tmp/tmptli0n6i9.smt2
2025-06-16 01:22:59.276 | INFO     | __main__:solve:103 - Running command: mathsat /tmp/tmpgzwtm86f.smt2
2025-06-16 01:24:54.117 | INFO     | __main__:solve:103 - Running command: mathsat /tmp/tmpmq_qv46v.smt2
2025-06-16 01:24:54.157 | INFO     | __main__:solve:103 - Running command: mathsat /tmp/tmplqxclxah.smt2
2025-06-16 01:24:55.063 | INFO     | __main__:solve:103 - Running command: mathsat /tmp/tmpwtw5t88d.smt2
2025-06-16 01:24:55.084 | INFO     | __main__:solve:103 - Running command: mathsat /tmp/tmpd_r3_4xe.smt2
2025-06-16 01:24:55.180 | INFO     | __main__:solve:103 - Running command: mathsat /tmp/tmpajky16vd.smt2
2025-06-16 01:24:55.483 | INFO     | __main__:solve:103 - Running command: mathsat /tmp/tmpswtujpuc.smt2
2025-06-16 01:25:06.357 | INFO     | __main__:solve:103 - Running command: mathsat /tmp/tmp6k5g4x5w.smt2
2025-06-16 01:25:06.365 | INFO     | __main__:solve:103 - Running command: mathsat /tmp/tmp8ixb9nt0.smt2
2025-06-16 01:25:06.368 | INFO     | __main__:solve:103 - Running command: mathsat /tmp/tmp97r0cuel.smt2
2025-06-16 01:25:06.377 | INFO     | __main__:solve:103 - Running command: mathsat /tmp/tmp0whu9non.smt2
2025-06-16 01:25:43.941 | INFO     | __main__:solve:103 - Running command: mathsat /tmp/tmpyguirzyv.smt2
2025-06-16 01:25:43.967 | INFO     | __main__:solve:103 - Running command: mathsat /tmp/tmpqeg3sdin.smt2
2025-06-16 01:29:32.793 | INFO     | __main__:solve:103 - Running command: mathsat /tmp/tmpzr8p75lw.smt2
2025-06-16 01:29:32.826 | INFO     | __main__:solve:103 - Running command: mathsat /tmp/tmptooqji4c.smt2
2025-06-16 01:29:32.857 | INFO     | __main__:solve:103 - Running command: mathsat /tmp/tmp3ugdbul1.smt2
2025-06-16 01:29:32.861 | INFO     | __main__:solve:103 - Running command: mathsat /tmp/tmps7_woc4u.smt2
2025-06-16 01:29:32.873 | INFO     | __main__:solve:103 - Running command: mathsat /tmp/tmp1c6gwdpn.smt2
2025-06-16 01:29:35.087 | INFO     | __main__:solve:103 - Running command: mathsat /tmp/tmp5q8hjl2l.smt2
2025-06-16 01:29:38.953 | INFO     | __main__:solve:103 - Running command: mathsat /tmp/tmpoyp07g1c.smt2
2025-06-16 01:30:30.936 | INFO     | __main__:solve:103 - Running command: mathsat /tmp/tmpbu02to7k.smt2
2025-06-16 01:30:32.041 | INFO     | __main__:solve:103 - Running command: mathsat /tmp/tmpb1ifemh5.smt2
2025-06-16 01:30:40.496 | INFO     | __main__:solve:103 - Running command: mathsat /tmp/tmp1ia21djp.smt2
2025-06-16 01:30:40.912 | INFO     | __main__:solve:103 - Running command: mathsat /tmp/tmpdhch5rc1.smt2
2025-06-16 01:31:16.262 | INFO     | __main__:solve:103 - Running command: mathsat /tmp/tmp8325dvk7.smt2
2025-06-16 01:31:16.271 | INFO     | __main__:solve:103 - Running command: mathsat /tmp/tmpks_i4f0a.smt2
2025-06-16 01:31:16.406 | INFO     | __main__:solve:103 - Running command: mathsat /tmp/tmpsl0d0exw.smt2
2025-06-16 01:31:22.082 | INFO     | __main__:solve:103 - Running command: mathsat /tmp/tmpyqoc1exg.smt2
2025-06-16 01:31:22.084 | INFO     | __main__:solve:103 - Running command: mathsat /tmp/tmpst07st58.smt2
2025-06-16 01:31:22.093 | INFO     | __main__:solve:103 - Running command: mathsat /tmp/tmpy32m5861.smt2
2025-06-16 01:31:22.775 | INFO     | __main__:solve:103 - Running command: mathsat /tmp/tmp2gbdbewl.smt2
2025-06-16 01:31:24.062 | INFO     | __main__:solve:103 - Running command: mathsat /tmp/tmp0o46l99x.smt2
2025-06-16 01:31:25.513 | INFO     | __main__:solve:103 - Running command: mathsat /tmp/tmpx6gm7r6x.smt2
2025-06-16 01:32:01.454 | INFO     | __main__:solve:103 - Running command: mathsat /tmp/tmpy1tb8xh0.smt2
2025-06-16 01:32:01.527 | INFO     | __main__:solve:103 - Running command: mathsat /tmp/tmp23stbf8y.smt2
2025-06-16 01:32:01.533 | INFO     | __main__:solve:103 - Running command: mathsat /tmp/tmp19cb_eve.smt2
2025-06-16 01:32:01.559 | INFO     | __main__:solve:103 - Running command: mathsat /tmp/tmpw5er4dip.smt2
2025-06-16 01:32:01.805 | INFO     | __main__:solve:103 - Running command: mathsat /tmp/tmp9duau6nj.smt2
2025-06-16 01:32:02.329 | INFO     | __main__:solve:103 - Running command: mathsat /tmp/tmpvcjr0e22.smt2
2025-06-16 01:32:02.353 | INFO     | __main__:solve:103 - Running command: mathsat /tmp/tmp18mmklhy.smt2
2025-06-16 01:32:02.360 | INFO     | __main__:solve:103 - Running command: mathsat /tmp/tmpxnt6lgxp.smt2
2025-06-16 01:32:02.384 | INFO     | __main__:solve:103 - Running command: mathsat /tmp/tmp2p80hddq.smt2
2025-06-16 01:32:02.476 | INFO     | __main__:solve:103 - Running command: mathsat /tmp/tmp3sbpidm0.smt2
2025-06-16 01:32:03.414 | INFO     | __main__:solve:103 - Running command: mathsat /tmp/tmpjopdh6wm.smt2
2025-06-16 01:32:04.315 | INFO     | __main__:solve:103 - Running command: mathsat /tmp/tmp21pjtirj.smt2
2025-06-16 01:33:43.191 | INFO     | __main__:solve:103 - Running command: mathsat /tmp/tmp67ek0fe3.smt2
2025-06-16 01:33:43.435 | INFO     | __main__:solve:103 - Running command: mathsat /tmp/tmprotqqjfc.smt2
2025-06-16 01:33:43.473 | INFO     | __main__:solve:103 - Running command: mathsat /tmp/tmp6hnkf981.smt2
2025-06-16 01:33:43.591 | INFO     | __main__:solve:103 - Running command: mathsat /tmp/tmp6mf9eda1.smt2
2025-06-16 01:33:44.083 | INFO     | __main__:solve:103 - Running command: mathsat /tmp/tmpnvi5xwy1.smt2
2025-06-16 01:33:45.020 | INFO     | __main__:solve:103 - Running command: mathsat /tmp/tmpec8j65lc.smt2
2025-06-16 01:33:45.045 | INFO     | __main__:solve:103 - Running command: mathsat /tmp/tmp_whis88j.smt2
2025-06-16 01:33:45.070 | INFO     | __main__:solve:103 - Running command: mathsat /tmp/tmp6kym7n_f.smt2
2025-06-16 01:33:45.102 | INFO     | __main__:solve:103 - Running command: mathsat /tmp/tmpx0dpomcf.smt2
2025-06-16 01:33:45.110 | INFO     | __main__:solve:103 - Running command: mathsat /tmp/tmpvx65onvo.smt2
2025-06-16 01:33:45.121 | INFO     | __main__:solve:103 - Running command: mathsat /tmp/tmpeyizhoot.smt2
2025-06-16 01:33:45.388 | INFO     | __main__:solve:103 - Running command: mathsat /tmp/tmptjtr31bx.smt2
2025-06-16 01:33:45.595 | INFO     | __main__:solve:103 - Running command: mathsat /tmp/tmpx2ltfecn.smt2
2025-06-16 01:33:45.794 | INFO     | __main__:solve:103 - Running command: mathsat /tmp/tmpeptyfaaa.smt2
2025-06-16 01:33:45.800 | INFO     | __main__:solve:103 - Running command: mathsat /tmp/tmp7n172f5l.smt2
2025-06-16 01:33:45.957 | INFO     | __main__:solve:103 - Running command: mathsat /tmp/tmp3p_znoyj.smt2
2025-06-16 01:33:56.054 | INFO     | __main__:solve:103 - Running command: mathsat /tmp/tmp_juwiaf7.smt2
2025-06-16 01:33:56.064 | INFO     | __main__:solve:103 - Running command: mathsat /tmp/tmpznupe7sn.smt2
2025-06-16 01:33:56.091 | INFO     | __main__:solve:103 - Running command: mathsat /tmp/tmplnd4t_bv.smt2
2025-06-16 01:33:56.257 | INFO     | __main__:solve:103 - Running command: mathsat /tmp/tmpz7l0_e1o.smt2
2025-06-16 01:33:56.464 | INFO     | __main__:solve:103 - Running command: mathsat /tmp/tmps8w0xy6u.smt2
2025-06-16 01:33:56.582 | INFO     | __main__:solve:103 - Running command: mathsat /tmp/tmpbyr4lfhr.smt2
2025-06-16 01:33:56.674 | INFO     | __main__:solve:103 - Running command: mathsat /tmp/tmptds036a9.smt2
2025-06-16 01:33:56.699 | INFO     | __main__:solve:103 - Running command: mathsat /tmp/tmpel3m23a5.smt2
2025-06-16 01:33:56.729 | INFO     | __main__:solve:103 - Running command: mathsat /tmp/tmphhic8l48.smt2
2025-06-16 01:33:56.732 | INFO     | __main__:solve:103 - Running command: mathsat /tmp/tmpo_ats30m.smt2
2025-06-16 01:33:56.823 | INFO     | __main__:solve:103 - Running command: mathsat /tmp/tmps_3ewpu1.smt2
2025-06-16 01:33:56.830 | INFO     | __main__:solve:103 - Running command: mathsat /tmp/tmpdp_s7epf.smt2
2025-06-16 01:33:56.857 | INFO     | __main__:solve:103 - Running command: mathsat /tmp/tmppqugi5cs.smt2
2025-06-16 01:33:56.893 | INFO     | __main__:solve:103 - Running command: mathsat /tmp/tmpfe8a2jvz.smt2
2025-06-16 01:33:56.903 | INFO     | __main__:solve:103 - Running command: mathsat /tmp/tmp4wpm3igj.smt2
2025-06-16 01:34:21.691 | INFO     | __main__:solve:103 - Running command: mathsat /tmp/tmpkkettuzn.smt2
2025-06-16 01:34:21.695 | INFO     | __main__:solve:103 - Running command: mathsat /tmp/tmp7w2zwv3t.smt2
2025-06-16 01:34:21.941 | INFO     | __main__:solve:103 - Running command: mathsat /tmp/tmpjeez9_sf.smt2
2025-06-16 01:34:23.225 | INFO     | __main__:solve:103 - Running command: mathsat /tmp/tmpcv3l3an5.smt2
2025-06-16 01:34:24.125 | INFO     | __main__:solve:103 - Running command: mathsat /tmp/tmpzqps1ys3.smt2
2025-06-16 01:34:24.513 | INFO     | __main__:solve:103 - Running command: mathsat /tmp/tmpe5r4zwgi.smt2
2025-06-16 01:34:24.545 | INFO     | __main__:solve:103 - Running command: mathsat /tmp/tmpwjjoqppl.smt2
2025-06-16 01:34:42.493 | INFO     | __main__:solve:103 - Running command: mathsat /tmp/tmpcb67bwpr.smt2
2025-06-16 01:34:49.830 | INFO     | __main__:solve:103 - Running command: mathsat /tmp/tmpbf8kwnbe.smt2
2025-06-16 01:34:50.372 | INFO     | __main__:solve:103 - Running command: mathsat /tmp/tmpi8tpd80c.smt2
2025-06-16 01:34:50.436 | INFO     | __main__:solve:103 - Running command: mathsat /tmp/tmpvrl2yc87.smt2
2025-06-16 01:35:00.483 | INFO     | __main__:solve:103 - Running command: mathsat /tmp/tmp3t8i30fc.smt2
2025-06-16 01:35:09.402 | INFO     | __main__:solve:103 - Running command: mathsat /tmp/tmp3bayd0_f.smt2
2025-06-16 01:35:09.407 | INFO     | __main__:solve:103 - Running command: mathsat /tmp/tmpg9e_w1uq.smt2
2025-06-16 01:35:22.496 | INFO     | __main__:solve:103 - Running command: mathsat /tmp/tmp2r7bk9gq.smt2
2025-06-16 01:35:22.536 | INFO     | __main__:solve:103 - Running command: mathsat /tmp/tmpywy4qoi6.smt2
2025-06-16 01:35:22.549 | INFO     | __main__:solve:103 - Running command: mathsat /tmp/tmpq6_utl6m.smt2
2025-06-16 01:35:22.576 | INFO     | __main__:solve:103 - Running command: mathsat /tmp/tmph9o80h8s.smt2
2025-06-16 01:35:22.580 | INFO     | __main__:solve:103 - Running command: mathsat /tmp/tmp9tbju_3m.smt2
2025-06-16 01:35:22.585 | INFO     | __main__:solve:103 - Running command: mathsat /tmp/tmp2spfavxf.smt2
2025-06-16 01:35:22.597 | INFO     | __main__:solve:103 - Running command: mathsat /tmp/tmp7n99i01n.smt2
2025-06-16 01:35:23.733 | INFO     | __main__:solve:103 - Running command: mathsat /tmp/tmpumvfrorj.smt2
2025-06-16 01:35:23.742 | INFO     | __main__:solve:103 - Running command: mathsat /tmp/tmp0ye6soyv.smt2
2025-06-16 01:35:32.350 | INFO     | __main__:solve:103 - Running command: mathsat /tmp/tmpsmh7_7ms.smt2
2025-06-16 01:35:32.365 | INFO     | __main__:solve:103 - Running command: mathsat /tmp/tmpvhqb91a5.smt2
2025-06-16 01:35:32.918 | INFO     | __main__:solve:103 - Running command: mathsat /tmp/tmplucsgpjv.smt2
2025-06-16 01:35:33.300 | INFO     | __main__:solve:103 - Running command: mathsat /tmp/tmp26z0o4wq.smt2
2025-06-16 01:35:33.348 | INFO     | __main__:solve:103 - Running command: mathsat /tmp/tmp_8eb4tl2.smt2
2025-06-16 01:35:34.095 | INFO     | __main__:solve:103 - Running command: mathsat /tmp/tmpm31nvgo2.smt2
2025-06-16 01:35:34.104 | INFO     | __main__:solve:103 - Running command: mathsat /tmp/tmpiyxk53tr.smt2
2025-06-16 01:35:34.873 | INFO     | __main__:solve:103 - Running command: mathsat /tmp/tmpeoinr1yv.smt2
2025-06-16 01:35:34.896 | INFO     | __main__:solve:103 - Running command: mathsat /tmp/tmpj__8phbp.smt2
2025-06-16 01:35:34.906 | INFO     | __main__:solve:103 - Running command: mathsat /tmp/tmp6a7yov3n.smt2
2025-06-16 01:36:09.117 | INFO     | __main__:solve:103 - Running command: mathsat /tmp/tmppemn4hu9.smt2
2025-06-16 01:36:12.745 | INFO     | __main__:solve:103 - Running command: mathsat /tmp/tmpxqgftzj6.smt2
2025-06-16 01:36:12.785 | INFO     | __main__:solve:103 - Running command: mathsat /tmp/tmpxf13jtla.smt2
2025-06-16 01:36:12.791 | INFO     | __main__:solve:103 - Running command: mathsat /tmp/tmpkt4jnh4d.smt2
2025-06-16 01:36:12.817 | INFO     | __main__:solve:103 - Running command: mathsat /tmp/tmptv9vj144.smt2
2025-06-16 01:36:12.845 | INFO     | __main__:solve:103 - Running command: mathsat /tmp/tmpryiwt1iw.smt2
2025-06-16 01:36:13.434 | INFO     | __main__:solve:103 - Running command: mathsat /tmp/tmpcgt5rl9w.smt2
2025-06-16 01:36:13.444 | INFO     | __main__:solve:103 - Running command: mathsat /tmp/tmp_45q0wze.smt2
2025-06-16 01:36:13.649 | INFO     | __main__:solve:103 - Running command: mathsat /tmp/tmprv6mrstb.smt2
2025-06-16 01:36:14.283 | INFO     | __main__:solve:103 - Running command: mathsat /tmp/tmpn_9zlug9.smt2
2025-06-16 01:36:14.310 | INFO     | __main__:solve:103 - Running command: mathsat /tmp/tmpmrvg2uvo.smt2
2025-06-16 01:36:14.357 | INFO     | __main__:solve:103 - Running command: mathsat /tmp/tmpwnj_1k5z.smt2
2025-06-16 01:36:14.384 | INFO     | __main__:solve:103 - Running command: mathsat /tmp/tmpw9h6ohvp.smt2
2025-06-16 01:36:14.392 | INFO     | __main__:solve:103 - Running command: mathsat /tmp/tmpg1ee_czw.smt2
2025-06-16 01:36:14.420 | INFO     | __main__:solve:103 - Running command: mathsat /tmp/tmptzzjwxuc.smt2
2025-06-16 01:36:14.436 | INFO     | __main__:solve:103 - Running command: mathsat /tmp/tmpx9n4x1nr.smt2
2025-06-16 01:36:14.445 | INFO     | __main__:solve:103 - Running command: mathsat /tmp/tmpo9m3yd_v.smt2
2025-06-16 01:36:14.456 | INFO     | __main__:solve:103 - Running command: mathsat /tmp/tmprqyx6qzg.smt2
2025-06-16 01:36:14.461 | INFO     | __main__:solve:103 - Running command: mathsat /tmp/tmp26f_uuni.smt2
2025-06-16 01:36:14.487 | INFO     | __main__:solve:103 - Running command: mathsat /tmp/tmprggldha3.smt2
2025-06-16 01:36:14.493 | INFO     | __main__:solve:103 - Running command: mathsat /tmp/tmpe10a59oq.smt2
2025-06-16 01:36:14.524 | INFO     | __main__:solve:103 - Running command: mathsat /tmp/tmpqxj83hho.smt2
2025-06-16 01:36:14.690 | INFO     | __main__:solve:103 - Running command: mathsat /tmp/tmpqtcenqg8.smt2
2025-06-16 01:36:14.700 | INFO     | __main__:solve:103 - Running command: mathsat /tmp/tmpu7jprkh_.smt2
2025-06-16 01:36:15.786 | INFO     | __main__:solve:103 - Running command: mathsat /tmp/tmpnrxrytqk.smt2
2025-06-16 01:36:16.062 | INFO     | __main__:solve:103 - Running command: mathsat /tmp/tmpdmmfihz2.smt2
2025-06-16 01:36:16.093 | INFO     | __main__:solve:103 - Running command: mathsat /tmp/tmp0q0jszv6.smt2
2025-06-16 01:36:16.096 | INFO     | __main__:solve:103 - Running command: mathsat /tmp/tmptf3cm29q.smt2
2025-06-16 01:36:16.100 | INFO     | __main__:solve:103 - Running command: mathsat /tmp/tmpehjjc_hi.smt2
2025-06-16 01:36:16.105 | INFO     | __main__:solve:103 - Running command: mathsat /tmp/tmp5k7xaekb.smt2
2025-06-16 01:36:16.113 | INFO     | __main__:solve:103 - Running command: mathsat /tmp/tmprqdaekis.smt2
2025-06-16 01:36:16.201 | INFO     | __main__:solve:103 - Running command: mathsat /tmp/tmpmotgjoft.smt2
2025-06-16 01:36:16.540 | INFO     | __main__:solve:103 - Running command: mathsat /tmp/tmpf3o95vs6.smt2
2025-06-16 01:36:17.015 | INFO     | __main__:solve:103 - Running command: mathsat /tmp/tmpcjf35tpm.smt2
2025-06-16 01:36:17.041 | INFO     | __main__:solve:103 - Running command: mathsat /tmp/tmp9k8iz0k_.smt2
2025-06-16 01:36:17.051 | INFO     | __main__:solve:103 - Running command: mathsat /tmp/tmpi8momtym.smt2
2025-06-16 01:36:18.903 | INFO     | __main__:solve:103 - Running command: mathsat /tmp/tmp1wgno22v.smt2
2025-06-16 01:36:19.056 | INFO     | __main__:solve:103 - Running command: mathsat /tmp/tmp747o8q4g.smt2
2025-06-16 01:36:19.065 | INFO     | __main__:solve:103 - Running command: mathsat /tmp/tmpjtsrlhfk.smt2
2025-06-16 01:36:19.079 | INFO     | __main__:solve:103 - Running command: mathsat /tmp/tmph21fw0jk.smt2
2025-06-16 01:36:20.331 | INFO     | __main__:solve:103 - Running command: mathsat /tmp/tmpe2j6hbhi.smt2
2025-06-16 01:36:20.350 | INFO     | __main__:solve:103 - Running command: mathsat /tmp/tmp06ct3lx1.smt2
2025-06-16 01:36:20.448 | INFO     | __main__:solve:103 - Running command: mathsat /tmp/tmpo8_b8mhx.smt2
2025-06-16 01:36:20.456 | INFO     | __main__:solve:103 - Running command: mathsat /tmp/tmpxn48hxem.smt2
2025-06-16 01:36:22.211 | INFO     | __main__:solve:103 - Running command: mathsat /tmp/tmpgzde5jqv.smt2
2025-06-16 01:36:22.629 | INFO     | __main__:solve:103 - Running command: mathsat /tmp/tmp63b_glzj.smt2
2025-06-16 01:39:57.657 | INFO     | __main__:solve:103 - Running command: mathsat /tmp/tmpt_l6s1w8.smt2
2025-06-16 01:39:57.657 | INFO     | __main__:solve:103 - Running command: mathsat /tmp/tmp9bcg4hzg.smt2
2025-06-16 01:39:57.658 | INFO     | __main__:solve:103 - Running command: mathsat /tmp/tmprkpv6l0i.smt2
2025-06-16 01:39:57.658 | INFO     | __main__:solve:103 - Running command: mathsat /tmp/tmptszb5job.smt2
2025-06-16 01:39:57.658 | INFO     | __main__:solve:103 - Running command: mathsat /tmp/tmped_bkf64.smt2
2025-06-16 01:39:57.659 | INFO     | __main__:solve:103 - Running command: mathsat /tmp/tmp9mrmrjo_.smt2
2025-06-16 01:39:57.659 | INFO     | __main__:solve:103 - Running command: mathsat /tmp/tmp0mpp16zt.smt2
2025-06-16 01:39:57.660 | INFO     | __main__:solve:103 - Running command: mathsat /tmp/tmp1t7_2t0p.smt2
2025-06-16 01:39:57.662 | INFO     | __main__:solve:103 - Running command: mathsat /tmp/tmpl_efgtyo.smt2
2025-06-16 01:39:57.665 | INFO     | __main__:solve:103 - Running command: mathsat /tmp/tmp1bklvbat.smt2
2025-06-16 01:39:57.671 | INFO     | __main__:solve:103 - Running command: mathsat /tmp/tmp9cnhpqna.smt2
2025-06-16 01:39:57.677 | INFO     | __main__:solve:103 - Running command: mathsat /tmp/tmp3d2p0j7o.smt2
2025-06-16 01:39:57.707 | INFO     | __main__:solve:103 - Running command: mathsat /tmp/tmp4q_b990k.smt2
2025-06-16 01:39:57.719 | INFO     | __main__:solve:103 - Running command: mathsat /tmp/tmpnqtlxude.smt2
2025-06-16 01:39:57.723 | INFO     | __main__:solve:103 - Running command: mathsat /tmp/tmptom3kofz.smt2
2025-06-16 01:39:57.731 | INFO     | __main__:solve:103 - Running command: mathsat /tmp/tmp4bxww4o1.smt2
2025-06-16 01:39:57.740 | INFO     | __main__:solve:103 - Running command: mathsat /tmp/tmp88hkfymr.smt2
2025-06-16 01:39:58.262 | INFO     | __main__:solve:103 - Running command: mathsat /tmp/tmpao5cy4wz.smt2
2025-06-16 01:39:58.268 | INFO     | __main__:solve:103 - Running command: mathsat /tmp/tmp6il7u_yz.smt2
2025-06-16 01:39:58.494 | INFO     | __main__:solve:103 - Running command: mathsat /tmp/tmp_p1wzq2p.smt2
2025-06-16 01:39:58.504 | INFO     | __main__:solve:103 - Running command: mathsat /tmp/tmpxkf8ie21.smt2
2025-06-16 01:39:58.513 | INFO     | __main__:solve:103 - Running command: mathsat /tmp/tmp2x3e5vla.smt2
2025-06-16 01:39:58.521 | INFO     | __main__:solve:103 - Running command: mathsat /tmp/tmpcvuw3jz7.smt2
2025-06-16 01:39:58.545 | INFO     | __main__:solve:103 - Running command: mathsat /tmp/tmppifdu3b4.smt2
2025-06-16 01:39:58.548 | INFO     | __main__:solve:103 - Running command: mathsat /tmp/tmp3cmmksdt.smt2
2025-06-16 01:39:58.635 | INFO     | __main__:solve:103 - Running command: mathsat /tmp/tmpn8z3j3b9.smt2
2025-06-16 01:39:58.647 | INFO     | __main__:solve:103 - Running command: mathsat /tmp/tmp50tpwx4f.smt2
2025-06-16 01:39:58.914 | INFO     | __main__:solve:103 - Running command: mathsat /tmp/tmp8npa22uc.smt2
