2025-06-15 01:36:21.227 | INFO     | __main__:get_Z3_result:339 - Z3批量求解任务启动，待处理文件数: 449
2025-06-15 01:36:21.228 | INFO     | __main__:get_Z3_result:345 - 未求解文件数: 449
2025-06-15 01:36:21.234 | INFO     | __main__:process_z3_file:293 - [Worker] 开始处理: /home/nju/Downloads/smt/buzybox_angr.tar.gz/single_test/udhcpc/udhcpc6673731
2025-06-15 01:36:21.234 | INFO     | __main__:process_z3_file:293 - [Worker] 开始处理: /home/nju/Downloads/smt/buzybox_angr.tar.gz/single_test/udhcpc/udhcpc6667828
2025-06-15 01:36:21.234 | INFO     | __main__:process_z3_file:293 - [Worker] 开始处理: /home/nju/Downloads/smt/buzybox_angr.tar.gz/single_test/udhcpc/udhcpc6665859
2025-06-15 01:36:21.234 | INFO     | __main__:process_z3_file:293 - [Worker] 开始处理: /home/nju/Downloads/smt/buzybox_angr.tar.gz/single_test/lsmod/lsmod1279453
2025-06-15 01:36:21.235 | INFO     | __main__:process_z3_file:323 - [Worker] 处理异常: /home/nju/Downloads/smt/buzybox_angr.tar.gz/single_test/udhcpc/udhcpc6673731, 错误: [Errno 2] No such file or directory: '/home/nju/Downloads/smt/buzybox_angr.tar.gz/single_test/udhcpc/udhcpc6673731'
2025-06-15 01:36:21.235 | INFO     | __main__:process_z3_file:323 - [Worker] 处理异常: /home/nju/Downloads/smt/buzybox_angr.tar.gz/single_test/udhcpc/udhcpc6665859, 错误: [Errno 2] No such file or directory: '/home/nju/Downloads/smt/buzybox_angr.tar.gz/single_test/udhcpc/udhcpc6665859'
2025-06-15 01:36:21.235 | INFO     | __main__:process_z3_file:323 - [Worker] 处理异常: /home/nju/Downloads/smt/buzybox_angr.tar.gz/single_test/udhcpc/udhcpc6667828, 错误: [Errno 2] No such file or directory: '/home/nju/Downloads/smt/buzybox_angr.tar.gz/single_test/udhcpc/udhcpc6667828'
2025-06-15 01:36:21.234 | INFO     | __main__:process_z3_file:293 - [Worker] 开始处理: /home/nju/Downloads/smt/buzybox_angr.tar.gz/single_test/lsmod/lsmod1210212
2025-06-15 01:36:21.234 | INFO     | __main__:process_z3_file:293 - [Worker] 开始处理: /home/nju/Downloads/smt/buzybox_angr.tar.gz/single_test/lsmod/lsmod1457448
2025-06-15 01:36:21.234 | INFO     | __main__:process_z3_file:293 - [Worker] 开始处理: /home/nju/Downloads/smt/buzybox_angr.tar.gz/single_test/lsmod/lsmod1511861
2025-06-15 01:36:21.235 | INFO     | __main__:process_z3_file:323 - [Worker] 处理异常: /home/nju/Downloads/smt/buzybox_angr.tar.gz/single_test/lsmod/lsmod1279453, 错误: [Errno 2] No such file or directory: '/home/nju/Downloads/smt/buzybox_angr.tar.gz/single_test/lsmod/lsmod1279453'
2025-06-15 01:36:21.235 | INFO     | __main__:process_z3_file:293 - [Worker] 开始处理: /home/nju/Downloads/smt/buzybox_angr.tar.gz/single_test/lsmod/lsmod1170660
2025-06-15 01:36:21.235 | INFO     | __main__:process_z3_file:323 - [Worker] 处理异常: /home/nju/Downloads/smt/buzybox_angr.tar.gz/single_test/lsmod/lsmod1210212, 错误: [Errno 2] No such file or directory: '/home/nju/Downloads/smt/buzybox_angr.tar.gz/single_test/lsmod/lsmod1210212'
2025-06-15 01:36:21.235 | INFO     | __main__:process_z3_file:293 - [Worker] 开始处理: /home/nju/Downloads/smt/buzybox_angr.tar.gz/single_test/lsmod/lsmod1180553
2025-06-15 01:36:21.234 | INFO     | __main__:process_z3_file:293 - [Worker] 开始处理: /home/nju/Downloads/smt/buzybox_angr.tar.gz/single_test/lsmod/lsmod1477234
2025-06-15 01:36:21.235 | INFO     | __main__:process_z3_file:293 - [Worker] 开始处理: /home/nju/Downloads/smt/buzybox_angr.tar.gz/single_test/lsmod/lsmod1185504
2025-06-15 01:36:21.235 | INFO     | __main__:process_z3_file:323 - [Worker] 处理异常: /home/nju/Downloads/smt/buzybox_angr.tar.gz/single_test/lsmod/lsmod1170660, 错误: [Errno 2] No such file or directory: '/home/nju/Downloads/smt/buzybox_angr.tar.gz/single_test/lsmod/lsmod1170660'
2025-06-15 01:36:21.235 | INFO     | __main__:process_z3_file:323 - [Worker] 处理异常: /home/nju/Downloads/smt/buzybox_angr.tar.gz/single_test/lsmod/lsmod1511861, 错误: [Errno 2] No such file or directory: '/home/nju/Downloads/smt/buzybox_angr.tar.gz/single_test/lsmod/lsmod1511861'
2025-06-15 01:36:21.235 | INFO     | __main__:process_z3_file:323 - [Worker] 处理异常: /home/nju/Downloads/smt/buzybox_angr.tar.gz/single_test/lsmod/lsmod1457448, 错误: [Errno 2] No such file or directory: '/home/nju/Downloads/smt/buzybox_angr.tar.gz/single_test/lsmod/lsmod1457448'
2025-06-15 01:36:21.235 | INFO     | __main__:process_z3_file:323 - [Worker] 处理异常: /home/nju/Downloads/smt/buzybox_angr.tar.gz/single_test/lsmod/lsmod1180553, 错误: [Errno 2] No such file or directory: '/home/nju/Downloads/smt/buzybox_angr.tar.gz/single_test/lsmod/lsmod1180553'
2025-06-15 01:36:21.235 | INFO     | __main__:process_z3_file:293 - [Worker] 开始处理: /home/nju/Downloads/smt/buzybox_angr.tar.gz/single_test/lsmod/lsmod1501963
2025-06-15 01:36:21.235 | INFO     | __main__:process_z3_file:293 - [Worker] 开始处理: /home/nju/Downloads/smt/buzybox_angr.tar.gz/single_test/lsmod/lsmod1239887
2025-06-15 01:36:21.235 | INFO     | __main__:process_z3_file:293 - [Worker] 开始处理: /home/nju/Downloads/smt/buzybox_angr.tar.gz/single_test/lsmod/lsmod1363508
2025-06-15 01:36:21.235 | INFO     | __main__:process_z3_file:323 - [Worker] 处理异常: /home/nju/Downloads/smt/buzybox_angr.tar.gz/single_test/lsmod/lsmod1501963, 错误: [Errno 2] No such file or directory: '/home/nju/Downloads/smt/buzybox_angr.tar.gz/single_test/lsmod/lsmod1501963'
2025-06-15 01:36:21.235 | INFO     | __main__:process_z3_file:293 - [Worker] 开始处理: /home/nju/Downloads/smt/buzybox_angr.tar.gz/single_test/lsmod/lsmod1111306
2025-06-15 01:36:21.235 | INFO     | __main__:process_z3_file:323 - [Worker] 处理异常: /home/nju/Downloads/smt/buzybox_angr.tar.gz/single_test/lsmod/lsmod1185504, 错误: [Errno 2] No such file or directory: '/home/nju/Downloads/smt/buzybox_angr.tar.gz/single_test/lsmod/lsmod1185504'
2025-06-15 01:36:21.235 | INFO     | __main__:process_z3_file:323 - [Worker] 处理异常: /home/nju/Downloads/smt/buzybox_angr.tar.gz/single_test/lsmod/lsmod1239887, 错误: [Errno 2] No such file or directory: '/home/nju/Downloads/smt/buzybox_angr.tar.gz/single_test/lsmod/lsmod1239887'
2025-06-15 01:36:21.235 | INFO     | __main__:process_z3_file:323 - [Worker] 处理异常: /home/nju/Downloads/smt/buzybox_angr.tar.gz/single_test/lsmod/lsmod1363508, 错误: [Errno 2] No such file or directory: '/home/nju/Downloads/smt/buzybox_angr.tar.gz/single_test/lsmod/lsmod1363508'
2025-06-15 01:36:21.235 | INFO     | __main__:process_z3_file:293 - [Worker] 开始处理: /home/nju/Downloads/smt/buzybox_angr.tar.gz/single_test/lsmod/lsmod1304150
2025-06-15 01:36:21.235 | INFO     | __main__:process_z3_file:293 - [Worker] 开始处理: /home/nju/Downloads/smt/buzybox_angr.tar.gz/single_test/lsmod/lsmod1175597
2025-06-15 01:36:21.235 | INFO     | __main__:process_z3_file:323 - [Worker] 处理异常: /home/nju/Downloads/smt/buzybox_angr.tar.gz/single_test/lsmod/lsmod1111306, 错误: [Errno 2] No such file or directory: '/home/nju/Downloads/smt/buzybox_angr.tar.gz/single_test/lsmod/lsmod1111306'
2025-06-15 01:36:21.235 | INFO     | __main__:process_z3_file:293 - [Worker] 开始处理: /home/nju/Downloads/smt/buzybox_angr.tar.gz/single_test/lsmod/lsmod1378334
2025-06-15 01:36:21.235 | INFO     | __main__:process_z3_file:323 - [Worker] 处理异常: /home/nju/Downloads/smt/buzybox_angr.tar.gz/single_test/lsmod/lsmod1477234, 错误: [Errno 2] No such file or directory: '/home/nju/Downloads/smt/buzybox_angr.tar.gz/single_test/lsmod/lsmod1477234'
2025-06-15 01:36:21.235 | INFO     | __main__:process_z3_file:293 - [Worker] 开始处理: /home/nju/Downloads/smt/buzybox_angr.tar.gz/single_test/lsmod/lsmod1140979
2025-06-15 01:36:21.235 | INFO     | __main__:process_z3_file:323 - [Worker] 处理异常: /home/nju/Downloads/smt/buzybox_angr.tar.gz/single_test/lsmod/lsmod1304150, 错误: [Errno 2] No such file or directory: '/home/nju/Downloads/smt/buzybox_angr.tar.gz/single_test/lsmod/lsmod1304150'
2025-06-15 01:36:21.235 | INFO     | __main__:process_z3_file:293 - [Worker] 开始处理: /home/nju/Downloads/smt/buzybox_angr.tar.gz/single_test/lsmod/lsmod1427784
2025-06-15 01:36:21.235 | INFO     | __main__:process_z3_file:323 - [Worker] 处理异常: /home/nju/Downloads/smt/buzybox_angr.tar.gz/single_test/lsmod/lsmod1175597, 错误: [Errno 2] No such file or directory: '/home/nju/Downloads/smt/buzybox_angr.tar.gz/single_test/lsmod/lsmod1175597'
2025-06-15 01:36:21.235 | INFO     | __main__:process_z3_file:323 - [Worker] 处理异常: /home/nju/Downloads/smt/buzybox_angr.tar.gz/single_test/lsmod/lsmod1378334, 错误: [Errno 2] No such file or directory: '/home/nju/Downloads/smt/buzybox_angr.tar.gz/single_test/lsmod/lsmod1378334'
2025-06-15 01:36:21.235 | INFO     | __main__:process_z3_file:293 - [Worker] 开始处理: /home/nju/Downloads/smt/buzybox_angr.tar.gz/single_test/lsmod/lsmod1536565
2025-06-15 01:36:21.235 | INFO     | __main__:process_z3_file:323 - [Worker] 处理异常: /home/nju/Downloads/smt/buzybox_angr.tar.gz/single_test/lsmod/lsmod1140979, 错误: [Errno 2] No such file or directory: '/home/nju/Downloads/smt/buzybox_angr.tar.gz/single_test/lsmod/lsmod1140979'
2025-06-15 01:36:21.235 | INFO     | __main__:process_z3_file:323 - [Worker] 处理异常: /home/nju/Downloads/smt/buzybox_angr.tar.gz/single_test/lsmod/lsmod1427784, 错误: [Errno 2] No such file or directory: '/home/nju/Downloads/smt/buzybox_angr.tar.gz/single_test/lsmod/lsmod1427784'
2025-06-15 01:36:21.235 | INFO     | __main__:process_z3_file:293 - [Worker] 开始处理: /home/nju/Downloads/smt/buzybox_angr.tar.gz/single_test/lsmod/lsmod1442610
2025-06-15 01:36:21.235 | INFO     | __main__:process_z3_file:323 - [Worker] 处理异常: /home/nju/Downloads/smt/buzybox_angr.tar.gz/single_test/lsmod/lsmod1536565, 错误: [Errno 2] No such file or directory: '/home/nju/Downloads/smt/buzybox_angr.tar.gz/single_test/lsmod/lsmod1536565'
2025-06-15 01:36:21.235 | INFO     | __main__:process_z3_file:293 - [Worker] 开始处理: /home/nju/Downloads/smt/buzybox_angr.tar.gz/single_test/lsmod/lsmod1487115
2025-06-15 01:36:21.235 | INFO     | __main__:process_z3_file:293 - [Worker] 开始处理: /home/nju/Downloads/smt/buzybox_angr.tar.gz/single_test/lsmod/lsmod1472283
2025-06-15 01:36:21.235 | INFO     | __main__:process_z3_file:293 - [Worker] 开始处理: /home/nju/Downloads/smt/buzybox_angr.tar.gz/single_test/lsmod/lsmod1516806
2025-06-15 01:36:21.235 | INFO     | __main__:process_z3_file:293 - [Worker] 开始处理: /home/nju/Downloads/smt/buzybox_angr.tar.gz/single_test/lsmod/lsmod1531625
2025-06-15 01:36:21.235 | INFO     | __main__:process_z3_file:293 - [Worker] 开始处理: /home/nju/Downloads/smt/buzybox_angr.tar.gz/single_test/lsmod/lsmod1190446
2025-06-15 01:36:21.235 | INFO     | __main__:process_z3_file:323 - [Worker] 处理异常: /home/nju/Downloads/smt/buzybox_angr.tar.gz/single_test/lsmod/lsmod1442610, 错误: [Errno 2] No such file or directory: '/home/nju/Downloads/smt/buzybox_angr.tar.gz/single_test/lsmod/lsmod1442610'
2025-06-15 01:36:21.235 | INFO     | __main__:process_z3_file:293 - [Worker] 开始处理: /home/nju/Downloads/smt/buzybox_angr.tar.gz/single_test/lsmod/lsmod1155821
2025-06-15 01:36:21.235 | INFO     | __main__:process_z3_file:323 - [Worker] 处理异常: /home/nju/Downloads/smt/buzybox_angr.tar.gz/single_test/lsmod/lsmod1487115, 错误: [Errno 2] No such file or directory: '/home/nju/Downloads/smt/buzybox_angr.tar.gz/single_test/lsmod/lsmod1487115'
2025-06-15 01:36:21.235 | INFO     | __main__:process_z3_file:323 - [Worker] 处理异常: /home/nju/Downloads/smt/buzybox_angr.tar.gz/single_test/lsmod/lsmod1516806, 错误: [Errno 2] No such file or directory: '/home/nju/Downloads/smt/buzybox_angr.tar.gz/single_test/lsmod/lsmod1516806'
2025-06-15 01:36:21.235 | INFO     | __main__:process_z3_file:323 - [Worker] 处理异常: /home/nju/Downloads/smt/buzybox_angr.tar.gz/single_test/lsmod/lsmod1531625, 错误: [Errno 2] No such file or directory: '/home/nju/Downloads/smt/buzybox_angr.tar.gz/single_test/lsmod/lsmod1531625'
2025-06-15 01:36:21.235 | INFO     | __main__:process_z3_file:323 - [Worker] 处理异常: /home/nju/Downloads/smt/buzybox_angr.tar.gz/single_test/lsmod/lsmod1190446, 错误: [Errno 2] No such file or directory: '/home/nju/Downloads/smt/buzybox_angr.tar.gz/single_test/lsmod/lsmod1190446'
2025-06-15 01:36:21.235 | INFO     | __main__:process_z3_file:293 - [Worker] 开始处理: /home/nju/Downloads/smt/buzybox_angr.tar.gz/single_test/lsmod/lsmod1432726
2025-06-15 01:36:21.235 | INFO     | __main__:process_z3_file:293 - [Worker] 开始处理: /home/nju/Downloads/smt/buzybox_angr.tar.gz/single_test/lsmod/lsmod1106358
2025-06-15 01:36:21.235 | INFO     | __main__:process_z3_file:323 - [Worker] 处理异常: /home/nju/Downloads/smt/buzybox_angr.tar.gz/single_test/lsmod/lsmod1155821, 错误: [Errno 2] No such file or directory: '/home/nju/Downloads/smt/buzybox_angr.tar.gz/single_test/lsmod/lsmod1155821'
2025-06-15 01:36:21.235 | INFO     | __main__:process_z3_file:293 - [Worker] 开始处理: /home/nju/Downloads/smt/buzybox_angr.tar.gz/single_test/lsmod/lsmod1447559
2025-06-15 01:36:21.235 | INFO     | __main__:process_z3_file:293 - [Worker] 开始处理: /home/nju/Downloads/smt/buzybox_angr.tar.gz/single_test/lsmod/lsmod1299201
2025-06-15 01:36:21.235 | INFO     | __main__:process_z3_file:293 - [Worker] 开始处理: /home/nju/Downloads/smt/buzybox_angr.tar.gz/single_test/lsmod/lsmod1407998
2025-06-15 01:36:21.235 | INFO     | __main__:process_z3_file:293 - [Worker] 开始处理: /home/nju/Downloads/smt/buzybox_angr.tar.gz/single_test/lsmod/lsmod1195380
2025-06-15 01:36:21.235 | INFO     | __main__:process_z3_file:323 - [Worker] 处理异常: /home/nju/Downloads/smt/buzybox_angr.tar.gz/single_test/lsmod/lsmod1106358, 错误: [Errno 2] No such file or directory: '/home/nju/Downloads/smt/buzybox_angr.tar.gz/single_test/lsmod/lsmod1106358'
2025-06-15 01:36:21.235 | INFO     | __main__:process_z3_file:323 - [Worker] 处理异常: /home/nju/Downloads/smt/buzybox_angr.tar.gz/single_test/lsmod/lsmod1472283, 错误: [Errno 2] No such file or directory: '/home/nju/Downloads/smt/buzybox_angr.tar.gz/single_test/lsmod/lsmod1472283'
2025-06-15 01:36:21.235 | INFO     | __main__:process_z3_file:293 - [Worker] 开始处理: /home/nju/Downloads/smt/buzybox_angr.tar.gz/single_test/lsmod/lsmod1412940
2025-06-15 01:36:21.235 | INFO     | __main__:process_z3_file:323 - [Worker] 处理异常: /home/nju/Downloads/smt/buzybox_angr.tar.gz/single_test/lsmod/lsmod1447559, 错误: [Errno 2] No such file or directory: '/home/nju/Downloads/smt/buzybox_angr.tar.gz/single_test/lsmod/lsmod1447559'
2025-06-15 01:36:21.235 | INFO     | __main__:process_z3_file:323 - [Worker] 处理异常: /home/nju/Downloads/smt/buzybox_angr.tar.gz/single_test/lsmod/lsmod1299201, 错误: [Errno 2] No such file or directory: '/home/nju/Downloads/smt/buzybox_angr.tar.gz/single_test/lsmod/lsmod1299201'
2025-06-15 01:36:21.235 | INFO     | __main__:process_z3_file:323 - [Worker] 处理异常: /home/nju/Downloads/smt/buzybox_angr.tar.gz/single_test/lsmod/lsmod1195380, 错误: [Errno 2] No such file or directory: '/home/nju/Downloads/smt/buzybox_angr.tar.gz/single_test/lsmod/lsmod1195380'
2025-06-15 01:36:21.235 | INFO     | __main__:process_z3_file:323 - [Worker] 处理异常: /home/nju/Downloads/smt/buzybox_angr.tar.gz/single_test/lsmod/lsmod1407998, 错误: [Errno 2] No such file or directory: '/home/nju/Downloads/smt/buzybox_angr.tar.gz/single_test/lsmod/lsmod1407998'
2025-06-15 01:36:21.235 | INFO     | __main__:process_z3_file:323 - [Worker] 处理异常: /home/nju/Downloads/smt/buzybox_angr.tar.gz/single_test/lsmod/lsmod1412940, 错误: [Errno 2] No such file or directory: '/home/nju/Downloads/smt/buzybox_angr.tar.gz/single_test/lsmod/lsmod1412940'
2025-06-15 01:36:21.235 | INFO     | __main__:process_z3_file:293 - [Worker] 开始处理: /home/nju/Downloads/smt/buzybox_angr.tar.gz/single_test/lsmod/lsmod1353611
2025-06-15 01:36:21.235 | INFO     | __main__:process_z3_file:323 - [Worker] 处理异常: /home/nju/Downloads/smt/buzybox_angr.tar.gz/single_test/lsmod/lsmod1432726, 错误: [Errno 2] No such file or directory: '/home/nju/Downloads/smt/buzybox_angr.tar.gz/single_test/lsmod/lsmod1432726'
2025-06-15 01:36:21.235 | INFO     | __main__:process_z3_file:293 - [Worker] 开始处理: /home/nju/Downloads/smt/buzybox_angr.tar.gz/single_test/lsmod/lsmod1096465
2025-06-15 01:36:21.235 | INFO     | __main__:process_z3_file:293 - [Worker] 开始处理: /home/nju/Downloads/smt/buzybox_angr.tar.gz/single_test/lsmod/lsmod1284381
2025-06-15 01:36:21.235 | INFO     | __main__:process_z3_file:293 - [Worker] 开始处理: /home/nju/Downloads/smt/buzybox_angr.tar.gz/single_test/lsmod/lsmod1482183
2025-06-15 01:36:21.235 | INFO     | __main__:process_z3_file:323 - [Worker] 处理异常: /home/nju/Downloads/smt/buzybox_angr.tar.gz/single_test/lsmod/lsmod1353611, 错误: [Errno 2] No such file or directory: '/home/nju/Downloads/smt/buzybox_angr.tar.gz/single_test/lsmod/lsmod1353611'
2025-06-15 01:36:21.235 | INFO     | __main__:process_z3_file:293 - [Worker] 开始处理: /home/nju/Downloads/smt/buzybox_angr.tar.gz/single_test/lsmod/lsmod1234944
2025-06-15 01:36:21.235 | INFO     | __main__:process_z3_file:293 - [Worker] 开始处理: /home/nju/Downloads/smt/buzybox_angr.tar.gz/single_test/lsmod/lsmod1338770
2025-06-15 01:36:21.235 | INFO     | __main__:process_z3_file:293 - [Worker] 开始处理: /home/nju/Downloads/smt/buzybox_angr.tar.gz/single_test/lsmod/lsmod1403060
2025-06-15 01:36:21.235 | INFO     | __main__:process_z3_file:323 - [Worker] 处理异常: /home/nju/Downloads/smt/buzybox_angr.tar.gz/single_test/lsmod/lsmod1096465, 错误: [Errno 2] No such file or directory: '/home/nju/Downloads/smt/buzybox_angr.tar.gz/single_test/lsmod/lsmod1096465'
2025-06-15 01:36:21.235 | INFO     | __main__:process_z3_file:323 - [Worker] 处理异常: /home/nju/Downloads/smt/buzybox_angr.tar.gz/single_test/lsmod/lsmod1284381, 错误: [Errno 2] No such file or directory: '/home/nju/Downloads/smt/buzybox_angr.tar.gz/single_test/lsmod/lsmod1284381'
2025-06-15 01:36:21.235 | INFO     | __main__:process_z3_file:323 - [Worker] 处理异常: /home/nju/Downloads/smt/buzybox_angr.tar.gz/single_test/lsmod/lsmod1482183, 错误: [Errno 2] No such file or directory: '/home/nju/Downloads/smt/buzybox_angr.tar.gz/single_test/lsmod/lsmod1482183'
2025-06-15 01:36:21.235 | INFO     | __main__:process_z3_file:323 - [Worker] 处理异常: /home/nju/Downloads/smt/buzybox_angr.tar.gz/single_test/lsmod/lsmod1234944, 错误: [Errno 2] No such file or directory: '/home/nju/Downloads/smt/buzybox_angr.tar.gz/single_test/lsmod/lsmod1234944'
2025-06-15 01:36:21.235 | INFO     | __main__:process_z3_file:323 - [Worker] 处理异常: /home/nju/Downloads/smt/buzybox_angr.tar.gz/single_test/lsmod/lsmod1338770, 错误: [Errno 2] No such file or directory: '/home/nju/Downloads/smt/buzybox_angr.tar.gz/single_test/lsmod/lsmod1338770'
2025-06-15 01:36:21.235 | INFO     | __main__:process_z3_file:293 - [Worker] 开始处理: /home/nju/Downloads/smt/buzybox_angr.tar.gz/single_test/lsmod/lsmod1314036
2025-06-15 01:36:21.235 | INFO     | __main__:process_z3_file:293 - [Worker] 开始处理: /home/nju/Downloads/smt/buzybox_angr.tar.gz/single_test/lsmod/lsmod1462393
2025-06-15 01:36:21.235 | INFO     | __main__:process_z3_file:293 - [Worker] 开始处理: /home/nju/Downloads/smt/buzybox_angr.tar.gz/single_test/lsmod/lsmod1373393
2025-06-15 01:36:21.235 | INFO     | __main__:process_z3_file:323 - [Worker] 处理异常: /home/nju/Downloads/smt/buzybox_angr.tar.gz/single_test/lsmod/lsmod1314036, 错误: [Errno 2] No such file or directory: '/home/nju/Downloads/smt/buzybox_angr.tar.gz/single_test/lsmod/lsmod1314036'
2025-06-15 01:36:21.235 | INFO     | __main__:process_z3_file:293 - [Worker] 开始处理: /home/nju/Downloads/smt/buzybox_angr.tar.gz/single_test/lsmod/lsmod1215157
2025-06-15 01:36:21.235 | INFO     | __main__:process_z3_file:293 - [Worker] 开始处理: /home/nju/Downloads/smt/buzybox_angr.tar.gz/single_test/lsmod/lsmod1254732
2025-06-15 01:36:21.235 | INFO     | __main__:process_z3_file:293 - [Worker] 开始处理: /home/nju/Downloads/smt/buzybox_angr.tar.gz/single_test/lsmod/lsmod1506917
2025-06-15 01:36:21.235 | INFO     | __main__:process_z3_file:323 - [Worker] 处理异常: /home/nju/Downloads/smt/buzybox_angr.tar.gz/single_test/lsmod/lsmod1403060, 错误: [Errno 2] No such file or directory: '/home/nju/Downloads/smt/buzybox_angr.tar.gz/single_test/lsmod/lsmod1403060'
2025-06-15 01:36:21.235 | INFO     | __main__:process_z3_file:323 - [Worker] 处理异常: /home/nju/Downloads/smt/buzybox_angr.tar.gz/single_test/lsmod/lsmod1462393, 错误: [Errno 2] No such file or directory: '/home/nju/Downloads/smt/buzybox_angr.tar.gz/single_test/lsmod/lsmod1462393'
2025-06-15 01:36:21.235 | INFO     | __main__:process_z3_file:323 - [Worker] 处理异常: /home/nju/Downloads/smt/buzybox_angr.tar.gz/single_test/lsmod/lsmod1373393, 错误: [Errno 2] No such file or directory: '/home/nju/Downloads/smt/buzybox_angr.tar.gz/single_test/lsmod/lsmod1373393'
2025-06-15 01:36:21.235 | INFO     | __main__:process_z3_file:293 - [Worker] 开始处理: /home/nju/Downloads/smt/buzybox_angr.tar.gz/single_test/lsmod/lsmod1121208
2025-06-15 01:36:21.235 | INFO     | __main__:process_z3_file:323 - [Worker] 处理异常: /home/nju/Downloads/smt/buzybox_angr.tar.gz/single_test/lsmod/lsmod1215157, 错误: [Errno 2] No such file or directory: '/home/nju/Downloads/smt/buzybox_angr.tar.gz/single_test/lsmod/lsmod1215157'
2025-06-15 01:36:21.235 | INFO     | __main__:process_z3_file:293 - [Worker] 开始处理: /home/nju/Downloads/smt/buzybox_angr.tar.gz/single_test/lsmod/lsmod1229995
2025-06-15 01:36:21.235 | INFO     | __main__:process_z3_file:323 - [Worker] 处理异常: /home/nju/Downloads/smt/buzybox_angr.tar.gz/single_test/lsmod/lsmod1506917, 错误: [Errno 2] No such file or directory: '/home/nju/Downloads/smt/buzybox_angr.tar.gz/single_test/lsmod/lsmod1506917'
2025-06-15 01:36:21.235 | INFO     | __main__:process_z3_file:323 - [Worker] 处理异常: /home/nju/Downloads/smt/buzybox_angr.tar.gz/single_test/lsmod/lsmod1121208, 错误: [Errno 2] No such file or directory: '/home/nju/Downloads/smt/buzybox_angr.tar.gz/single_test/lsmod/lsmod1121208'
2025-06-15 01:36:21.235 | INFO     | __main__:process_z3_file:323 - [Worker] 处理异常: /home/nju/Downloads/smt/buzybox_angr.tar.gz/single_test/lsmod/lsmod1229995, 错误: [Errno 2] No such file or directory: '/home/nju/Downloads/smt/buzybox_angr.tar.gz/single_test/lsmod/lsmod1229995'
2025-06-15 01:36:21.235 | INFO     | __main__:process_z3_file:293 - [Worker] 开始处理: /home/nju/Downloads/smt/buzybox_angr.tar.gz/single_test/lsmod/lsmod1422833
2025-06-15 01:36:21.236 | INFO     | __main__:process_z3_file:293 - [Worker] 开始处理: /home/nju/Downloads/smt/buzybox_angr.tar.gz/single_test/lsmod/lsmod1526680
2025-06-15 01:36:21.236 | INFO     | __main__:process_z3_file:293 - [Worker] 开始处理: /home/nju/Downloads/smt/buzybox_angr.tar.gz/single_test/readahead/readahead646947
2025-06-15 01:36:21.236 | INFO     | __main__:process_z3_file:293 - [Worker] 开始处理: /home/nju/Downloads/smt/buzybox_angr.tar.gz/single_test/readahead/readahead647013
2025-06-15 01:36:21.235 | INFO     | __main__:process_z3_file:323 - [Worker] 处理异常: /home/nju/Downloads/smt/buzybox_angr.tar.gz/single_test/lsmod/lsmod1254732, 错误: [Errno 2] No such file or directory: '/home/nju/Downloads/smt/buzybox_angr.tar.gz/single_test/lsmod/lsmod1254732'
2025-06-15 01:36:21.236 | INFO     | __main__:process_z3_file:323 - [Worker] 处理异常: /home/nju/Downloads/smt/buzybox_angr.tar.gz/single_test/lsmod/lsmod1422833, 错误: [Errno 2] No such file or directory: '/home/nju/Downloads/smt/buzybox_angr.tar.gz/single_test/lsmod/lsmod1422833'
2025-06-15 01:36:21.236 | INFO     | __main__:process_z3_file:323 - [Worker] 处理异常: /home/nju/Downloads/smt/buzybox_angr.tar.gz/single_test/lsmod/lsmod1526680, 错误: [Errno 2] No such file or directory: '/home/nju/Downloads/smt/buzybox_angr.tar.gz/single_test/lsmod/lsmod1526680'
2025-06-15 01:36:21.236 | INFO     | __main__:process_z3_file:323 - [Worker] 处理异常: /home/nju/Downloads/smt/buzybox_angr.tar.gz/single_test/readahead/readahead646947, 错误: [Errno 2] No such file or directory: '/home/nju/Downloads/smt/buzybox_angr.tar.gz/single_test/readahead/readahead646947'
2025-06-15 01:36:21.236 | INFO     | __main__:process_z3_file:293 - [Worker] 开始处理: /home/nju/Downloads/smt/buzybox_angr.tar.gz/single_test/mkfs.ext/mkfs.ext21453754
2025-06-15 01:36:21.236 | INFO     | __main__:process_z3_file:323 - [Worker] 处理异常: /home/nju/Downloads/smt/buzybox_angr.tar.gz/single_test/readahead/readahead647013, 错误: [Errno 2] No such file or directory: '/home/nju/Downloads/smt/buzybox_angr.tar.gz/single_test/readahead/readahead647013'
2025-06-15 01:36:21.236 | INFO     | __main__:process_z3_file:293 - [Worker] 开始处理: /home/nju/Downloads/smt/buzybox_angr.tar.gz/single_test/mkfs.ext/mkfs.ext21453745
2025-06-15 01:36:21.236 | INFO     | __main__:process_z3_file:293 - [Worker] 开始处理: /home/nju/Downloads/smt/buzybox_angr.tar.gz/single_test/readahead/readahead671140
2025-06-15 01:36:21.236 | INFO     | __main__:process_z3_file:323 - [Worker] 处理异常: /home/nju/Downloads/smt/buzybox_angr.tar.gz/single_test/mkfs.ext/mkfs.ext21453754, 错误: [Errno 2] No such file or directory: '/home/nju/Downloads/smt/buzybox_angr.tar.gz/single_test/mkfs.ext/mkfs.ext21453754'
2025-06-15 01:36:21.236 | INFO     | __main__:process_z3_file:293 - [Worker] 开始处理: /home/nju/Downloads/smt/buzybox_angr.tar.gz/single_test/fsync/fsync846198
2025-06-15 01:36:21.236 | INFO     | __main__:process_z3_file:293 - [Worker] 开始处理: /home/nju/Downloads/smt/buzybox_angr.tar.gz/single_test/fsync/fsync846135
2025-06-15 01:36:21.236 | INFO     | __main__:process_z3_file:323 - [Worker] 处理异常: /home/nju/Downloads/smt/buzybox_angr.tar.gz/single_test/mkfs.ext/mkfs.ext21453745, 错误: [Errno 2] No such file or directory: '/home/nju/Downloads/smt/buzybox_angr.tar.gz/single_test/mkfs.ext/mkfs.ext21453745'
2025-06-15 01:36:21.236 | INFO     | __main__:process_z3_file:293 - [Worker] 开始处理: /home/nju/Downloads/smt/buzybox_angr.tar.gz/single_test/mt/mt733326
2025-06-15 01:36:21.236 | INFO     | __main__:process_z3_file:293 - [Worker] 开始处理: /home/nju/Downloads/smt/buzybox_angr.tar.gz/single_test/mt/mt733254
2025-06-15 01:36:21.236 | INFO     | __main__:process_z3_file:323 - [Worker] 处理异常: /home/nju/Downloads/smt/buzybox_angr.tar.gz/single_test/fsync/fsync846198, 错误: [Errno 2] No such file or directory: '/home/nju/Downloads/smt/buzybox_angr.tar.gz/single_test/fsync/fsync846198'
2025-06-15 01:36:21.236 | INFO     | __main__:process_z3_file:323 - [Worker] 处理异常: /home/nju/Downloads/smt/buzybox_angr.tar.gz/single_test/fsync/fsync846135, 错误: [Errno 2] No such file or directory: '/home/nju/Downloads/smt/buzybox_angr.tar.gz/single_test/fsync/fsync846135'
2025-06-15 01:36:21.236 | INFO     | __main__:process_z3_file:293 - [Worker] 开始处理: /home/nju/Downloads/smt/buzybox_angr.tar.gz/single_test/mkfs.ext/mkfs.ext21453817
2025-06-15 01:36:21.236 | INFO     | __main__:process_z3_file:323 - [Worker] 处理异常: /home/nju/Downloads/smt/buzybox_angr.tar.gz/single_test/mt/mt733326, 错误: [Errno 2] No such file or directory: '/home/nju/Downloads/smt/buzybox_angr.tar.gz/single_test/mt/mt733326'
2025-06-15 01:36:21.236 | INFO     | __main__:process_z3_file:323 - [Worker] 处理异常: /home/nju/Downloads/smt/buzybox_angr.tar.gz/single_test/mt/mt733254, 错误: [Errno 2] No such file or directory: '/home/nju/Downloads/smt/buzybox_angr.tar.gz/single_test/mt/mt733254'
2025-06-15 01:36:21.236 | INFO     | __main__:process_z3_file:293 - [Worker] 开始处理: /home/nju/Downloads/smt/buzybox_angr.tar.gz/single_test/mkdir/mkdir1346991
2025-06-15 01:36:21.236 | INFO     | __main__:process_z3_file:293 - [Worker] 开始处理: /home/nju/Downloads/smt/buzybox_angr.tar.gz/single_test/mkdir/mkdir1347063
2025-06-15 01:36:21.236 | INFO     | __main__:process_z3_file:323 - [Worker] 处理异常: /home/nju/Downloads/smt/buzybox_angr.tar.gz/single_test/readahead/readahead671140, 错误: [Errno 2] No such file or directory: '/home/nju/Downloads/smt/buzybox_angr.tar.gz/single_test/readahead/readahead671140'
2025-06-15 01:36:21.236 | INFO     | __main__:process_z3_file:293 - [Worker] 开始处理: /home/nju/Downloads/smt/buzybox_angr.tar.gz/single_test/mkdir/mkdir1347000
2025-06-15 01:36:21.236 | INFO     | __main__:process_z3_file:323 - [Worker] 处理异常: /home/nju/Downloads/smt/buzybox_angr.tar.gz/single_test/mkdir/mkdir1346991, 错误: [Errno 2] No such file or directory: '/home/nju/Downloads/smt/buzybox_angr.tar.gz/single_test/mkdir/mkdir1346991'
2025-06-15 01:36:21.236 | INFO     | __main__:process_z3_file:293 - [Worker] 开始处理: /home/nju/Downloads/smt/buzybox_angr.tar.gz/single_test/fgconsole/fgconsole999278
2025-06-15 01:36:21.236 | INFO     | __main__:process_z3_file:323 - [Worker] 处理异常: /home/nju/Downloads/smt/buzybox_angr.tar.gz/single_test/mkdir/mkdir1347063, 错误: [Errno 2] No such file or directory: '/home/nju/Downloads/smt/buzybox_angr.tar.gz/single_test/mkdir/mkdir1347063'
2025-06-15 01:36:21.236 | INFO     | __main__:process_z3_file:293 - [Worker] 开始处理: /home/nju/Downloads/smt/buzybox_angr.tar.gz/single_test/fgconsole/fgconsole999341
2025-06-15 01:36:21.236 | INFO     | __main__:process_z3_file:293 - [Worker] 开始处理: /home/nju/Downloads/smt/buzybox_angr.tar.gz/single_test/ifconfig/ifconfig872949
2025-06-15 01:36:21.236 | INFO     | __main__:process_z3_file:323 - [Worker] 处理异常: /home/nju/Downloads/smt/buzybox_angr.tar.gz/single_test/mkdir/mkdir1347000, 错误: [Errno 2] No such file or directory: '/home/nju/Downloads/smt/buzybox_angr.tar.gz/single_test/mkdir/mkdir1347000'
2025-06-15 01:36:21.236 | INFO     | __main__:process_z3_file:323 - [Worker] 处理异常: /home/nju/Downloads/smt/buzybox_angr.tar.gz/single_test/fgconsole/fgconsole999278, 错误: [Errno 2] No such file or directory: '/home/nju/Downloads/smt/buzybox_angr.tar.gz/single_test/fgconsole/fgconsole999278'
2025-06-15 01:36:21.236 | INFO     | __main__:process_z3_file:323 - [Worker] 处理异常: /home/nju/Downloads/smt/buzybox_angr.tar.gz/single_test/mkfs.ext/mkfs.ext21453817, 错误: [Errno 2] No such file or directory: '/home/nju/Downloads/smt/buzybox_angr.tar.gz/single_test/mkfs.ext/mkfs.ext21453817'
2025-06-15 01:36:21.236 | INFO     | __main__:process_z3_file:293 - [Worker] 开始处理: /home/nju/Downloads/smt/buzybox_angr.tar.gz/single_test/ifconfig/ifconfig872958
2025-06-15 01:36:21.236 | INFO     | __main__:process_z3_file:293 - [Worker] 开始处理: /home/nju/Downloads/smt/buzybox_angr.tar.gz/single_test/ifconfig/ifconfig873019
2025-06-15 01:36:21.236 | INFO     | __main__:process_z3_file:323 - [Worker] 处理异常: /home/nju/Downloads/smt/buzybox_angr.tar.gz/single_test/fgconsole/fgconsole999341, 错误: [Errno 2] No such file or directory: '/home/nju/Downloads/smt/buzybox_angr.tar.gz/single_test/fgconsole/fgconsole999341'
2025-06-15 01:36:21.236 | INFO     | __main__:process_z3_file:323 - [Worker] 处理异常: /home/nju/Downloads/smt/buzybox_angr.tar.gz/single_test/ifconfig/ifconfig872949, 错误: [Errno 2] No such file or directory: '/home/nju/Downloads/smt/buzybox_angr.tar.gz/single_test/ifconfig/ifconfig872949'
2025-06-15 01:36:21.236 | INFO     | __main__:process_z3_file:293 - [Worker] 开始处理: /home/nju/Downloads/smt/buzybox_angr.tar.gz/single_test/rpm2cpio/rpm2cpio828811
2025-06-15 01:36:21.236 | INFO     | __main__:process_z3_file:293 - [Worker] 开始处理: /home/nju/Downloads/smt/buzybox_angr.tar.gz/single_test/rpm2cpio/rpm2cpio828886
2025-06-15 01:36:21.236 | INFO     | __main__:process_z3_file:293 - [Worker] 开始处理: /home/nju/Downloads/smt/buzybox_angr.tar.gz/single_test/ifconfig/ifconfig873021
2025-06-15 01:36:21.236 | INFO     | __main__:process_z3_file:323 - [Worker] 处理异常: /home/nju/Downloads/smt/buzybox_angr.tar.gz/single_test/ifconfig/ifconfig873019, 错误: [Errno 2] No such file or directory: '/home/nju/Downloads/smt/buzybox_angr.tar.gz/single_test/ifconfig/ifconfig873019'
2025-06-15 01:36:21.236 | INFO     | __main__:process_z3_file:323 - [Worker] 处理异常: /home/nju/Downloads/smt/buzybox_angr.tar.gz/single_test/ifconfig/ifconfig872958, 错误: [Errno 2] No such file or directory: '/home/nju/Downloads/smt/buzybox_angr.tar.gz/single_test/ifconfig/ifconfig872958'
2025-06-15 01:36:21.236 | INFO     | __main__:process_z3_file:293 - [Worker] 开始处理: /home/nju/Downloads/smt/buzybox_angr.tar.gz/single_test/setpriv/setpriv1407616
2025-06-15 01:36:21.236 | INFO     | __main__:process_z3_file:293 - [Worker] 开始处理: /home/nju/Downloads/smt/buzybox_angr.tar.gz/single_test/setconsole/setconsole1166473
2025-06-15 01:36:21.236 | INFO     | __main__:process_z3_file:323 - [Worker] 处理异常: /home/nju/Downloads/smt/buzybox_angr.tar.gz/single_test/rpm2cpio/rpm2cpio828811, 错误: [Errno 2] No such file or directory: '/home/nju/Downloads/smt/buzybox_angr.tar.gz/single_test/rpm2cpio/rpm2cpio828811'
2025-06-15 01:36:21.236 | INFO     | __main__:process_z3_file:323 - [Worker] 处理异常: /home/nju/Downloads/smt/buzybox_angr.tar.gz/single_test/rpm2cpio/rpm2cpio828886, 错误: [Errno 2] No such file or directory: '/home/nju/Downloads/smt/buzybox_angr.tar.gz/single_test/rpm2cpio/rpm2cpio828886'
2025-06-15 01:36:21.236 | INFO     | __main__:process_z3_file:293 - [Worker] 开始处理: /home/nju/Downloads/smt/buzybox_angr.tar.gz/single_test/mkfs.vfat/mkfs.vfat1323131
2025-06-15 01:36:21.236 | INFO     | __main__:process_z3_file:293 - [Worker] 开始处理: /home/nju/Downloads/smt/buzybox_angr.tar.gz/single_test/setarch/setarch1109535
2025-06-15 01:36:21.236 | INFO     | __main__:process_z3_file:293 - [Worker] 开始处理: /home/nju/Downloads/smt/buzybox_angr.tar.gz/single_test/rpm2cpio/rpm2cpio828881
2025-06-15 01:36:21.236 | INFO     | __main__:process_z3_file:323 - [Worker] 处理异常: /home/nju/Downloads/smt/buzybox_angr.tar.gz/single_test/setconsole/setconsole1166473, 错误: [Errno 2] No such file or directory: '/home/nju/Downloads/smt/buzybox_angr.tar.gz/single_test/setconsole/setconsole1166473'
2025-06-15 01:36:21.236 | INFO     | __main__:process_z3_file:323 - [Worker] 处理异常: /home/nju/Downloads/smt/buzybox_angr.tar.gz/single_test/setpriv/setpriv1407616, 错误: [Errno 2] No such file or directory: '/home/nju/Downloads/smt/buzybox_angr.tar.gz/single_test/setpriv/setpriv1407616'
2025-06-15 01:36:21.236 | INFO     | __main__:process_z3_file:293 - [Worker] 开始处理: /home/nju/Downloads/smt/buzybox_angr.tar.gz/single_test/setarch/setarch1109607
2025-06-15 01:36:21.236 | INFO     | __main__:process_z3_file:323 - [Worker] 处理异常: /home/nju/Downloads/smt/buzybox_angr.tar.gz/single_test/mkfs.vfat/mkfs.vfat1323131, 错误: [Errno 2] No such file or directory: '/home/nju/Downloads/smt/buzybox_angr.tar.gz/single_test/mkfs.vfat/mkfs.vfat1323131'
2025-06-15 01:36:21.236 | INFO     | __main__:process_z3_file:323 - [Worker] 处理异常: /home/nju/Downloads/smt/buzybox_angr.tar.gz/single_test/ifconfig/ifconfig873021, 错误: [Errno 2] No such file or directory: '/home/nju/Downloads/smt/buzybox_angr.tar.gz/single_test/ifconfig/ifconfig873021'
2025-06-15 01:36:21.236 | INFO     | __main__:process_z3_file:323 - [Worker] 处理异常: /home/nju/Downloads/smt/buzybox_angr.tar.gz/single_test/setarch/setarch1109535, 错误: [Errno 2] No such file or directory: '/home/nju/Downloads/smt/buzybox_angr.tar.gz/single_test/setarch/setarch1109535'
2025-06-15 01:36:21.236 | INFO     | __main__:process_z3_file:293 - [Worker] 开始处理: /home/nju/Downloads/smt/buzybox_angr.tar.gz/single_test/fstrim/fstrim1103139
2025-06-15 01:36:21.236 | INFO     | __main__:process_z3_file:293 - [Worker] 开始处理: /home/nju/Downloads/smt/buzybox_angr.tar.gz/single_test/fstrim/fstrim1103136
2025-06-15 01:36:21.236 | INFO     | __main__:process_z3_file:293 - [Worker] 开始处理: /home/nju/Downloads/smt/buzybox_angr.tar.gz/single_test/fstrim/fstrim1103909
2025-06-15 01:36:21.236 | INFO     | __main__:process_z3_file:323 - [Worker] 处理异常: /home/nju/Downloads/smt/buzybox_angr.tar.gz/single_test/setarch/setarch1109607, 错误: [Errno 2] No such file or directory: '/home/nju/Downloads/smt/buzybox_angr.tar.gz/single_test/setarch/setarch1109607'
2025-06-15 01:36:21.236 | INFO     | __main__:process_z3_file:293 - [Worker] 开始处理: /home/nju/Downloads/smt/gnu_angr.tar.gz/single_test/who/who255008
2025-06-15 01:36:21.236 | INFO     | __main__:process_z3_file:293 - [Worker] 开始处理: /home/nju/Downloads/smt/gnu_angr.tar.gz/single_test/who/who254686
2025-06-15 01:36:21.236 | INFO     | __main__:process_z3_file:323 - [Worker] 处理异常: /home/nju/Downloads/smt/buzybox_angr.tar.gz/single_test/rpm2cpio/rpm2cpio828881, 错误: [Errno 2] No such file or directory: '/home/nju/Downloads/smt/buzybox_angr.tar.gz/single_test/rpm2cpio/rpm2cpio828881'
2025-06-15 01:36:21.236 | INFO     | __main__:process_z3_file:323 - [Worker] 处理异常: /home/nju/Downloads/smt/buzybox_angr.tar.gz/single_test/fstrim/fstrim1103139, 错误: [Errno 2] No such file or directory: '/home/nju/Downloads/smt/buzybox_angr.tar.gz/single_test/fstrim/fstrim1103139'
2025-06-15 01:36:21.236 | INFO     | __main__:process_z3_file:323 - [Worker] 处理异常: /home/nju/Downloads/smt/buzybox_angr.tar.gz/single_test/fstrim/fstrim1103136, 错误: [Errno 2] No such file or directory: '/home/nju/Downloads/smt/buzybox_angr.tar.gz/single_test/fstrim/fstrim1103136'
2025-06-15 01:36:21.236 | INFO     | __main__:process_z3_file:323 - [Worker] 处理异常: /home/nju/Downloads/smt/buzybox_angr.tar.gz/single_test/fstrim/fstrim1103909, 错误: [Errno 2] No such file or directory: '/home/nju/Downloads/smt/buzybox_angr.tar.gz/single_test/fstrim/fstrim1103909'
2025-06-15 01:36:21.236 | INFO     | __main__:process_z3_file:293 - [Worker] 开始处理: /home/nju/Downloads/smt/gnu_angr.tar.gz/single_test/nice/nice39663
2025-06-15 01:36:21.236 | INFO     | __main__:process_z3_file:323 - [Worker] 处理异常: /home/nju/Downloads/smt/gnu_angr.tar.gz/single_test/who/who255008, 错误: [Errno 2] No such file or directory: '/home/nju/Downloads/smt/gnu_angr.tar.gz/single_test/who/who255008'
2025-06-15 01:36:21.236 | INFO     | __main__:process_z3_file:323 - [Worker] 处理异常: /home/nju/Downloads/smt/gnu_angr.tar.gz/single_test/who/who254686, 错误: [Errno 2] No such file or directory: '/home/nju/Downloads/smt/gnu_angr.tar.gz/single_test/who/who254686'
2025-06-15 01:36:21.236 | INFO     | __main__:process_z3_file:293 - [Worker] 开始处理: /home/nju/Downloads/smt/gnu_angr.tar.gz/single_test/nice/nice39017
2025-06-15 01:36:21.236 | INFO     | __main__:process_z3_file:293 - [Worker] 开始处理: /home/nju/Downloads/smt/gnu_angr.tar.gz/single_test/nice/nice37295
2025-06-15 01:36:21.236 | INFO     | __main__:process_z3_file:293 - [Worker] 开始处理: /home/nju/Downloads/smt/gnu_angr.tar.gz/single_test/nice/nice32882
2025-06-15 01:36:21.236 | INFO     | __main__:process_z3_file:323 - [Worker] 处理异常: /home/nju/Downloads/smt/gnu_angr.tar.gz/single_test/nice/nice39663, 错误: [Errno 2] No such file or directory: '/home/nju/Downloads/smt/gnu_angr.tar.gz/single_test/nice/nice39663'
2025-06-15 01:36:21.236 | INFO     | __main__:process_z3_file:293 - [Worker] 开始处理: /home/nju/Downloads/smt/gnu_angr.tar.gz/single_test/basename/basename19689
2025-06-15 01:36:21.236 | INFO     | __main__:process_z3_file:293 - [Worker] 开始处理: /home/nju/Downloads/smt/gnu_angr.tar.gz/single_test/basename/basename22075
2025-06-15 01:36:21.236 | INFO     | __main__:process_z3_file:293 - [Worker] 开始处理: /home/nju/Downloads/smt/gnu_angr.tar.gz/single_test/basename/basename19244
2025-06-15 01:36:21.236 | INFO     | __main__:process_z3_file:323 - [Worker] 处理异常: /home/nju/Downloads/smt/gnu_angr.tar.gz/single_test/nice/nice37295, 错误: [Errno 2] No such file or directory: '/home/nju/Downloads/smt/gnu_angr.tar.gz/single_test/nice/nice37295'
2025-06-15 01:36:21.236 | INFO     | __main__:process_z3_file:323 - [Worker] 处理异常: /home/nju/Downloads/smt/gnu_angr.tar.gz/single_test/nice/nice32882, 错误: [Errno 2] No such file or directory: '/home/nju/Downloads/smt/gnu_angr.tar.gz/single_test/nice/nice32882'
2025-06-15 01:36:21.236 | INFO     | __main__:process_z3_file:293 - [Worker] 开始处理: /home/nju/Downloads/smt/gnu_angr.tar.gz/single_test/nice/nice38061
2025-06-15 01:36:21.236 | INFO     | __main__:process_z3_file:323 - [Worker] 处理异常: /home/nju/Downloads/smt/gnu_angr.tar.gz/single_test/basename/basename19689, 错误: [Errno 2] No such file or directory: '/home/nju/Downloads/smt/gnu_angr.tar.gz/single_test/basename/basename19689'
2025-06-15 01:36:21.236 | INFO     | __main__:process_z3_file:323 - [Worker] 处理异常: /home/nju/Downloads/smt/gnu_angr.tar.gz/single_test/basename/basename22075, 错误: [Errno 2] No such file or directory: '/home/nju/Downloads/smt/gnu_angr.tar.gz/single_test/basename/basename22075'
2025-06-15 01:36:21.236 | INFO     | __main__:process_z3_file:293 - [Worker] 开始处理: /home/nju/Downloads/smt/gnu_angr.tar.gz/single_test/basename/basename19052
2025-06-15 01:36:21.236 | INFO     | __main__:process_z3_file:293 - [Worker] 开始处理: /home/nju/Downloads/smt/gnu_angr.tar.gz/single_test/basename/basename21802
2025-06-15 01:36:21.236 | INFO     | __main__:process_z3_file:323 - [Worker] 处理异常: /home/nju/Downloads/smt/gnu_angr.tar.gz/single_test/nice/nice39017, 错误: [Errno 2] No such file or directory: '/home/nju/Downloads/smt/gnu_angr.tar.gz/single_test/nice/nice39017'
2025-06-15 01:36:21.236 | INFO     | __main__:process_z3_file:323 - [Worker] 处理异常: /home/nju/Downloads/smt/gnu_angr.tar.gz/single_test/basename/basename19244, 错误: [Errno 2] No such file or directory: '/home/nju/Downloads/smt/gnu_angr.tar.gz/single_test/basename/basename19244'
2025-06-15 01:36:21.236 | INFO     | __main__:process_z3_file:293 - [Worker] 开始处理: /home/nju/Downloads/smt/gnu_angr.tar.gz/single_test/ginstall/ginstall308725
2025-06-15 01:36:21.236 | INFO     | __main__:process_z3_file:323 - [Worker] 处理异常: /home/nju/Downloads/smt/gnu_angr.tar.gz/single_test/basename/basename19052, 错误: [Errno 2] No such file or directory: '/home/nju/Downloads/smt/gnu_angr.tar.gz/single_test/basename/basename19052'
2025-06-15 01:36:21.236 | INFO     | __main__:process_z3_file:293 - [Worker] 开始处理: /home/nju/Downloads/smt/gnu_angr.tar.gz/single_test/ginstall/ginstall309854
2025-06-15 01:36:21.236 | INFO     | __main__:process_z3_file:293 - [Worker] 开始处理: /home/nju/Downloads/smt/gnu_angr.tar.gz/single_test/ginstall/ginstall308856
2025-06-15 01:36:21.236 | INFO     | __main__:process_z3_file:323 - [Worker] 处理异常: /home/nju/Downloads/smt/gnu_angr.tar.gz/single_test/basename/basename21802, 错误: [Errno 2] No such file or directory: '/home/nju/Downloads/smt/gnu_angr.tar.gz/single_test/basename/basename21802'
2025-06-15 01:36:21.236 | INFO     | __main__:process_z3_file:323 - [Worker] 处理异常: /home/nju/Downloads/smt/gnu_angr.tar.gz/single_test/ginstall/ginstall308725, 错误: [Errno 2] No such file or directory: '/home/nju/Downloads/smt/gnu_angr.tar.gz/single_test/ginstall/ginstall308725'
2025-06-15 01:36:21.236 | INFO     | __main__:process_z3_file:323 - [Worker] 处理异常: /home/nju/Downloads/smt/gnu_angr.tar.gz/single_test/ginstall/ginstall308856, 错误: [Errno 2] No such file or directory: '/home/nju/Downloads/smt/gnu_angr.tar.gz/single_test/ginstall/ginstall308856'
2025-06-15 01:36:21.236 | INFO     | __main__:process_z3_file:323 - [Worker] 处理异常: /home/nju/Downloads/smt/gnu_angr.tar.gz/single_test/ginstall/ginstall309854, 错误: [Errno 2] No such file or directory: '/home/nju/Downloads/smt/gnu_angr.tar.gz/single_test/ginstall/ginstall309854'
2025-06-15 01:36:21.236 | INFO     | __main__:process_z3_file:323 - [Worker] 处理异常: /home/nju/Downloads/smt/gnu_angr.tar.gz/single_test/nice/nice38061, 错误: [Errno 2] No such file or directory: '/home/nju/Downloads/smt/gnu_angr.tar.gz/single_test/nice/nice38061'
2025-06-15 01:36:21.236 | INFO     | __main__:process_z3_file:293 - [Worker] 开始处理: /home/nju/Downloads/smt/gnu_angr.tar.gz/single_test/uptime/uptime55312
2025-06-15 01:36:21.236 | INFO     | __main__:process_z3_file:293 - [Worker] 开始处理: /home/nju/Downloads/smt/gnu_angr.tar.gz/single_test/uptime/uptime56542
2025-06-15 01:36:21.236 | INFO     | __main__:process_z3_file:293 - [Worker] 开始处理: /home/nju/Downloads/smt/gnu_angr.tar.gz/single_test/uname/uname48647
2025-06-15 01:36:21.236 | INFO     | __main__:process_z3_file:293 - [Worker] 开始处理: /home/nju/Downloads/smt/gnu_angr.tar.gz/single_test/fold/fold230668
2025-06-15 01:36:21.236 | INFO     | __main__:process_z3_file:293 - [Worker] 开始处理: /home/nju/Downloads/smt/gnu_angr.tar.gz/single_test/uname/uname48291
2025-06-15 01:36:21.236 | INFO     | __main__:process_z3_file:293 - [Worker] 开始处理: /home/nju/Downloads/smt/gnu_angr.tar.gz/single_test/fold/fold153268
2025-06-15 01:36:21.236 | INFO     | __main__:process_z3_file:323 - [Worker] 处理异常: /home/nju/Downloads/smt/gnu_angr.tar.gz/single_test/uptime/uptime55312, 错误: [Errno 2] No such file or directory: '/home/nju/Downloads/smt/gnu_angr.tar.gz/single_test/uptime/uptime55312'
2025-06-15 01:36:21.236 | INFO     | __main__:process_z3_file:323 - [Worker] 处理异常: /home/nju/Downloads/smt/gnu_angr.tar.gz/single_test/uptime/uptime56542, 错误: [Errno 2] No such file or directory: '/home/nju/Downloads/smt/gnu_angr.tar.gz/single_test/uptime/uptime56542'
2025-06-15 01:36:21.236 | INFO     | __main__:process_z3_file:323 - [Worker] 处理异常: /home/nju/Downloads/smt/gnu_angr.tar.gz/single_test/uname/uname48647, 错误: [Errno 2] No such file or directory: '/home/nju/Downloads/smt/gnu_angr.tar.gz/single_test/uname/uname48647'
2025-06-15 01:36:21.236 | INFO     | __main__:get_Z3_result:356 - 主进程收集结果: /home/nju/Downloads/smt/buzybox_angr.tar.gz/single_test/udhcpc/udhcpc6673731, 状态: error
2025-06-15 01:36:21.236 | INFO     | __main__:process_z3_file:293 - [Worker] 开始处理: /home/nju/Downloads/smt/gnu_angr.tar.gz/single_test/arch/arch25355
2025-06-15 01:36:21.236 | INFO     | __main__:process_z3_file:323 - [Worker] 处理异常: /home/nju/Downloads/smt/gnu_angr.tar.gz/single_test/uname/uname48291, 错误: [Errno 2] No such file or directory: '/home/nju/Downloads/smt/gnu_angr.tar.gz/single_test/uname/uname48291'
2025-06-15 01:36:21.236 | INFO     | __main__:process_z3_file:293 - [Worker] 开始处理: /home/nju/Downloads/smt/gnu_angr.tar.gz/single_test/link/link36461
2025-06-15 01:36:21.236 | INFO     | __main__:process_z3_file:293 - [Worker] 开始处理: /home/nju/Downloads/smt/gnu_angr.tar.gz/single_test/arch/arch24613
2025-06-15 01:36:21.236 | INFO     | __main__:process_z3_file:293 - [Worker] 开始处理: /home/nju/Downloads/smt/gnu_angr.tar.gz/single_test/link/link35823
2025-06-15 01:36:21.236 | INFO     | __main__:process_z3_file:293 - [Worker] 开始处理: /home/nju/Downloads/smt/gnu_angr.tar.gz/single_test/link/link37290
2025-06-15 01:36:21.236 | INFO     | __main__:process_z3_file:323 - [Worker] 处理异常: /home/nju/Downloads/smt/gnu_angr.tar.gz/single_test/fold/fold230668, 错误: [Errno 2] No such file or directory: '/home/nju/Downloads/smt/gnu_angr.tar.gz/single_test/fold/fold230668'
2025-06-15 01:36:21.236 | INFO     | __main__:process_z3_file:323 - [Worker] 处理异常: /home/nju/Downloads/smt/gnu_angr.tar.gz/single_test/arch/arch25355, 错误: [Errno 2] No such file or directory: '/home/nju/Downloads/smt/gnu_angr.tar.gz/single_test/arch/arch25355'
2025-06-15 01:36:21.236 | INFO     | __main__:process_z3_file:293 - [Worker] 开始处理: /home/nju/Downloads/smt/gnu_angr.tar.gz/single_test/link/link29962
2025-06-15 01:36:21.236 | INFO     | __main__:process_z3_file:323 - [Worker] 处理异常: /home/nju/Downloads/smt/gnu_angr.tar.gz/single_test/fold/fold153268, 错误: [Errno 2] No such file or directory: '/home/nju/Downloads/smt/gnu_angr.tar.gz/single_test/fold/fold153268'
2025-06-15 01:36:21.236 | INFO     | __main__:process_z3_file:323 - [Worker] 处理异常: /home/nju/Downloads/smt/gnu_angr.tar.gz/single_test/link/link36461, 错误: [Errno 2] No such file or directory: '/home/nju/Downloads/smt/gnu_angr.tar.gz/single_test/link/link36461'
2025-06-15 01:36:21.236 | INFO     | __main__:process_z3_file:323 - [Worker] 处理异常: /home/nju/Downloads/smt/gnu_angr.tar.gz/single_test/link/link37290, 错误: [Errno 2] No such file or directory: '/home/nju/Downloads/smt/gnu_angr.tar.gz/single_test/link/link37290'
2025-06-15 01:36:21.236 | INFO     | __main__:process_z3_file:323 - [Worker] 处理异常: /home/nju/Downloads/smt/gnu_angr.tar.gz/single_test/link/link35823, 错误: [Errno 2] No such file or directory: '/home/nju/Downloads/smt/gnu_angr.tar.gz/single_test/link/link35823'
2025-06-15 01:36:21.236 | INFO     | __main__:process_z3_file:323 - [Worker] 处理异常: /home/nju/Downloads/smt/gnu_angr.tar.gz/single_test/link/link29962, 错误: [Errno 2] No such file or directory: '/home/nju/Downloads/smt/gnu_angr.tar.gz/single_test/link/link29962'
2025-06-15 01:36:21.236 | INFO     | __main__:process_z3_file:293 - [Worker] 开始处理: /home/nju/Downloads/smt/gnu_angr.tar.gz/single_test/tsort/tsort29116
2025-06-15 01:36:21.236 | INFO     | __main__:process_z3_file:293 - [Worker] 开始处理: /home/nju/Downloads/smt/gnu_angr.tar.gz/single_test/tsort/tsort25085
2025-06-15 01:36:21.236 | INFO     | __main__:process_z3_file:323 - [Worker] 处理异常: /home/nju/Downloads/smt/gnu_angr.tar.gz/single_test/arch/arch24613, 错误: [Errno 2] No such file or directory: '/home/nju/Downloads/smt/gnu_angr.tar.gz/single_test/arch/arch24613'
2025-06-15 01:36:21.236 | INFO     | __main__:process_z3_file:293 - [Worker] 开始处理: /home/nju/Downloads/smt/gnu_angr.tar.gz/single_test/tsort/tsort24598
2025-06-15 01:36:21.236 | INFO     | __main__:process_z3_file:293 - [Worker] 开始处理: /home/nju/Downloads/smt/gnu_angr.tar.gz/single_test/tr/tr150754
2025-06-15 01:36:21.236 | INFO     | __main__:process_z3_file:323 - [Worker] 处理异常: /home/nju/Downloads/smt/gnu_angr.tar.gz/single_test/tsort/tsort29116, 错误: [Errno 2] No such file or directory: '/home/nju/Downloads/smt/gnu_angr.tar.gz/single_test/tsort/tsort29116'
2025-06-15 01:36:21.236 | INFO     | __main__:process_z3_file:293 - [Worker] 开始处理: /home/nju/Downloads/smt/gnu_angr.tar.gz/single_test/tr/tr136713
2025-06-15 01:36:21.236 | INFO     | __main__:process_z3_file:323 - [Worker] 处理异常: /home/nju/Downloads/smt/gnu_angr.tar.gz/single_test/tsort/tsort25085, 错误: [Errno 2] No such file or directory: '/home/nju/Downloads/smt/gnu_angr.tar.gz/single_test/tsort/tsort25085'
2025-06-15 01:36:21.236 | INFO     | __main__:process_z3_file:323 - [Worker] 处理异常: /home/nju/Downloads/smt/gnu_angr.tar.gz/single_test/tsort/tsort24598, 错误: [Errno 2] No such file or directory: '/home/nju/Downloads/smt/gnu_angr.tar.gz/single_test/tsort/tsort24598'
2025-06-15 01:36:21.236 | INFO     | __main__:process_z3_file:323 - [Worker] 处理异常: /home/nju/Downloads/smt/gnu_angr.tar.gz/single_test/tr/tr150754, 错误: [Errno 2] No such file or directory: '/home/nju/Downloads/smt/gnu_angr.tar.gz/single_test/tr/tr150754'
2025-06-15 01:36:21.236 | INFO     | __main__:process_z3_file:293 - [Worker] 开始处理: /home/nju/Downloads/smt/gnu_angr.tar.gz/single_test/tr/tr148311
2025-06-15 01:36:21.237 | INFO     | __main__:process_z3_file:323 - [Worker] 处理异常: /home/nju/Downloads/smt/gnu_angr.tar.gz/single_test/tr/tr136713, 错误: [Errno 2] No such file or directory: '/home/nju/Downloads/smt/gnu_angr.tar.gz/single_test/tr/tr136713'
2025-06-15 01:36:21.237 | INFO     | __main__:process_z3_file:293 - [Worker] 开始处理: /home/nju/Downloads/smt/gnu_angr.tar.gz/single_test/tr/tr112801
2025-06-15 01:36:21.237 | INFO     | __main__:process_z3_file:293 - [Worker] 开始处理: /home/nju/Downloads/smt/gnu_angr.tar.gz/single_test/seq/seq128942
2025-06-15 01:36:21.237 | INFO     | __main__:process_z3_file:293 - [Worker] 开始处理: /home/nju/Downloads/smt/gnu_angr.tar.gz/single_test/seq/seq147493
2025-06-15 01:36:21.237 | INFO     | __main__:process_z3_file:293 - [Worker] 开始处理: /home/nju/Downloads/smt/gnu_angr.tar.gz/single_test/seq/seq135098
2025-06-15 01:36:21.237 | INFO     | __main__:process_z3_file:293 - [Worker] 开始处理: /home/nju/Downloads/smt/gnu_angr.tar.gz/single_test/tr/tr124688
2025-06-15 01:36:21.237 | INFO     | __main__:process_z3_file:323 - [Worker] 处理异常: /home/nju/Downloads/smt/gnu_angr.tar.gz/single_test/tr/tr112801, 错误: [Errno 2] No such file or directory: '/home/nju/Downloads/smt/gnu_angr.tar.gz/single_test/tr/tr112801'
2025-06-15 01:36:21.237 | INFO     | __main__:process_z3_file:293 - [Worker] 开始处理: /home/nju/Downloads/smt/gnu_angr.tar.gz/single_test/seq/seq133661
2025-06-15 01:36:21.237 | INFO     | __main__:process_z3_file:323 - [Worker] 处理异常: /home/nju/Downloads/smt/gnu_angr.tar.gz/single_test/seq/seq128942, 错误: [Errno 2] No such file or directory: '/home/nju/Downloads/smt/gnu_angr.tar.gz/single_test/seq/seq128942'
2025-06-15 01:36:21.237 | INFO     | __main__:process_z3_file:323 - [Worker] 处理异常: /home/nju/Downloads/smt/gnu_angr.tar.gz/single_test/seq/seq147493, 错误: [Errno 2] No such file or directory: '/home/nju/Downloads/smt/gnu_angr.tar.gz/single_test/seq/seq147493'
2025-06-15 01:36:21.237 | INFO     | __main__:process_z3_file:323 - [Worker] 处理异常: /home/nju/Downloads/smt/gnu_angr.tar.gz/single_test/seq/seq135098, 错误: [Errno 2] No such file or directory: '/home/nju/Downloads/smt/gnu_angr.tar.gz/single_test/seq/seq135098'
2025-06-15 01:36:21.237 | INFO     | __main__:process_z3_file:323 - [Worker] 处理异常: /home/nju/Downloads/smt/gnu_angr.tar.gz/single_test/tr/tr148311, 错误: [Errno 2] No such file or directory: '/home/nju/Downloads/smt/gnu_angr.tar.gz/single_test/tr/tr148311'
2025-06-15 01:36:21.237 | INFO     | __main__:process_z3_file:323 - [Worker] 处理异常: /home/nju/Downloads/smt/gnu_angr.tar.gz/single_test/seq/seq133661, 错误: [Errno 2] No such file or directory: '/home/nju/Downloads/smt/gnu_angr.tar.gz/single_test/seq/seq133661'
2025-06-15 01:36:21.237 | INFO     | __main__:process_z3_file:293 - [Worker] 开始处理: /home/nju/Downloads/smt/gnu_angr.tar.gz/single_test/seq/seq123971
2025-06-15 01:36:21.237 | INFO     | __main__:process_z3_file:293 - [Worker] 开始处理: /home/nju/Downloads/smt/gnu_angr.tar.gz/single_test/seq/seq123936
2025-06-15 01:36:21.237 | INFO     | __main__:process_z3_file:293 - [Worker] 开始处理: /home/nju/Downloads/smt/gnu_angr.tar.gz/single_test/seq/seq97941
2025-06-15 01:36:21.237 | INFO     | __main__:process_z3_file:293 - [Worker] 开始处理: /home/nju/Downloads/smt/gnu_angr.tar.gz/single_test/seq/seq143569
2025-06-15 01:36:21.237 | INFO     | __main__:process_z3_file:323 - [Worker] 处理异常: /home/nju/Downloads/smt/gnu_angr.tar.gz/single_test/tr/tr124688, 错误: [Errno 2] No such file or directory: '/home/nju/Downloads/smt/gnu_angr.tar.gz/single_test/tr/tr124688'
2025-06-15 01:36:21.237 | INFO     | __main__:process_z3_file:323 - [Worker] 处理异常: /home/nju/Downloads/smt/gnu_angr.tar.gz/single_test/seq/seq123971, 错误: [Errno 2] No such file or directory: '/home/nju/Downloads/smt/gnu_angr.tar.gz/single_test/seq/seq123971'
2025-06-15 01:36:21.237 | INFO     | __main__:process_z3_file:293 - [Worker] 开始处理: /home/nju/Downloads/smt/gnu_angr.tar.gz/single_test/tsort/tsort29595
2025-06-15 01:36:21.237 | INFO     | __main__:process_z3_file:293 - [Worker] 开始处理: /home/nju/Downloads/smt/gnu_angr.tar.gz/single_test/seq/seq140263
2025-06-15 01:36:21.237 | INFO     | __main__:process_z3_file:323 - [Worker] 处理异常: /home/nju/Downloads/smt/gnu_angr.tar.gz/single_test/seq/seq123936, 错误: [Errno 2] No such file or directory: '/home/nju/Downloads/smt/gnu_angr.tar.gz/single_test/seq/seq123936'
2025-06-15 01:36:21.237 | INFO     | __main__:process_z3_file:323 - [Worker] 处理异常: /home/nju/Downloads/smt/gnu_angr.tar.gz/single_test/seq/seq143569, 错误: [Errno 2] No such file or directory: '/home/nju/Downloads/smt/gnu_angr.tar.gz/single_test/seq/seq143569'
2025-06-15 01:36:21.237 | INFO     | __main__:process_z3_file:323 - [Worker] 处理异常: /home/nju/Downloads/smt/gnu_angr.tar.gz/single_test/seq/seq97941, 错误: [Errno 2] No such file or directory: '/home/nju/Downloads/smt/gnu_angr.tar.gz/single_test/seq/seq97941'
2025-06-15 01:36:21.237 | INFO     | __main__:process_z3_file:323 - [Worker] 处理异常: /home/nju/Downloads/smt/gnu_angr.tar.gz/single_test/seq/seq140263, 错误: [Errno 2] No such file or directory: '/home/nju/Downloads/smt/gnu_angr.tar.gz/single_test/seq/seq140263'
2025-06-15 01:36:21.237 | INFO     | __main__:process_z3_file:293 - [Worker] 开始处理: /home/nju/Downloads/smt/gnu_angr.tar.gz/single_test/seq/seq123917
2025-06-15 01:36:21.237 | INFO     | __main__:process_z3_file:293 - [Worker] 开始处理: /home/nju/Downloads/smt/gnu_angr.tar.gz/single_test/seq/seq112594
2025-06-15 01:36:21.237 | INFO     | __main__:process_z3_file:293 - [Worker] 开始处理: /home/nju/Downloads/smt/gnu_angr.tar.gz/single_test/seq/seq123962
2025-06-15 01:36:21.237 | INFO     | __main__:process_z3_file:293 - [Worker] 开始处理: /home/nju/Downloads/smt/gnu_angr.tar.gz/single_test/seq/seq140289
2025-06-15 01:36:21.237 | INFO     | __main__:process_z3_file:293 - [Worker] 开始处理: /home/nju/Downloads/smt/gnu_angr.tar.gz/single_test/seq/seq128910
2025-06-15 01:36:21.237 | INFO     | __main__:process_z3_file:323 - [Worker] 处理异常: /home/nju/Downloads/smt/gnu_angr.tar.gz/single_test/seq/seq123917, 错误: [Errno 2] No such file or directory: '/home/nju/Downloads/smt/gnu_angr.tar.gz/single_test/seq/seq123917'
2025-06-15 01:36:21.237 | INFO     | __main__:process_z3_file:293 - [Worker] 开始处理: /home/nju/Downloads/smt/gnu_angr.tar.gz/single_test/seq/seq119532
2025-06-15 01:36:21.237 | INFO     | __main__:process_z3_file:293 - [Worker] 开始处理: /home/nju/Downloads/smt/gnu_angr.tar.gz/single_test/seq/seq154526
2025-06-15 01:36:21.237 | INFO     | __main__:process_z3_file:323 - [Worker] 处理异常: /home/nju/Downloads/smt/gnu_angr.tar.gz/single_test/seq/seq123962, 错误: [Errno 2] No such file or directory: '/home/nju/Downloads/smt/gnu_angr.tar.gz/single_test/seq/seq123962'
2025-06-15 01:36:21.237 | INFO     | __main__:process_z3_file:323 - [Worker] 处理异常: /home/nju/Downloads/smt/gnu_angr.tar.gz/single_test/seq/seq140289, 错误: [Errno 2] No such file or directory: '/home/nju/Downloads/smt/gnu_angr.tar.gz/single_test/seq/seq140289'
2025-06-15 01:36:21.237 | INFO     | __main__:process_z3_file:323 - [Worker] 处理异常: /home/nju/Downloads/smt/gnu_angr.tar.gz/single_test/tsort/tsort29595, 错误: [Errno 2] No such file or directory: '/home/nju/Downloads/smt/gnu_angr.tar.gz/single_test/tsort/tsort29595'
2025-06-15 01:36:21.237 | INFO     | __main__:process_z3_file:323 - [Worker] 处理异常: /home/nju/Downloads/smt/gnu_angr.tar.gz/single_test/seq/seq128910, 错误: [Errno 2] No such file or directory: '/home/nju/Downloads/smt/gnu_angr.tar.gz/single_test/seq/seq128910'
2025-06-15 01:36:21.237 | INFO     | __main__:process_z3_file:293 - [Worker] 开始处理: /home/nju/Downloads/smt/gnu_angr.tar.gz/single_test/seq/seq147523
2025-06-15 01:36:21.237 | INFO     | __main__:process_z3_file:323 - [Worker] 处理异常: /home/nju/Downloads/smt/gnu_angr.tar.gz/single_test/seq/seq119532, 错误: [Errno 2] No such file or directory: '/home/nju/Downloads/smt/gnu_angr.tar.gz/single_test/seq/seq119532'
2025-06-15 01:36:21.237 | INFO     | __main__:process_z3_file:323 - [Worker] 处理异常: /home/nju/Downloads/smt/gnu_angr.tar.gz/single_test/seq/seq112594, 错误: [Errno 2] No such file or directory: '/home/nju/Downloads/smt/gnu_angr.tar.gz/single_test/seq/seq112594'
2025-06-15 01:36:21.237 | INFO     | __main__:process_z3_file:293 - [Worker] 开始处理: /home/nju/Downloads/smt/gnu_angr.tar.gz/single_test/seq/seq123968
2025-06-15 01:36:21.237 | INFO     | __main__:process_z3_file:293 - [Worker] 开始处理: /home/nju/Downloads/smt/gnu_angr.tar.gz/single_test/seq/seq128939
2025-06-15 01:36:21.237 | INFO     | __main__:process_z3_file:293 - [Worker] 开始处理: /home/nju/Downloads/smt/gnu_angr.tar.gz/single_test/seq/seq143577
2025-06-15 01:36:21.237 | INFO     | __main__:process_z3_file:323 - [Worker] 处理异常: /home/nju/Downloads/smt/gnu_angr.tar.gz/single_test/seq/seq147523, 错误: [Errno 2] No such file or directory: '/home/nju/Downloads/smt/gnu_angr.tar.gz/single_test/seq/seq147523'
2025-06-15 01:36:21.237 | INFO     | __main__:process_z3_file:293 - [Worker] 开始处理: /home/nju/Downloads/smt/gnu_angr.tar.gz/single_test/seq/seq143566
2025-06-15 01:36:21.237 | INFO     | __main__:process_z3_file:323 - [Worker] 处理异常: /home/nju/Downloads/smt/gnu_angr.tar.gz/single_test/seq/seq154526, 错误: [Errno 2] No such file or directory: '/home/nju/Downloads/smt/gnu_angr.tar.gz/single_test/seq/seq154526'
2025-06-15 01:36:21.237 | INFO     | __main__:process_z3_file:323 - [Worker] 处理异常: /home/nju/Downloads/smt/gnu_angr.tar.gz/single_test/seq/seq123968, 错误: [Errno 2] No such file or directory: '/home/nju/Downloads/smt/gnu_angr.tar.gz/single_test/seq/seq123968'
2025-06-15 01:36:21.237 | INFO     | __main__:process_z3_file:323 - [Worker] 处理异常: /home/nju/Downloads/smt/gnu_angr.tar.gz/single_test/seq/seq128939, 错误: [Errno 2] No such file or directory: '/home/nju/Downloads/smt/gnu_angr.tar.gz/single_test/seq/seq128939'
2025-06-15 01:36:21.237 | INFO     | __main__:process_z3_file:293 - [Worker] 开始处理: /home/nju/Downloads/smt/gnu_angr.tar.gz/single_test/seq/seq123945
2025-06-15 01:36:21.237 | INFO     | __main__:process_z3_file:323 - [Worker] 处理异常: /home/nju/Downloads/smt/gnu_angr.tar.gz/single_test/seq/seq143577, 错误: [Errno 2] No such file or directory: '/home/nju/Downloads/smt/gnu_angr.tar.gz/single_test/seq/seq143577'
2025-06-15 01:36:21.237 | INFO     | __main__:process_z3_file:293 - [Worker] 开始处理: /home/nju/Downloads/smt/gnu_angr.tar.gz/single_test/seq/seq95270
2025-06-15 01:36:21.237 | INFO     | __main__:process_z3_file:323 - [Worker] 处理异常: /home/nju/Downloads/smt/gnu_angr.tar.gz/single_test/seq/seq143566, 错误: [Errno 2] No such file or directory: '/home/nju/Downloads/smt/gnu_angr.tar.gz/single_test/seq/seq143566'
2025-06-15 01:36:21.237 | INFO     | __main__:process_z3_file:293 - [Worker] 开始处理: /home/nju/Downloads/smt/gnu_angr.tar.gz/single_test/seq/seq97947
2025-06-15 01:36:21.237 | INFO     | __main__:process_z3_file:293 - [Worker] 开始处理: /home/nju/Downloads/smt/gnu_angr.tar.gz/single_test/seq/seq70322
2025-06-15 01:36:21.237 | INFO     | __main__:process_z3_file:293 - [Worker] 开始处理: /home/nju/Downloads/smt/gnu_angr.tar.gz/single_test/seq/seq143550
2025-06-15 01:36:21.237 | INFO     | __main__:process_z3_file:323 - [Worker] 处理异常: /home/nju/Downloads/smt/gnu_angr.tar.gz/single_test/seq/seq123945, 错误: [Errno 2] No such file or directory: '/home/nju/Downloads/smt/gnu_angr.tar.gz/single_test/seq/seq123945'
2025-06-15 01:36:21.237 | INFO     | __main__:process_z3_file:323 - [Worker] 处理异常: /home/nju/Downloads/smt/gnu_angr.tar.gz/single_test/seq/seq95270, 错误: [Errno 2] No such file or directory: '/home/nju/Downloads/smt/gnu_angr.tar.gz/single_test/seq/seq95270'
2025-06-15 01:36:21.237 | INFO     | __main__:process_z3_file:293 - [Worker] 开始处理: /home/nju/Downloads/smt/gnu_angr.tar.gz/single_test/seq/seq57231
2025-06-15 01:36:21.237 | INFO     | __main__:process_z3_file:323 - [Worker] 处理异常: /home/nju/Downloads/smt/gnu_angr.tar.gz/single_test/seq/seq57231, 错误: [Errno 2] No such file or directory: '/home/nju/Downloads/smt/gnu_angr.tar.gz/single_test/seq/seq57231'
2025-06-15 01:36:21.237 | INFO     | __main__:process_z3_file:293 - [Worker] 开始处理: /home/nju/Downloads/smt/gnu_angr.tar.gz/single_test/seq/seq92701
2025-06-15 01:36:21.237 | INFO     | __main__:process_z3_file:293 - [Worker] 开始处理: /home/nju/Downloads/smt/gnu_angr.tar.gz/single_test/seq/seq135101
2025-06-15 01:36:21.237 | INFO     | __main__:process_z3_file:323 - [Worker] 处理异常: /home/nju/Downloads/smt/gnu_angr.tar.gz/single_test/seq/seq92701, 错误: [Errno 2] No such file or directory: '/home/nju/Downloads/smt/gnu_angr.tar.gz/single_test/seq/seq92701'
2025-06-15 01:36:21.238 | INFO     | __main__:process_z3_file:323 - [Worker] 处理异常: /home/nju/Downloads/smt/gnu_angr.tar.gz/single_test/seq/seq135101, 错误: [Errno 2] No such file or directory: '/home/nju/Downloads/smt/gnu_angr.tar.gz/single_test/seq/seq135101'
2025-06-15 01:36:21.238 | INFO     | __main__:process_z3_file:293 - [Worker] 开始处理: /home/nju/Downloads/smt/gnu_angr.tar.gz/single_test/seq/seq123953
2025-06-15 01:36:21.238 | INFO     | __main__:process_z3_file:293 - [Worker] 开始处理: /home/nju/Downloads/smt/gnu_angr.tar.gz/single_test/seq/seq147517
2025-06-15 01:36:21.238 | INFO     | __main__:process_z3_file:323 - [Worker] 处理异常: /home/nju/Downloads/smt/gnu_angr.tar.gz/single_test/seq/seq123953, 错误: [Errno 2] No such file or directory: '/home/nju/Downloads/smt/gnu_angr.tar.gz/single_test/seq/seq123953'
2025-06-15 01:36:21.238 | INFO     | __main__:process_z3_file:323 - [Worker] 处理异常: /home/nju/Downloads/smt/gnu_angr.tar.gz/single_test/seq/seq147517, 错误: [Errno 2] No such file or directory: '/home/nju/Downloads/smt/gnu_angr.tar.gz/single_test/seq/seq147517'
2025-06-15 01:36:21.238 | INFO     | __main__:process_z3_file:293 - [Worker] 开始处理: /home/nju/Downloads/smt/gnu_angr.tar.gz/single_test/seq/seq147509
2025-06-15 01:36:21.238 | INFO     | __main__:process_z3_file:293 - [Worker] 开始处理: /home/nju/Downloads/smt/gnu_angr.tar.gz/single_test/seq/seq147512
2025-06-15 01:36:21.238 | INFO     | __main__:process_z3_file:323 - [Worker] 处理异常: /home/nju/Downloads/smt/gnu_angr.tar.gz/single_test/seq/seq147509, 错误: [Errno 2] No such file or directory: '/home/nju/Downloads/smt/gnu_angr.tar.gz/single_test/seq/seq147509'
2025-06-15 01:36:21.238 | INFO     | __main__:process_z3_file:323 - [Worker] 处理异常: /home/nju/Downloads/smt/gnu_angr.tar.gz/single_test/seq/seq147512, 错误: [Errno 2] No such file or directory: '/home/nju/Downloads/smt/gnu_angr.tar.gz/single_test/seq/seq147512'
2025-06-15 01:36:21.238 | INFO     | __main__:process_z3_file:293 - [Worker] 开始处理: /home/nju/Downloads/smt/gnu_angr.tar.gz/single_test/seq/seq97946
2025-06-15 01:36:21.237 | INFO     | __main__:process_z3_file:293 - [Worker] 开始处理: /home/nju/Downloads/smt/gnu_angr.tar.gz/single_test/seq/seq95766
2025-06-15 01:36:21.237 | INFO     | __main__:process_z3_file:293 - [Worker] 开始处理: /home/nju/Downloads/smt/gnu_angr.tar.gz/single_test/seq/seq152932
2025-06-15 01:36:21.238 | INFO     | __main__:process_z3_file:323 - [Worker] 处理异常: /home/nju/Downloads/smt/gnu_angr.tar.gz/single_test/seq/seq95766, 错误: [Errno 2] No such file or directory: '/home/nju/Downloads/smt/gnu_angr.tar.gz/single_test/seq/seq95766'
2025-06-15 01:36:21.238 | INFO     | __main__:process_z3_file:323 - [Worker] 处理异常: /home/nju/Downloads/smt/gnu_angr.tar.gz/single_test/seq/seq152932, 错误: [Errno 2] No such file or directory: '/home/nju/Downloads/smt/gnu_angr.tar.gz/single_test/seq/seq152932'
2025-06-15 01:36:21.239 | INFO     | __main__:process_z3_file:293 - [Worker] 开始处理: /home/nju/Downloads/smt/gnu_angr.tar.gz/single_test/seq/seq143576
2025-06-15 01:36:21.239 | INFO     | __main__:process_z3_file:323 - [Worker] 处理异常: /home/nju/Downloads/smt/gnu_angr.tar.gz/single_test/seq/seq143576, 错误: [Errno 2] No such file or directory: '/home/nju/Downloads/smt/gnu_angr.tar.gz/single_test/seq/seq143576'
2025-06-15 01:36:21.239 | INFO     | __main__:process_z3_file:293 - [Worker] 开始处理: /home/nju/Downloads/smt/gnu_angr.tar.gz/single_test/seq/seq91027
2025-06-15 01:36:21.239 | INFO     | __main__:process_z3_file:293 - [Worker] 开始处理: /home/nju/Downloads/smt/gnu_angr.tar.gz/single_test/seq/seq140243
2025-06-15 01:36:21.239 | INFO     | __main__:process_z3_file:323 - [Worker] 处理异常: /home/nju/Downloads/smt/gnu_angr.tar.gz/single_test/seq/seq140243, 错误: [Errno 2] No such file or directory: '/home/nju/Downloads/smt/gnu_angr.tar.gz/single_test/seq/seq140243'
2025-06-15 01:36:21.239 | INFO     | __main__:process_z3_file:323 - [Worker] 处理异常: /home/nju/Downloads/smt/gnu_angr.tar.gz/single_test/seq/seq91027, 错误: [Errno 2] No such file or directory: '/home/nju/Downloads/smt/gnu_angr.tar.gz/single_test/seq/seq91027'
2025-06-15 01:36:21.239 | INFO     | __main__:process_z3_file:293 - [Worker] 开始处理: /home/nju/Downloads/smt/gnu_angr.tar.gz/single_test/seq/seq147510
2025-06-15 01:36:21.239 | INFO     | __main__:process_z3_file:323 - [Worker] 处理异常: /home/nju/Downloads/smt/gnu_angr.tar.gz/single_test/seq/seq147510, 错误: [Errno 2] No such file or directory: '/home/nju/Downloads/smt/gnu_angr.tar.gz/single_test/seq/seq147510'
2025-06-15 01:36:21.239 | INFO     | __main__:process_z3_file:293 - [Worker] 开始处理: /home/nju/Downloads/smt/gnu_angr.tar.gz/single_test/seq/seq147536
2025-06-15 01:36:21.239 | INFO     | __main__:process_z3_file:293 - [Worker] 开始处理: /home/nju/Downloads/smt/gnu_angr.tar.gz/single_test/seq/seq147486
2025-06-15 01:36:21.239 | INFO     | __main__:process_z3_file:323 - [Worker] 处理异常: /home/nju/Downloads/smt/gnu_angr.tar.gz/single_test/seq/seq147486, 错误: [Errno 2] No such file or directory: '/home/nju/Downloads/smt/gnu_angr.tar.gz/single_test/seq/seq147486'
2025-06-15 01:36:21.239 | INFO     | __main__:process_z3_file:323 - [Worker] 处理异常: /home/nju/Downloads/smt/gnu_angr.tar.gz/single_test/seq/seq147536, 错误: [Errno 2] No such file or directory: '/home/nju/Downloads/smt/gnu_angr.tar.gz/single_test/seq/seq147536'
2025-06-15 01:36:21.237 | INFO     | __main__:process_z3_file:323 - [Worker] 处理异常: /home/nju/Downloads/smt/gnu_angr.tar.gz/single_test/seq/seq97947, 错误: [Errno 2] No such file or directory: '/home/nju/Downloads/smt/gnu_angr.tar.gz/single_test/seq/seq97947'
2025-06-15 01:36:21.237 | INFO     | __main__:process_z3_file:323 - [Worker] 处理异常: /home/nju/Downloads/smt/gnu_angr.tar.gz/single_test/seq/seq143550, 错误: [Errno 2] No such file or directory: '/home/nju/Downloads/smt/gnu_angr.tar.gz/single_test/seq/seq143550'
2025-06-15 01:36:21.239 | INFO     | __main__:process_z3_file:293 - [Worker] 开始处理: /home/nju/Downloads/smt/gnu_angr.tar.gz/single_test/seq/seq133612
2025-06-15 01:36:21.239 | INFO     | __main__:process_z3_file:293 - [Worker] 开始处理: /home/nju/Downloads/smt/gnu_angr.tar.gz/single_test/seq/seq133615
2025-06-15 01:36:21.239 | INFO     | __main__:process_z3_file:323 - [Worker] 处理异常: /home/nju/Downloads/smt/gnu_angr.tar.gz/single_test/seq/seq133612, 错误: [Errno 2] No such file or directory: '/home/nju/Downloads/smt/gnu_angr.tar.gz/single_test/seq/seq133612'
2025-06-15 01:36:21.239 | INFO     | __main__:process_z3_file:293 - [Worker] 开始处理: /home/nju/Downloads/smt/gnu_angr.tar.gz/single_test/seq/seq133613
2025-06-15 01:36:21.239 | INFO     | __main__:process_z3_file:323 - [Worker] 处理异常: /home/nju/Downloads/smt/gnu_angr.tar.gz/single_test/seq/seq133613, 错误: [Errno 2] No such file or directory: '/home/nju/Downloads/smt/gnu_angr.tar.gz/single_test/seq/seq133613'
2025-06-15 01:36:21.239 | INFO     | __main__:process_z3_file:293 - [Worker] 开始处理: /home/nju/Downloads/smt/gnu_angr.tar.gz/single_test/seq/seq147515
2025-06-15 01:36:21.239 | INFO     | __main__:process_z3_file:323 - [Worker] 处理异常: /home/nju/Downloads/smt/gnu_angr.tar.gz/single_test/seq/seq133615, 错误: [Errno 2] No such file or directory: '/home/nju/Downloads/smt/gnu_angr.tar.gz/single_test/seq/seq133615'
2025-06-15 01:36:21.239 | INFO     | __main__:process_z3_file:323 - [Worker] 处理异常: /home/nju/Downloads/smt/gnu_angr.tar.gz/single_test/seq/seq147515, 错误: [Errno 2] No such file or directory: '/home/nju/Downloads/smt/gnu_angr.tar.gz/single_test/seq/seq147515'
2025-06-15 01:36:21.239 | INFO     | __main__:process_z3_file:293 - [Worker] 开始处理: /home/nju/Downloads/smt/gnu_angr.tar.gz/single_test/seq/seq78796
2025-06-15 01:36:21.239 | INFO     | __main__:process_z3_file:323 - [Worker] 处理异常: /home/nju/Downloads/smt/gnu_angr.tar.gz/single_test/seq/seq78796, 错误: [Errno 2] No such file or directory: '/home/nju/Downloads/smt/gnu_angr.tar.gz/single_test/seq/seq78796'
2025-06-15 01:36:21.239 | INFO     | __main__:process_z3_file:293 - [Worker] 开始处理: /home/nju/Downloads/smt/gnu_angr.tar.gz/single_test/seq/seq143578
2025-06-15 01:36:21.239 | INFO     | __main__:process_z3_file:293 - [Worker] 开始处理: /home/nju/Downloads/smt/gnu_angr.tar.gz/single_test/seq/seq143541
2025-06-15 01:36:21.239 | INFO     | __main__:process_z3_file:323 - [Worker] 处理异常: /home/nju/Downloads/smt/gnu_angr.tar.gz/single_test/seq/seq143578, 错误: [Errno 2] No such file or directory: '/home/nju/Downloads/smt/gnu_angr.tar.gz/single_test/seq/seq143578'
2025-06-15 01:36:21.239 | INFO     | __main__:process_z3_file:293 - [Worker] 开始处理: /home/nju/Downloads/smt/gnu_angr.tar.gz/single_test/seq/seq133719
2025-06-15 01:36:21.237 | INFO     | __main__:process_z3_file:293 - [Worker] 开始处理: /home/nju/Downloads/smt/gnu_angr.tar.gz/single_test/seq/seq123963
2025-06-15 01:36:21.237 | INFO     | __main__:process_z3_file:323 - [Worker] 处理异常: /home/nju/Downloads/smt/gnu_angr.tar.gz/single_test/seq/seq70322, 错误: [Errno 2] No such file or directory: '/home/nju/Downloads/smt/gnu_angr.tar.gz/single_test/seq/seq70322'
2025-06-15 01:36:21.240 | INFO     | __main__:process_z3_file:323 - [Worker] 处理异常: /home/nju/Downloads/smt/gnu_angr.tar.gz/single_test/seq/seq123963, 错误: [Errno 2] No such file or directory: '/home/nju/Downloads/smt/gnu_angr.tar.gz/single_test/seq/seq123963'
2025-06-15 01:36:21.240 | INFO     | __main__:process_z3_file:293 - [Worker] 开始处理: /home/nju/Downloads/smt/gnu_angr.tar.gz/single_test/seq/seq140290
2025-06-15 01:36:21.240 | INFO     | __main__:process_z3_file:293 - [Worker] 开始处理: /home/nju/Downloads/smt/gnu_angr.tar.gz/single_test/seq/seq140287
2025-06-15 01:36:21.240 | INFO     | __main__:process_z3_file:323 - [Worker] 处理异常: /home/nju/Downloads/smt/gnu_angr.tar.gz/single_test/seq/seq140287, 错误: [Errno 2] No such file or directory: '/home/nju/Downloads/smt/gnu_angr.tar.gz/single_test/seq/seq140287'
2025-06-15 01:36:21.240 | INFO     | __main__:process_z3_file:323 - [Worker] 处理异常: /home/nju/Downloads/smt/gnu_angr.tar.gz/single_test/seq/seq140290, 错误: [Errno 2] No such file or directory: '/home/nju/Downloads/smt/gnu_angr.tar.gz/single_test/seq/seq140290'
2025-06-15 01:36:21.240 | INFO     | __main__:process_z3_file:293 - [Worker] 开始处理: /home/nju/Downloads/smt/gnu_angr.tar.gz/single_test/seq/seq152931
2025-06-15 01:36:21.240 | INFO     | __main__:process_z3_file:293 - [Worker] 开始处理: /home/nju/Downloads/smt/gnu_angr.tar.gz/single_test/seq/seq110808
2025-06-15 01:36:21.240 | INFO     | __main__:process_z3_file:323 - [Worker] 处理异常: /home/nju/Downloads/smt/gnu_angr.tar.gz/single_test/seq/seq152931, 错误: [Errno 2] No such file or directory: '/home/nju/Downloads/smt/gnu_angr.tar.gz/single_test/seq/seq152931'
2025-06-15 01:36:21.240 | INFO     | __main__:process_z3_file:293 - [Worker] 开始处理: /home/nju/Downloads/smt/gnu_angr.tar.gz/single_test/seq/seq108159
2025-06-15 01:36:21.240 | INFO     | __main__:process_z3_file:323 - [Worker] 处理异常: /home/nju/Downloads/smt/gnu_angr.tar.gz/single_test/seq/seq110808, 错误: [Errno 2] No such file or directory: '/home/nju/Downloads/smt/gnu_angr.tar.gz/single_test/seq/seq110808'
2025-06-15 01:36:21.240 | INFO     | __main__:process_z3_file:323 - [Worker] 处理异常: /home/nju/Downloads/smt/gnu_angr.tar.gz/single_test/seq/seq108159, 错误: [Errno 2] No such file or directory: '/home/nju/Downloads/smt/gnu_angr.tar.gz/single_test/seq/seq108159'
2025-06-15 01:36:21.240 | INFO     | __main__:process_z3_file:293 - [Worker] 开始处理: /home/nju/Downloads/smt/gnu_angr.tar.gz/single_test/seq/seq79911
2025-06-15 01:36:21.240 | INFO     | __main__:process_z3_file:293 - [Worker] 开始处理: /home/nju/Downloads/smt/gnu_angr.tar.gz/single_test/seq/seq76557
2025-06-15 01:36:21.240 | INFO     | __main__:process_z3_file:323 - [Worker] 处理异常: /home/nju/Downloads/smt/gnu_angr.tar.gz/single_test/seq/seq76557, 错误: [Errno 2] No such file or directory: '/home/nju/Downloads/smt/gnu_angr.tar.gz/single_test/seq/seq76557'
2025-06-15 01:36:21.238 | INFO     | __main__:process_z3_file:293 - [Worker] 开始处理: /home/nju/Downloads/smt/gnu_angr.tar.gz/single_test/seq/seq147531
2025-06-15 01:36:21.240 | INFO     | __main__:process_z3_file:323 - [Worker] 处理异常: /home/nju/Downloads/smt/gnu_angr.tar.gz/single_test/seq/seq79911, 错误: [Errno 2] No such file or directory: '/home/nju/Downloads/smt/gnu_angr.tar.gz/single_test/seq/seq79911'
2025-06-15 01:36:21.240 | INFO     | __main__:process_z3_file:293 - [Worker] 开始处理: /home/nju/Downloads/smt/gnu_angr.tar.gz/single_test/seq/seq133619
2025-06-15 01:36:21.240 | INFO     | __main__:process_z3_file:323 - [Worker] 处理异常: /home/nju/Downloads/smt/gnu_angr.tar.gz/single_test/seq/seq147531, 错误: [Errno 2] No such file or directory: '/home/nju/Downloads/smt/gnu_angr.tar.gz/single_test/seq/seq147531'
2025-06-15 01:36:21.240 | INFO     | __main__:process_z3_file:323 - [Worker] 处理异常: /home/nju/Downloads/smt/gnu_angr.tar.gz/single_test/seq/seq133619, 错误: [Errno 2] No such file or directory: '/home/nju/Downloads/smt/gnu_angr.tar.gz/single_test/seq/seq133619'
2025-06-15 01:36:21.240 | INFO     | __main__:process_z3_file:293 - [Worker] 开始处理: /home/nju/Downloads/smt/gnu_angr.tar.gz/single_test/seq/seq83563
2025-06-15 01:36:21.241 | INFO     | __main__:process_z3_file:293 - [Worker] 开始处理: /home/nju/Downloads/smt/gnu_angr.tar.gz/single_test/seq/seq133646
2025-06-15 01:36:21.241 | INFO     | __main__:process_z3_file:293 - [Worker] 开始处理: /home/nju/Downloads/smt/gnu_angr.tar.gz/single_test/seq/seq128897
2025-06-15 01:36:21.241 | INFO     | __main__:process_z3_file:323 - [Worker] 处理异常: /home/nju/Downloads/smt/gnu_angr.tar.gz/single_test/seq/seq133646, 错误: [Errno 2] No such file or directory: '/home/nju/Downloads/smt/gnu_angr.tar.gz/single_test/seq/seq133646'
2025-06-15 01:36:21.241 | INFO     | __main__:process_z3_file:323 - [Worker] 处理异常: /home/nju/Downloads/smt/gnu_angr.tar.gz/single_test/seq/seq128897, 错误: [Errno 2] No such file or directory: '/home/nju/Downloads/smt/gnu_angr.tar.gz/single_test/seq/seq128897'
2025-06-15 01:36:21.241 | INFO     | __main__:process_z3_file:323 - [Worker] 处理异常: /home/nju/Downloads/smt/gnu_angr.tar.gz/single_test/seq/seq83563, 错误: [Errno 2] No such file or directory: '/home/nju/Downloads/smt/gnu_angr.tar.gz/single_test/seq/seq83563'
2025-06-15 01:36:21.241 | INFO     | __main__:process_z3_file:293 - [Worker] 开始处理: /home/nju/Downloads/smt/gnu_angr.tar.gz/single_test/seq/seq147528
2025-06-15 01:36:21.241 | INFO     | __main__:process_z3_file:293 - [Worker] 开始处理: /home/nju/Downloads/smt/gnu_angr.tar.gz/single_test/seq/seq133656
2025-06-15 01:36:21.241 | INFO     | __main__:process_z3_file:323 - [Worker] 处理异常: /home/nju/Downloads/smt/gnu_angr.tar.gz/single_test/seq/seq147528, 错误: [Errno 2] No such file or directory: '/home/nju/Downloads/smt/gnu_angr.tar.gz/single_test/seq/seq147528'
2025-06-15 01:36:21.241 | INFO     | __main__:process_z3_file:323 - [Worker] 处理异常: /home/nju/Downloads/smt/gnu_angr.tar.gz/single_test/seq/seq133656, 错误: [Errno 2] No such file or directory: '/home/nju/Downloads/smt/gnu_angr.tar.gz/single_test/seq/seq133656'
2025-06-15 01:36:21.237 | INFO     | __main__:get_Z3_result:356 - 主进程收集结果: /home/nju/Downloads/smt/buzybox_angr.tar.gz/single_test/udhcpc/udhcpc6665859, 状态: error
2025-06-15 01:36:21.238 | INFO     | __main__:process_z3_file:323 - [Worker] 处理异常: /home/nju/Downloads/smt/gnu_angr.tar.gz/single_test/seq/seq97946, 错误: [Errno 2] No such file or directory: '/home/nju/Downloads/smt/gnu_angr.tar.gz/single_test/seq/seq97946'
2025-06-15 01:36:21.241 | INFO     | __main__:get_Z3_result:356 - 主进程收集结果: /home/nju/Downloads/smt/buzybox_angr.tar.gz/single_test/udhcpc/udhcpc6667828, 状态: error
2025-06-15 01:36:21.239 | INFO     | __main__:process_z3_file:293 - [Worker] 开始处理: /home/nju/Downloads/smt/gnu_angr.tar.gz/single_test/seq/seq89619
2025-06-15 01:36:21.241 | INFO     | __main__:get_Z3_result:356 - 主进程收集结果: /home/nju/Downloads/smt/buzybox_angr.tar.gz/single_test/lsmod/lsmod1279453, 状态: error
2025-06-15 01:36:21.241 | INFO     | __main__:process_z3_file:293 - [Worker] 开始处理: /home/nju/Downloads/smt/gnu_angr.tar.gz/single_test/seq/seq143568
2025-06-15 01:36:21.241 | INFO     | __main__:process_z3_file:323 - [Worker] 处理异常: /home/nju/Downloads/smt/gnu_angr.tar.gz/single_test/seq/seq143568, 错误: [Errno 2] No such file or directory: '/home/nju/Downloads/smt/gnu_angr.tar.gz/single_test/seq/seq143568'
2025-06-15 01:36:21.241 | INFO     | __main__:process_z3_file:323 - [Worker] 处理异常: /home/nju/Downloads/smt/gnu_angr.tar.gz/single_test/seq/seq89619, 错误: [Errno 2] No such file or directory: '/home/nju/Downloads/smt/gnu_angr.tar.gz/single_test/seq/seq89619'
2025-06-15 01:36:21.241 | INFO     | __main__:process_z3_file:293 - [Worker] 开始处理: /home/nju/Downloads/smt/gnu_angr.tar.gz/single_test/seq/seq119553
2025-06-15 01:36:21.241 | INFO     | __main__:get_Z3_result:356 - 主进程收集结果: /home/nju/Downloads/smt/buzybox_angr.tar.gz/single_test/lsmod/lsmod1210212, 状态: error
2025-06-15 01:36:21.241 | INFO     | __main__:process_z3_file:323 - [Worker] 处理异常: /home/nju/Downloads/smt/gnu_angr.tar.gz/single_test/seq/seq119553, 错误: [Errno 2] No such file or directory: '/home/nju/Downloads/smt/gnu_angr.tar.gz/single_test/seq/seq119553'
2025-06-15 01:36:21.241 | INFO     | __main__:process_z3_file:293 - [Worker] 开始处理: /home/nju/Downloads/smt/gnu_angr.tar.gz/single_test/seq/seq108160
2025-06-15 01:36:21.241 | INFO     | __main__:process_z3_file:293 - [Worker] 开始处理: /home/nju/Downloads/smt/gnu_angr.tar.gz/single_test/seq/seq141765
2025-06-15 01:36:21.241 | INFO     | __main__:get_Z3_result:356 - 主进程收集结果: /home/nju/Downloads/smt/buzybox_angr.tar.gz/single_test/lsmod/lsmod1170660, 状态: error
2025-06-15 01:36:21.241 | INFO     | __main__:process_z3_file:323 - [Worker] 处理异常: /home/nju/Downloads/smt/gnu_angr.tar.gz/single_test/seq/seq141765, 错误: [Errno 2] No such file or directory: '/home/nju/Downloads/smt/gnu_angr.tar.gz/single_test/seq/seq141765'
2025-06-15 01:36:21.241 | INFO     | __main__:get_Z3_result:356 - 主进程收集结果: /home/nju/Downloads/smt/buzybox_angr.tar.gz/single_test/lsmod/lsmod1180553, 状态: error
2025-06-15 01:36:21.241 | INFO     | __main__:process_z3_file:323 - [Worker] 处理异常: /home/nju/Downloads/smt/gnu_angr.tar.gz/single_test/seq/seq108160, 错误: [Errno 2] No such file or directory: '/home/nju/Downloads/smt/gnu_angr.tar.gz/single_test/seq/seq108160'
2025-06-15 01:36:21.241 | INFO     | __main__:process_z3_file:293 - [Worker] 开始处理: /home/nju/Downloads/smt/gnu_angr.tar.gz/single_test/seq/seq117719
2025-06-15 01:36:21.239 | INFO     | __main__:process_z3_file:293 - [Worker] 开始处理: /home/nju/Downloads/smt/gnu_angr.tar.gz/single_test/seq/seq84743
2025-06-15 01:36:21.239 | INFO     | __main__:process_z3_file:323 - [Worker] 处理异常: /home/nju/Downloads/smt/gnu_angr.tar.gz/single_test/seq/seq133719, 错误: [Errno 2] No such file or directory: '/home/nju/Downloads/smt/gnu_angr.tar.gz/single_test/seq/seq133719'
2025-06-15 01:36:21.242 | INFO     | __main__:process_z3_file:323 - [Worker] 处理异常: /home/nju/Downloads/smt/gnu_angr.tar.gz/single_test/seq/seq84743, 错误: [Errno 2] No such file or directory: '/home/nju/Downloads/smt/gnu_angr.tar.gz/single_test/seq/seq84743'
2025-06-15 01:36:21.242 | INFO     | __main__:process_z3_file:293 - [Worker] 开始处理: /home/nju/Downloads/smt/gnu_angr.tar.gz/single_test/seq/seq143585
2025-06-15 01:36:21.242 | INFO     | __main__:process_z3_file:293 - [Worker] 开始处理: /home/nju/Downloads/smt/gnu_angr.tar.gz/single_test/seq/seq133629
2025-06-15 01:36:21.242 | INFO     | __main__:process_z3_file:323 - [Worker] 处理异常: /home/nju/Downloads/smt/gnu_angr.tar.gz/single_test/seq/seq143585, 错误: [Errno 2] No such file or directory: '/home/nju/Downloads/smt/gnu_angr.tar.gz/single_test/seq/seq143585'
2025-06-15 01:36:21.242 | INFO     | __main__:process_z3_file:323 - [Worker] 处理异常: /home/nju/Downloads/smt/gnu_angr.tar.gz/single_test/seq/seq133629, 错误: [Errno 2] No such file or directory: '/home/nju/Downloads/smt/gnu_angr.tar.gz/single_test/seq/seq133629'
2025-06-15 01:36:21.242 | INFO     | __main__:process_z3_file:293 - [Worker] 开始处理: /home/nju/Downloads/smt/gnu_angr.tar.gz/single_test/seq/seq133659
2025-06-15 01:36:21.242 | INFO     | __main__:process_z3_file:323 - [Worker] 处理异常: /home/nju/Downloads/smt/gnu_angr.tar.gz/single_test/seq/seq133659, 错误: [Errno 2] No such file or directory: '/home/nju/Downloads/smt/gnu_angr.tar.gz/single_test/seq/seq133659'
2025-06-15 01:36:21.242 | INFO     | __main__:process_z3_file:293 - [Worker] 开始处理: /home/nju/Downloads/smt/gnu_angr.tar.gz/single_test/seq/seq121176
2025-06-15 01:36:21.242 | INFO     | __main__:process_z3_file:293 - [Worker] 开始处理: /home/nju/Downloads/smt/gnu_angr.tar.gz/single_test/seq/seq123955
2025-06-15 01:36:21.242 | INFO     | __main__:process_z3_file:323 - [Worker] 处理异常: /home/nju/Downloads/smt/gnu_angr.tar.gz/single_test/seq/seq121176, 错误: [Errno 2] No such file or directory: '/home/nju/Downloads/smt/gnu_angr.tar.gz/single_test/seq/seq121176'
2025-06-15 01:36:21.242 | INFO     | __main__:process_z3_file:323 - [Worker] 处理异常: /home/nju/Downloads/smt/gnu_angr.tar.gz/single_test/seq/seq123955, 错误: [Errno 2] No such file or directory: '/home/nju/Downloads/smt/gnu_angr.tar.gz/single_test/seq/seq123955'
2025-06-15 01:36:21.242 | INFO     | __main__:process_z3_file:293 - [Worker] 开始处理: /home/nju/Downloads/smt/gnu_angr.tar.gz/single_test/seq/seq116464
2025-06-15 01:36:21.242 | INFO     | __main__:process_z3_file:293 - [Worker] 开始处理: /home/nju/Downloads/smt/gnu_angr.tar.gz/single_test/seq/seq155511
2025-06-15 01:36:21.242 | INFO     | __main__:process_z3_file:323 - [Worker] 处理异常: /home/nju/Downloads/smt/gnu_angr.tar.gz/single_test/seq/seq116464, 错误: [Errno 2] No such file or directory: '/home/nju/Downloads/smt/gnu_angr.tar.gz/single_test/seq/seq116464'
2025-06-15 01:36:21.241 | INFO     | __main__:process_z3_file:293 - [Worker] 开始处理: /home/nju/Downloads/smt/gnu_angr.tar.gz/single_test/seq/seq147511
2025-06-15 01:36:21.241 | INFO     | __main__:process_z3_file:293 - [Worker] 开始处理: /home/nju/Downloads/smt/gnu_angr.tar.gz/single_test/seq/seq51873
2025-06-15 01:36:21.239 | INFO     | __main__:process_z3_file:323 - [Worker] 处理异常: /home/nju/Downloads/smt/gnu_angr.tar.gz/single_test/seq/seq143541, 错误: [Errno 2] No such file or directory: '/home/nju/Downloads/smt/gnu_angr.tar.gz/single_test/seq/seq143541'
2025-06-15 01:36:21.242 | INFO     | __main__:process_z3_file:323 - [Worker] 处理异常: /home/nju/Downloads/smt/gnu_angr.tar.gz/single_test/seq/seq147511, 错误: [Errno 2] No such file or directory: '/home/nju/Downloads/smt/gnu_angr.tar.gz/single_test/seq/seq147511'
2025-06-15 01:36:21.242 | INFO     | __main__:process_z3_file:293 - [Worker] 开始处理: /home/nju/Downloads/smt/gnu_angr.tar.gz/single_test/seq/seq140537
2025-06-15 01:36:21.242 | INFO     | __main__:process_z3_file:323 - [Worker] 处理异常: /home/nju/Downloads/smt/gnu_angr.tar.gz/single_test/seq/seq51873, 错误: [Errno 2] No such file or directory: '/home/nju/Downloads/smt/gnu_angr.tar.gz/single_test/seq/seq51873'
2025-06-15 01:36:21.242 | INFO     | __main__:process_z3_file:323 - [Worker] 处理异常: /home/nju/Downloads/smt/gnu_angr.tar.gz/single_test/seq/seq140537, 错误: [Errno 2] No such file or directory: '/home/nju/Downloads/smt/gnu_angr.tar.gz/single_test/seq/seq140537'
2025-06-15 01:36:21.242 | INFO     | __main__:process_z3_file:293 - [Worker] 开始处理: /home/nju/Downloads/smt/gnu_angr.tar.gz/single_test/seq/seq141711
2025-06-15 01:36:21.242 | INFO     | __main__:process_z3_file:293 - [Worker] 开始处理: /home/nju/Downloads/smt/gnu_angr.tar.gz/single_test/seq/seq116468
2025-06-15 01:36:21.242 | INFO     | __main__:process_z3_file:293 - [Worker] 开始处理: /home/nju/Downloads/smt/gnu_angr.tar.gz/single_test/seq/seq119554
2025-06-15 01:36:21.242 | INFO     | __main__:process_z3_file:323 - [Worker] 处理异常: /home/nju/Downloads/smt/gnu_angr.tar.gz/single_test/seq/seq116468, 错误: [Errno 2] No such file or directory: '/home/nju/Downloads/smt/gnu_angr.tar.gz/single_test/seq/seq116468'
2025-06-15 01:36:21.242 | INFO     | __main__:process_z3_file:323 - [Worker] 处理异常: /home/nju/Downloads/smt/gnu_angr.tar.gz/single_test/seq/seq141711, 错误: [Errno 2] No such file or directory: '/home/nju/Downloads/smt/gnu_angr.tar.gz/single_test/seq/seq141711'
2025-06-15 01:36:21.242 | INFO     | __main__:process_z3_file:293 - [Worker] 开始处理: /home/nju/Downloads/smt/gnu_angr.tar.gz/single_test/seq/seq123923
2025-06-15 01:36:21.242 | INFO     | __main__:process_z3_file:323 - [Worker] 处理异常: /home/nju/Downloads/smt/gnu_angr.tar.gz/single_test/seq/seq119554, 错误: [Errno 2] No such file or directory: '/home/nju/Downloads/smt/gnu_angr.tar.gz/single_test/seq/seq119554'
2025-06-15 01:36:21.242 | INFO     | __main__:process_z3_file:323 - [Worker] 处理异常: /home/nju/Downloads/smt/gnu_angr.tar.gz/single_test/seq/seq123923, 错误: [Errno 2] No such file or directory: '/home/nju/Downloads/smt/gnu_angr.tar.gz/single_test/seq/seq123923'
2025-06-15 01:36:21.242 | INFO     | __main__:process_z3_file:293 - [Worker] 开始处理: /home/nju/Downloads/smt/gnu_angr.tar.gz/single_test/seq/seq133663
2025-06-15 01:36:21.242 | INFO     | __main__:process_z3_file:293 - [Worker] 开始处理: /home/nju/Downloads/smt/gnu_angr.tar.gz/single_test/seq/seq147589
2025-06-15 01:36:21.241 | INFO     | __main__:process_z3_file:293 - [Worker] 开始处理: /home/nju/Downloads/smt/gnu_angr.tar.gz/single_test/seq/seq128944
2025-06-15 01:36:21.241 | INFO     | __main__:process_z3_file:323 - [Worker] 处理异常: /home/nju/Downloads/smt/gnu_angr.tar.gz/single_test/seq/seq117719, 错误: [Errno 2] No such file or directory: '/home/nju/Downloads/smt/gnu_angr.tar.gz/single_test/seq/seq117719'
2025-06-15 01:36:21.241 | INFO     | __main__:get_Z3_result:356 - 主进程收集结果: /home/nju/Downloads/smt/buzybox_angr.tar.gz/single_test/lsmod/lsmod1511861, 状态: error
2025-06-15 01:36:21.243 | INFO     | __main__:process_z3_file:323 - [Worker] 处理异常: /home/nju/Downloads/smt/gnu_angr.tar.gz/single_test/seq/seq133663, 错误: [Errno 2] No such file or directory: '/home/nju/Downloads/smt/gnu_angr.tar.gz/single_test/seq/seq133663'
2025-06-15 01:36:21.241 | INFO     | __main__:process_z3_file:293 - [Worker] 开始处理: /home/nju/Downloads/smt/gnu_angr.tar.gz/single_test/seq/seq128938
2025-06-15 01:36:21.243 | INFO     | __main__:process_z3_file:323 - [Worker] 处理异常: /home/nju/Downloads/smt/gnu_angr.tar.gz/single_test/seq/seq128944, 错误: [Errno 2] No such file or directory: '/home/nju/Downloads/smt/gnu_angr.tar.gz/single_test/seq/seq128944'
2025-06-15 01:36:21.243 | INFO     | __main__:get_Z3_result:356 - 主进程收集结果: /home/nju/Downloads/smt/buzybox_angr.tar.gz/single_test/lsmod/lsmod1457448, 状态: error
2025-06-15 01:36:21.243 | INFO     | __main__:process_z3_file:293 - [Worker] 开始处理: /home/nju/Downloads/smt/gnu_angr.tar.gz/single_test/seq/seq141710
2025-06-15 01:36:21.243 | INFO     | __main__:get_Z3_result:356 - 主进程收集结果: /home/nju/Downloads/smt/buzybox_angr.tar.gz/single_test/lsmod/lsmod1501963, 状态: error
2025-06-15 01:36:21.243 | INFO     | __main__:process_z3_file:293 - [Worker] 开始处理: /home/nju/Downloads/smt/gnu_angr.tar.gz/single_test/seq/seq133660
2025-06-15 01:36:21.243 | INFO     | __main__:process_z3_file:323 - [Worker] 处理异常: /home/nju/Downloads/smt/gnu_angr.tar.gz/single_test/seq/seq141710, 错误: [Errno 2] No such file or directory: '/home/nju/Downloads/smt/gnu_angr.tar.gz/single_test/seq/seq141710'
2025-06-15 01:36:21.243 | INFO     | __main__:process_z3_file:293 - [Worker] 开始处理: /home/nju/Downloads/smt/gnu_angr.tar.gz/single_test/seq/seq124024
2025-06-15 01:36:21.243 | INFO     | __main__:get_Z3_result:356 - 主进程收集结果: /home/nju/Downloads/smt/buzybox_angr.tar.gz/single_test/lsmod/lsmod1239887, 状态: error
2025-06-15 01:36:21.243 | INFO     | __main__:process_z3_file:323 - [Worker] 处理异常: /home/nju/Downloads/smt/gnu_angr.tar.gz/single_test/seq/seq128938, 错误: [Errno 2] No such file or directory: '/home/nju/Downloads/smt/gnu_angr.tar.gz/single_test/seq/seq128938'
2025-06-15 01:36:21.243 | INFO     | __main__:process_z3_file:323 - [Worker] 处理异常: /home/nju/Downloads/smt/gnu_angr.tar.gz/single_test/seq/seq133660, 错误: [Errno 2] No such file or directory: '/home/nju/Downloads/smt/gnu_angr.tar.gz/single_test/seq/seq133660'
2025-06-15 01:36:21.243 | INFO     | __main__:process_z3_file:293 - [Worker] 开始处理: /home/nju/Downloads/smt/gnu_angr.tar.gz/single_test/seq/seq147500
2025-06-15 01:36:21.243 | INFO     | __main__:get_Z3_result:356 - 主进程收集结果: /home/nju/Downloads/smt/buzybox_angr.tar.gz/single_test/lsmod/lsmod1363508, 状态: error
2025-06-15 01:36:21.243 | INFO     | __main__:process_z3_file:293 - [Worker] 开始处理: /home/nju/Downloads/smt/gnu_angr.tar.gz/single_test/seq/seq79291
2025-06-15 01:36:21.243 | INFO     | __main__:get_Z3_result:356 - 主进程收集结果: /home/nju/Downloads/smt/buzybox_angr.tar.gz/single_test/lsmod/lsmod1185504, 状态: error
2025-06-15 01:36:21.243 | INFO     | __main__:process_z3_file:323 - [Worker] 处理异常: /home/nju/Downloads/smt/gnu_angr.tar.gz/single_test/seq/seq124024, 错误: [Errno 2] No such file or directory: '/home/nju/Downloads/smt/gnu_angr.tar.gz/single_test/seq/seq124024'
2025-06-15 01:36:21.242 | INFO     | __main__:process_z3_file:323 - [Worker] 处理异常: /home/nju/Downloads/smt/gnu_angr.tar.gz/single_test/seq/seq155511, 错误: [Errno 2] No such file or directory: '/home/nju/Downloads/smt/gnu_angr.tar.gz/single_test/seq/seq155511'
2025-06-15 01:36:21.242 | INFO     | __main__:process_z3_file:293 - [Worker] 开始处理: /home/nju/Downloads/smt/gnu_angr.tar.gz/single_test/seq/seq83564
2025-06-15 01:36:21.243 | INFO     | __main__:process_z3_file:323 - [Worker] 处理异常: /home/nju/Downloads/smt/gnu_angr.tar.gz/single_test/seq/seq147589, 错误: [Errno 2] No such file or directory: '/home/nju/Downloads/smt/gnu_angr.tar.gz/single_test/seq/seq147589'
2025-06-15 01:36:21.242 | INFO     | __main__:process_z3_file:293 - [Worker] 开始处理: /home/nju/Downloads/smt/gnu_angr.tar.gz/single_test/seq/seq128896
2025-06-15 01:36:21.243 | INFO     | __main__:process_z3_file:323 - [Worker] 处理异常: /home/nju/Downloads/smt/gnu_angr.tar.gz/single_test/seq/seq83564, 错误: [Errno 2] No such file or directory: '/home/nju/Downloads/smt/gnu_angr.tar.gz/single_test/seq/seq83564'
2025-06-15 01:36:21.243 | INFO     | __main__:process_z3_file:293 - [Worker] 开始处理: /home/nju/Downloads/smt/gnu_angr.tar.gz/single_test/mktemp/mktemp72695
2025-06-15 01:36:21.243 | INFO     | __main__:process_z3_file:323 - [Worker] 处理异常: /home/nju/Downloads/smt/gnu_angr.tar.gz/single_test/seq/seq128896, 错误: [Errno 2] No such file or directory: '/home/nju/Downloads/smt/gnu_angr.tar.gz/single_test/seq/seq128896'
2025-06-15 01:36:21.243 | INFO     | __main__:process_z3_file:293 - [Worker] 开始处理: /home/nju/Downloads/smt/gnu_angr.tar.gz/single_test/expr/expr217198
2025-06-15 01:36:21.243 | INFO     | __main__:process_z3_file:323 - [Worker] 处理异常: /home/nju/Downloads/smt/gnu_angr.tar.gz/single_test/mktemp/mktemp72695, 错误: [Errno 2] No such file or directory: '/home/nju/Downloads/smt/gnu_angr.tar.gz/single_test/mktemp/mktemp72695'
2025-06-15 01:36:21.243 | INFO     | __main__:process_z3_file:323 - [Worker] 处理异常: /home/nju/Downloads/smt/gnu_angr.tar.gz/single_test/expr/expr217198, 错误: [Errno 2] No such file or directory: '/home/nju/Downloads/smt/gnu_angr.tar.gz/single_test/expr/expr217198'
2025-06-15 01:36:21.243 | INFO     | __main__:process_z3_file:293 - [Worker] 开始处理: /home/nju/Downloads/smt/gnu_angr.tar.gz/single_test/expr/expr278325
2025-06-15 01:36:21.243 | INFO     | __main__:process_z3_file:293 - [Worker] 开始处理: /home/nju/Downloads/smt/gnu_angr.tar.gz/single_test/expr/expr228934
2025-06-15 01:36:21.243 | INFO     | __main__:process_z3_file:323 - [Worker] 处理异常: /home/nju/Downloads/smt/gnu_angr.tar.gz/single_test/expr/expr278325, 错误: [Errno 2] No such file or directory: '/home/nju/Downloads/smt/gnu_angr.tar.gz/single_test/expr/expr278325'
2025-06-15 01:36:21.243 | INFO     | __main__:process_z3_file:293 - [Worker] 开始处理: /home/nju/Downloads/smt/gnu_angr.tar.gz/single_test/expr/expr277232
2025-06-15 01:36:21.243 | INFO     | __main__:process_z3_file:293 - [Worker] 开始处理: /home/nju/Downloads/smt/gnu_angr.tar.gz/single_test/expr/expr274909
2025-06-15 01:36:21.243 | INFO     | __main__:process_z3_file:323 - [Worker] 处理异常: /home/nju/Downloads/smt/gnu_angr.tar.gz/single_test/expr/expr228934, 错误: [Errno 2] No such file or directory: '/home/nju/Downloads/smt/gnu_angr.tar.gz/single_test/expr/expr228934'
2025-06-15 01:36:21.243 | INFO     | __main__:process_z3_file:323 - [Worker] 处理异常: /home/nju/Downloads/smt/gnu_angr.tar.gz/single_test/expr/expr277232, 错误: [Errno 2] No such file or directory: '/home/nju/Downloads/smt/gnu_angr.tar.gz/single_test/expr/expr277232'
2025-06-15 01:36:21.243 | INFO     | __main__:process_z3_file:293 - [Worker] 开始处理: /home/nju/Downloads/smt/gnu_angr.tar.gz/single_test/expr/expr225589
2025-06-15 01:36:21.243 | INFO     | __main__:process_z3_file:323 - [Worker] 处理异常: /home/nju/Downloads/smt/gnu_angr.tar.gz/single_test/seq/seq147500, 错误: [Errno 2] No such file or directory: '/home/nju/Downloads/smt/gnu_angr.tar.gz/single_test/seq/seq147500'
2025-06-15 01:36:21.243 | INFO     | __main__:process_z3_file:323 - [Worker] 处理异常: /home/nju/Downloads/smt/gnu_angr.tar.gz/single_test/seq/seq79291, 错误: [Errno 2] No such file or directory: '/home/nju/Downloads/smt/gnu_angr.tar.gz/single_test/seq/seq79291'
2025-06-15 01:36:21.243 | INFO     | __main__:get_Z3_result:356 - 主进程收集结果: /home/nju/Downloads/smt/buzybox_angr.tar.gz/single_test/lsmod/lsmod1111306, 状态: error
2025-06-15 01:36:21.243 | INFO     | __main__:process_z3_file:293 - [Worker] 开始处理: /home/nju/Downloads/smt/gnu_angr.tar.gz/single_test/mktemp/mktemp68729
2025-06-15 01:36:21.244 | INFO     | __main__:process_z3_file:293 - [Worker] 开始处理: /home/nju/Downloads/smt/gnu_angr.tar.gz/single_test/expr/expr270722
2025-06-15 01:36:21.244 | INFO     | __main__:get_Z3_result:356 - 主进程收集结果: /home/nju/Downloads/smt/buzybox_angr.tar.gz/single_test/lsmod/lsmod1304150, 状态: error
2025-06-15 01:36:21.244 | INFO     | __main__:process_z3_file:293 - [Worker] 开始处理: /home/nju/Downloads/smt/gnu_angr.tar.gz/single_test/expand/expand439103
2025-06-15 01:36:21.244 | INFO     | __main__:process_z3_file:323 - [Worker] 处理异常: /home/nju/Downloads/smt/gnu_angr.tar.gz/single_test/expr/expr270722, 错误: [Errno 2] No such file or directory: '/home/nju/Downloads/smt/gnu_angr.tar.gz/single_test/expr/expr270722'
2025-06-15 01:36:21.244 | INFO     | __main__:get_Z3_result:356 - 主进程收集结果: /home/nju/Downloads/smt/buzybox_angr.tar.gz/single_test/lsmod/lsmod1175597, 状态: error
2025-06-15 01:36:21.244 | INFO     | __main__:process_z3_file:323 - [Worker] 处理异常: /home/nju/Downloads/smt/gnu_angr.tar.gz/single_test/expand/expand439103, 错误: [Errno 2] No such file or directory: '/home/nju/Downloads/smt/gnu_angr.tar.gz/single_test/expand/expand439103'
2025-06-15 01:36:21.244 | INFO     | __main__:process_z3_file:323 - [Worker] 处理异常: /home/nju/Downloads/smt/gnu_angr.tar.gz/single_test/mktemp/mktemp68729, 错误: [Errno 2] No such file or directory: '/home/nju/Downloads/smt/gnu_angr.tar.gz/single_test/mktemp/mktemp68729'
2025-06-15 01:36:21.244 | INFO     | __main__:get_Z3_result:356 - 主进程收集结果: /home/nju/Downloads/smt/buzybox_angr.tar.gz/single_test/lsmod/lsmod1477234, 状态: error
2025-06-15 01:36:21.244 | INFO     | __main__:process_z3_file:293 - [Worker] 开始处理: /home/nju/Downloads/smt/gnu_angr.tar.gz/single_test/expand/expand399276
2025-06-15 01:36:21.244 | INFO     | __main__:process_z3_file:293 - [Worker] 开始处理: /home/nju/Downloads/smt/gnu_angr.tar.gz/single_test/expand/expand415535
2025-06-15 01:36:21.244 | INFO     | __main__:get_Z3_result:356 - 主进程收集结果: /home/nju/Downloads/smt/buzybox_angr.tar.gz/single_test/lsmod/lsmod1378334, 状态: error
2025-06-15 01:36:21.244 | INFO     | __main__:process_z3_file:323 - [Worker] 处理异常: /home/nju/Downloads/smt/gnu_angr.tar.gz/single_test/expand/expand399276, 错误: [Errno 2] No such file or directory: '/home/nju/Downloads/smt/gnu_angr.tar.gz/single_test/expand/expand399276'
2025-06-15 01:36:21.244 | INFO     | __main__:process_z3_file:323 - [Worker] 处理异常: /home/nju/Downloads/smt/gnu_angr.tar.gz/single_test/expand/expand415535, 错误: [Errno 2] No such file or directory: '/home/nju/Downloads/smt/gnu_angr.tar.gz/single_test/expand/expand415535'
2025-06-15 01:36:21.244 | INFO     | __main__:process_z3_file:293 - [Worker] 开始处理: /home/nju/Downloads/smt/gnu_angr.tar.gz/single_test/expand/expand419008
2025-06-15 01:36:21.243 | INFO     | __main__:process_z3_file:293 - [Worker] 开始处理: /home/nju/Downloads/smt/gnu_angr.tar.gz/single_test/expr/expr276430
2025-06-15 01:36:21.243 | INFO     | __main__:process_z3_file:323 - [Worker] 处理异常: /home/nju/Downloads/smt/gnu_angr.tar.gz/single_test/expr/expr274909, 错误: [Errno 2] No such file or directory: '/home/nju/Downloads/smt/gnu_angr.tar.gz/single_test/expr/expr274909'
2025-06-15 01:36:21.243 | INFO     | __main__:process_z3_file:323 - [Worker] 处理异常: /home/nju/Downloads/smt/gnu_angr.tar.gz/single_test/expr/expr225589, 错误: [Errno 2] No such file or directory: '/home/nju/Downloads/smt/gnu_angr.tar.gz/single_test/expr/expr225589'
2025-06-15 01:36:21.243 | INFO     | __main__:process_z3_file:293 - [Worker] 开始处理: /home/nju/Downloads/smt/gnu_angr.tar.gz/single_test/expr/expr277231
2025-06-15 01:36:21.244 | INFO     | __main__:get_Z3_result:356 - 主进程收集结果: /home/nju/Downloads/smt/buzybox_angr.tar.gz/single_test/lsmod/lsmod1140979, 状态: error
2025-06-15 01:36:21.243 | INFO     | __main__:process_z3_file:293 - [Worker] 开始处理: /home/nju/Downloads/smt/gnu_angr.tar.gz/single_test/mktemp/mktemp70107
2025-06-15 01:36:21.244 | INFO     | __main__:get_Z3_result:356 - 主进程收集结果: /home/nju/Downloads/smt/buzybox_angr.tar.gz/single_test/lsmod/lsmod1427784, 状态: error
2025-06-15 01:36:21.244 | INFO     | __main__:process_z3_file:293 - [Worker] 开始处理: /home/nju/Downloads/smt/gnu_angr.tar.gz/single_test/expand/expand380025
2025-06-15 01:36:21.244 | INFO     | __main__:process_z3_file:323 - [Worker] 处理异常: /home/nju/Downloads/smt/gnu_angr.tar.gz/single_test/expr/expr277231, 错误: [Errno 2] No such file or directory: '/home/nju/Downloads/smt/gnu_angr.tar.gz/single_test/expr/expr277231'
2025-06-15 01:36:21.244 | INFO     | __main__:process_z3_file:323 - [Worker] 处理异常: /home/nju/Downloads/smt/gnu_angr.tar.gz/single_test/expr/expr276430, 错误: [Errno 2] No such file or directory: '/home/nju/Downloads/smt/gnu_angr.tar.gz/single_test/expr/expr276430'
2025-06-15 01:36:21.244 | INFO     | __main__:process_z3_file:293 - [Worker] 开始处理: /home/nju/Downloads/smt/gnu_angr.tar.gz/single_test/expand/expand441451
2025-06-15 01:36:21.244 | INFO     | __main__:process_z3_file:293 - [Worker] 开始处理: /home/nju/Downloads/smt/gnu_angr.tar.gz/single_test/expand/expand371319
2025-06-15 01:36:21.244 | INFO     | __main__:get_Z3_result:356 - 主进程收集结果: /home/nju/Downloads/smt/buzybox_angr.tar.gz/single_test/lsmod/lsmod1536565, 状态: error
2025-06-15 01:36:21.244 | INFO     | __main__:process_z3_file:323 - [Worker] 处理异常: /home/nju/Downloads/smt/gnu_angr.tar.gz/single_test/expand/expand441451, 错误: [Errno 2] No such file or directory: '/home/nju/Downloads/smt/gnu_angr.tar.gz/single_test/expand/expand441451'
2025-06-15 01:36:21.244 | INFO     | __main__:process_z3_file:293 - [Worker] 开始处理: /home/nju/Downloads/smt/gnu_angr.tar.gz/single_test/expand/expand439104
2025-06-15 01:36:21.244 | INFO     | __main__:process_z3_file:293 - [Worker] 开始处理: /home/nju/Downloads/smt/gnu_angr.tar.gz/single_test/expand/expand429872
2025-06-15 01:36:21.244 | INFO     | __main__:process_z3_file:323 - [Worker] 处理异常: /home/nju/Downloads/smt/gnu_angr.tar.gz/single_test/expand/expand371319, 错误: [Errno 2] No such file or directory: '/home/nju/Downloads/smt/gnu_angr.tar.gz/single_test/expand/expand371319'
2025-06-15 01:36:21.244 | INFO     | __main__:process_z3_file:323 - [Worker] 处理异常: /home/nju/Downloads/smt/gnu_angr.tar.gz/single_test/expand/expand380025, 错误: [Errno 2] No such file or directory: '/home/nju/Downloads/smt/gnu_angr.tar.gz/single_test/expand/expand380025'
2025-06-15 01:36:21.244 | INFO     | __main__:get_Z3_result:356 - 主进程收集结果: /home/nju/Downloads/smt/buzybox_angr.tar.gz/single_test/lsmod/lsmod1442610, 状态: error
2025-06-15 01:36:21.244 | INFO     | __main__:process_z3_file:323 - [Worker] 处理异常: /home/nju/Downloads/smt/gnu_angr.tar.gz/single_test/mktemp/mktemp70107, 错误: [Errno 2] No such file or directory: '/home/nju/Downloads/smt/gnu_angr.tar.gz/single_test/mktemp/mktemp70107'
2025-06-15 01:36:21.244 | INFO     | __main__:process_z3_file:323 - [Worker] 处理异常: /home/nju/Downloads/smt/gnu_angr.tar.gz/single_test/expand/expand439104, 错误: [Errno 2] No such file or directory: '/home/nju/Downloads/smt/gnu_angr.tar.gz/single_test/expand/expand439104'
2025-06-15 01:36:21.244 | INFO     | __main__:process_z3_file:293 - [Worker] 开始处理: /home/nju/Downloads/smt/gnu_angr.tar.gz/single_test/expand/expand429238
2025-06-15 01:36:21.244 | INFO     | __main__:process_z3_file:293 - [Worker] 开始处理: /home/nju/Downloads/smt/gnu_angr.tar.gz/single_test/expand/expand421225
2025-06-15 01:36:21.244 | INFO     | __main__:process_z3_file:323 - [Worker] 处理异常: /home/nju/Downloads/smt/gnu_angr.tar.gz/single_test/expand/expand429872, 错误: [Errno 2] No such file or directory: '/home/nju/Downloads/smt/gnu_angr.tar.gz/single_test/expand/expand429872'
2025-06-15 01:36:21.244 | INFO     | __main__:get_Z3_result:356 - 主进程收集结果: /home/nju/Downloads/smt/buzybox_angr.tar.gz/single_test/lsmod/lsmod1487115, 状态: error
2025-06-15 01:36:21.244 | INFO     | __main__:process_z3_file:323 - [Worker] 处理异常: /home/nju/Downloads/smt/gnu_angr.tar.gz/single_test/expand/expand419008, 错误: [Errno 2] No such file or directory: '/home/nju/Downloads/smt/gnu_angr.tar.gz/single_test/expand/expand419008'
2025-06-15 01:36:21.245 | INFO     | __main__:process_z3_file:323 - [Worker] 处理异常: /home/nju/Downloads/smt/gnu_angr.tar.gz/single_test/expand/expand429238, 错误: [Errno 2] No such file or directory: '/home/nju/Downloads/smt/gnu_angr.tar.gz/single_test/expand/expand429238'
2025-06-15 01:36:21.245 | INFO     | __main__:process_z3_file:323 - [Worker] 处理异常: /home/nju/Downloads/smt/gnu_angr.tar.gz/single_test/expand/expand421225, 错误: [Errno 2] No such file or directory: '/home/nju/Downloads/smt/gnu_angr.tar.gz/single_test/expand/expand421225'
2025-06-15 01:36:21.245 | INFO     | __main__:get_Z3_result:356 - 主进程收集结果: /home/nju/Downloads/smt/buzybox_angr.tar.gz/single_test/lsmod/lsmod1531625, 状态: error
2025-06-15 01:36:21.245 | INFO     | __main__:process_z3_file:293 - [Worker] 开始处理: /home/nju/Downloads/smt/gnu_angr.tar.gz/single_test/expand/expand383024
2025-06-15 01:36:21.245 | INFO     | __main__:get_Z3_result:356 - 主进程收集结果: /home/nju/Downloads/smt/buzybox_angr.tar.gz/single_test/lsmod/lsmod1516806, 状态: error
2025-06-15 01:36:21.245 | INFO     | __main__:process_z3_file:293 - [Worker] 开始处理: /home/nju/Downloads/smt/gnu_angr.tar.gz/single_test/expand/expand416939
2025-06-15 01:36:21.245 | INFO     | __main__:process_z3_file:323 - [Worker] 处理异常: /home/nju/Downloads/smt/gnu_angr.tar.gz/single_test/expand/expand383024, 错误: [Errno 2] No such file or directory: '/home/nju/Downloads/smt/gnu_angr.tar.gz/single_test/expand/expand383024'
2025-06-15 01:36:21.245 | INFO     | __main__:process_z3_file:293 - [Worker] 开始处理: /home/nju/Downloads/smt/gnu_angr.tar.gz/single_test/expand/expand437661
2025-06-15 01:36:21.245 | INFO     | __main__:process_z3_file:293 - [Worker] 开始处理: /home/nju/Downloads/smt/gnu_angr.tar.gz/single_test/expand/expand385895
2025-06-15 01:36:21.245 | INFO     | __main__:get_Z3_result:356 - 主进程收集结果: /home/nju/Downloads/smt/buzybox_angr.tar.gz/single_test/lsmod/lsmod1190446, 状态: error
2025-06-15 01:36:21.245 | INFO     | __main__:process_z3_file:323 - [Worker] 处理异常: /home/nju/Downloads/smt/gnu_angr.tar.gz/single_test/expand/expand416939, 错误: [Errno 2] No such file or directory: '/home/nju/Downloads/smt/gnu_angr.tar.gz/single_test/expand/expand416939'
2025-06-15 01:36:21.245 | INFO     | __main__:process_z3_file:323 - [Worker] 处理异常: /home/nju/Downloads/smt/gnu_angr.tar.gz/single_test/expand/expand437661, 错误: [Errno 2] No such file or directory: '/home/nju/Downloads/smt/gnu_angr.tar.gz/single_test/expand/expand437661'
2025-06-15 01:36:21.245 | INFO     | __main__:process_z3_file:293 - [Worker] 开始处理: /home/nju/Downloads/smt/gnu_angr.tar.gz/single_test/expand/expand442352
2025-06-15 01:36:21.245 | INFO     | __main__:get_Z3_result:356 - 主进程收集结果: /home/nju/Downloads/smt/buzybox_angr.tar.gz/single_test/lsmod/lsmod1155821, 状态: error
2025-06-15 01:36:21.244 | INFO     | __main__:process_z3_file:293 - [Worker] 开始处理: /home/nju/Downloads/smt/gnu_angr.tar.gz/single_test/expand/expand436124
2025-06-15 01:36:21.244 | INFO     | __main__:process_z3_file:293 - [Worker] 开始处理: /home/nju/Downloads/smt/gnu_angr.tar.gz/single_test/expand/expand435353
2025-06-15 01:36:21.244 | INFO     | __main__:process_z3_file:293 - [Worker] 开始处理: /home/nju/Downloads/smt/gnu_angr.tar.gz/single_test/expand/expand386513
2025-06-15 01:36:21.245 | INFO     | __main__:process_z3_file:323 - [Worker] 处理异常: /home/nju/Downloads/smt/gnu_angr.tar.gz/single_test/expand/expand442352, 错误: [Errno 2] No such file or directory: '/home/nju/Downloads/smt/gnu_angr.tar.gz/single_test/expand/expand442352'
2025-06-15 01:36:21.245 | INFO     | __main__:process_z3_file:293 - [Worker] 开始处理: /home/nju/Downloads/smt/gnu_angr.tar.gz/single_test/expand/expand409464
2025-06-15 01:36:21.245 | INFO     | __main__:get_Z3_result:356 - 主进程收集结果: /home/nju/Downloads/smt/buzybox_angr.tar.gz/single_test/lsmod/lsmod1106358, 状态: error
2025-06-15 01:36:21.245 | INFO     | __main__:process_z3_file:323 - [Worker] 处理异常: /home/nju/Downloads/smt/gnu_angr.tar.gz/single_test/expand/expand385895, 错误: [Errno 2] No such file or directory: '/home/nju/Downloads/smt/gnu_angr.tar.gz/single_test/expand/expand385895'
2025-06-15 01:36:21.244 | INFO     | __main__:process_z3_file:293 - [Worker] 开始处理: /home/nju/Downloads/smt/gnu_angr.tar.gz/single_test/expand/expand416308
2025-06-15 01:36:21.245 | INFO     | __main__:process_z3_file:323 - [Worker] 处理异常: /home/nju/Downloads/smt/gnu_angr.tar.gz/single_test/expand/expand436124, 错误: [Errno 2] No such file or directory: '/home/nju/Downloads/smt/gnu_angr.tar.gz/single_test/expand/expand436124'
2025-06-15 01:36:21.245 | INFO     | __main__:process_z3_file:323 - [Worker] 处理异常: /home/nju/Downloads/smt/gnu_angr.tar.gz/single_test/expand/expand386513, 错误: [Errno 2] No such file or directory: '/home/nju/Downloads/smt/gnu_angr.tar.gz/single_test/expand/expand386513'
2025-06-15 01:36:21.245 | INFO     | __main__:process_z3_file:323 - [Worker] 处理异常: /home/nju/Downloads/smt/gnu_angr.tar.gz/single_test/expand/expand435353, 错误: [Errno 2] No such file or directory: '/home/nju/Downloads/smt/gnu_angr.tar.gz/single_test/expand/expand435353'
2025-06-15 01:36:21.245 | INFO     | __main__:process_z3_file:323 - [Worker] 处理异常: /home/nju/Downloads/smt/gnu_angr.tar.gz/single_test/expand/expand409464, 错误: [Errno 2] No such file or directory: '/home/nju/Downloads/smt/gnu_angr.tar.gz/single_test/expand/expand409464'
2025-06-15 01:36:21.245 | INFO     | __main__:process_z3_file:293 - [Worker] 开始处理: /home/nju/Downloads/smt/gnu_angr.tar.gz/single_test/expand/expand430773
2025-06-15 01:36:21.245 | INFO     | __main__:get_Z3_result:356 - 主进程收集结果: /home/nju/Downloads/smt/buzybox_angr.tar.gz/single_test/lsmod/lsmod1472283, 状态: error
2025-06-15 01:36:21.245 | INFO     | __main__:process_z3_file:293 - [Worker] 开始处理: /home/nju/Downloads/smt/gnu_angr.tar.gz/single_test/expand/expand444516
2025-06-15 01:36:21.245 | INFO     | __main__:process_z3_file:323 - [Worker] 处理异常: /home/nju/Downloads/smt/gnu_angr.tar.gz/single_test/expand/expand430773, 错误: [Errno 2] No such file or directory: '/home/nju/Downloads/smt/gnu_angr.tar.gz/single_test/expand/expand430773'
2025-06-15 01:36:21.245 | INFO     | __main__:process_z3_file:293 - [Worker] 开始处理: /home/nju/Downloads/smt/gnu_angr.tar.gz/single_test/expand/expand419771
2025-06-15 01:36:21.245 | INFO     | __main__:process_z3_file:293 - [Worker] 开始处理: /home/nju/Downloads/smt/gnu_angr.tar.gz/single_test/sha1sum/sha1sum66955
2025-06-15 01:36:21.245 | INFO     | __main__:process_z3_file:293 - [Worker] 开始处理: /home/nju/Downloads/smt/gnu_angr.tar.gz/single_test/expand/expand406344
2025-06-15 01:36:21.245 | INFO     | __main__:process_z3_file:323 - [Worker] 处理异常: /home/nju/Downloads/smt/gnu_angr.tar.gz/single_test/expand/expand416308, 错误: [Errno 2] No such file or directory: '/home/nju/Downloads/smt/gnu_angr.tar.gz/single_test/expand/expand416308'
2025-06-15 01:36:21.245 | INFO     | __main__:process_z3_file:293 - [Worker] 开始处理: /home/nju/Downloads/smt/gnu_angr.tar.gz/single_test/expand/expand405449
2025-06-15 01:36:21.245 | INFO     | __main__:process_z3_file:293 - [Worker] 开始处理: /home/nju/Downloads/smt/gnu_angr.tar.gz/single_test/expand/expand382273
2025-06-15 01:36:21.245 | INFO     | __main__:process_z3_file:323 - [Worker] 处理异常: /home/nju/Downloads/smt/gnu_angr.tar.gz/single_test/expand/expand444516, 错误: [Errno 2] No such file or directory: '/home/nju/Downloads/smt/gnu_angr.tar.gz/single_test/expand/expand444516'
2025-06-15 01:36:21.245 | INFO     | __main__:process_z3_file:323 - [Worker] 处理异常: /home/nju/Downloads/smt/gnu_angr.tar.gz/single_test/sha1sum/sha1sum66955, 错误: [Errno 2] No such file or directory: '/home/nju/Downloads/smt/gnu_angr.tar.gz/single_test/sha1sum/sha1sum66955'
2025-06-15 01:36:21.245 | INFO     | __main__:process_z3_file:323 - [Worker] 处理异常: /home/nju/Downloads/smt/gnu_angr.tar.gz/single_test/expand/expand419771, 错误: [Errno 2] No such file or directory: '/home/nju/Downloads/smt/gnu_angr.tar.gz/single_test/expand/expand419771'
2025-06-15 01:36:21.245 | INFO     | __main__:get_Z3_result:356 - 主进程收集结果: /home/nju/Downloads/smt/buzybox_angr.tar.gz/single_test/lsmod/lsmod1447559, 状态: error
2025-06-15 01:36:21.245 | INFO     | __main__:process_z3_file:323 - [Worker] 处理异常: /home/nju/Downloads/smt/gnu_angr.tar.gz/single_test/expand/expand406344, 错误: [Errno 2] No such file or directory: '/home/nju/Downloads/smt/gnu_angr.tar.gz/single_test/expand/expand406344'
2025-06-15 01:36:21.245 | INFO     | __main__:process_z3_file:293 - [Worker] 开始处理: /home/nju/Downloads/smt/gnu_angr.tar.gz/single_test/sha1sum/sha1sum80545
2025-06-15 01:36:21.245 | INFO     | __main__:process_z3_file:323 - [Worker] 处理异常: /home/nju/Downloads/smt/gnu_angr.tar.gz/single_test/sha1sum/sha1sum80545, 错误: [Errno 2] No such file or directory: '/home/nju/Downloads/smt/gnu_angr.tar.gz/single_test/sha1sum/sha1sum80545'
2025-06-15 01:36:21.245 | INFO     | __main__:process_z3_file:293 - [Worker] 开始处理: /home/nju/Downloads/smt/gnu_angr.tar.gz/single_test/sha1sum/sha1sum81343
2025-06-15 01:36:21.245 | INFO     | __main__:process_z3_file:293 - [Worker] 开始处理: /home/nju/Downloads/smt/gnu_angr.tar.gz/single_test/sha1sum/sha1sum91090
2025-06-15 01:36:21.245 | INFO     | __main__:process_z3_file:293 - [Worker] 开始处理: /home/nju/Downloads/smt/gnu_angr.tar.gz/single_test/sha1sum/sha1sum73320
2025-06-15 01:36:21.245 | INFO     | __main__:process_z3_file:293 - [Worker] 开始处理: /home/nju/Downloads/smt/gnu_angr.tar.gz/single_test/sha1sum/sha1sum79318
2025-06-15 01:36:21.245 | INFO     | __main__:get_Z3_result:356 - 主进程收集结果: /home/nju/Downloads/smt/buzybox_angr.tar.gz/single_test/lsmod/lsmod1299201, 状态: error
2025-06-15 01:36:21.245 | INFO     | __main__:process_z3_file:293 - [Worker] 开始处理: /home/nju/Downloads/smt/gnu_angr.tar.gz/single_test/sha1sum/sha1sum47804
2025-06-15 01:36:21.245 | INFO     | __main__:process_z3_file:323 - [Worker] 处理异常: /home/nju/Downloads/smt/gnu_angr.tar.gz/single_test/sha1sum/sha1sum81343, 错误: [Errno 2] No such file or directory: '/home/nju/Downloads/smt/gnu_angr.tar.gz/single_test/sha1sum/sha1sum81343'
2025-06-15 01:36:21.245 | INFO     | __main__:process_z3_file:293 - [Worker] 开始处理: /home/nju/Downloads/smt/gnu_angr.tar.gz/single_test/sha1sum/sha1sum85606
2025-06-15 01:36:21.245 | INFO     | __main__:process_z3_file:323 - [Worker] 处理异常: /home/nju/Downloads/smt/gnu_angr.tar.gz/single_test/sha1sum/sha1sum91090, 错误: [Errno 2] No such file or directory: '/home/nju/Downloads/smt/gnu_angr.tar.gz/single_test/sha1sum/sha1sum91090'
2025-06-15 01:36:21.245 | INFO     | __main__:process_z3_file:323 - [Worker] 处理异常: /home/nju/Downloads/smt/gnu_angr.tar.gz/single_test/sha1sum/sha1sum73320, 错误: [Errno 2] No such file or directory: '/home/nju/Downloads/smt/gnu_angr.tar.gz/single_test/sha1sum/sha1sum73320'
2025-06-15 01:36:21.245 | INFO     | __main__:process_z3_file:323 - [Worker] 处理异常: /home/nju/Downloads/smt/gnu_angr.tar.gz/single_test/sha1sum/sha1sum79318, 错误: [Errno 2] No such file or directory: '/home/nju/Downloads/smt/gnu_angr.tar.gz/single_test/sha1sum/sha1sum79318'
2025-06-15 01:36:21.245 | INFO     | __main__:get_Z3_result:356 - 主进程收集结果: /home/nju/Downloads/smt/buzybox_angr.tar.gz/single_test/lsmod/lsmod1195380, 状态: error
2025-06-15 01:36:21.245 | INFO     | __main__:process_z3_file:323 - [Worker] 处理异常: /home/nju/Downloads/smt/gnu_angr.tar.gz/single_test/sha1sum/sha1sum85606, 错误: [Errno 2] No such file or directory: '/home/nju/Downloads/smt/gnu_angr.tar.gz/single_test/sha1sum/sha1sum85606'
2025-06-15 01:36:21.245 | INFO     | __main__:process_z3_file:293 - [Worker] 开始处理: /home/nju/Downloads/smt/gnu_angr.tar.gz/single_test/sha1sum/sha1sum76103
2025-06-15 01:36:21.246 | INFO     | __main__:get_Z3_result:356 - 主进程收集结果: /home/nju/Downloads/smt/buzybox_angr.tar.gz/single_test/lsmod/lsmod1407998, 状态: error
2025-06-15 01:36:21.245 | INFO     | __main__:process_z3_file:323 - [Worker] 处理异常: /home/nju/Downloads/smt/gnu_angr.tar.gz/single_test/expand/expand382273, 错误: [Errno 2] No such file or directory: '/home/nju/Downloads/smt/gnu_angr.tar.gz/single_test/expand/expand382273'
2025-06-15 01:36:21.246 | INFO     | __main__:process_z3_file:293 - [Worker] 开始处理: /home/nju/Downloads/smt/gnu_angr.tar.gz/single_test/sha1sum/sha1sum45670
2025-06-15 01:36:21.246 | INFO     | __main__:process_z3_file:293 - [Worker] 开始处理: /home/nju/Downloads/smt/gnu_angr.tar.gz/single_test/sha1sum/sha1sum91094
2025-06-15 01:36:21.246 | INFO     | __main__:process_z3_file:293 - [Worker] 开始处理: /home/nju/Downloads/smt/gnu_angr.tar.gz/single_test/sha1sum/sha1sum54493
2025-06-15 01:36:21.245 | INFO     | __main__:process_z3_file:323 - [Worker] 处理异常: /home/nju/Downloads/smt/gnu_angr.tar.gz/single_test/sha1sum/sha1sum47804, 错误: [Errno 2] No such file or directory: '/home/nju/Downloads/smt/gnu_angr.tar.gz/single_test/sha1sum/sha1sum47804'
2025-06-15 01:36:21.246 | INFO     | __main__:process_z3_file:293 - [Worker] 开始处理: /home/nju/Downloads/smt/gnu_angr.tar.gz/single_test/sha1sum/sha1sum86419
2025-06-15 01:36:21.246 | INFO     | __main__:process_z3_file:323 - [Worker] 处理异常: /home/nju/Downloads/smt/gnu_angr.tar.gz/single_test/sha1sum/sha1sum76103, 错误: [Errno 2] No such file or directory: '/home/nju/Downloads/smt/gnu_angr.tar.gz/single_test/sha1sum/sha1sum76103'
2025-06-15 01:36:21.246 | INFO     | __main__:get_Z3_result:356 - 主进程收集结果: /home/nju/Downloads/smt/buzybox_angr.tar.gz/single_test/lsmod/lsmod1412940, 状态: error
2025-06-15 01:36:21.246 | INFO     | __main__:process_z3_file:323 - [Worker] 处理异常: /home/nju/Downloads/smt/gnu_angr.tar.gz/single_test/sha1sum/sha1sum45670, 错误: [Errno 2] No such file or directory: '/home/nju/Downloads/smt/gnu_angr.tar.gz/single_test/sha1sum/sha1sum45670'
2025-06-15 01:36:21.246 | INFO     | __main__:process_z3_file:323 - [Worker] 处理异常: /home/nju/Downloads/smt/gnu_angr.tar.gz/single_test/sha1sum/sha1sum91094, 错误: [Errno 2] No such file or directory: '/home/nju/Downloads/smt/gnu_angr.tar.gz/single_test/sha1sum/sha1sum91094'
2025-06-15 01:36:21.246 | INFO     | __main__:process_z3_file:323 - [Worker] 处理异常: /home/nju/Downloads/smt/gnu_angr.tar.gz/single_test/sha1sum/sha1sum54493, 错误: [Errno 2] No such file or directory: '/home/nju/Downloads/smt/gnu_angr.tar.gz/single_test/sha1sum/sha1sum54493'
2025-06-15 01:36:21.246 | INFO     | __main__:process_z3_file:323 - [Worker] 处理异常: /home/nju/Downloads/smt/gnu_angr.tar.gz/single_test/sha1sum/sha1sum86419, 错误: [Errno 2] No such file or directory: '/home/nju/Downloads/smt/gnu_angr.tar.gz/single_test/sha1sum/sha1sum86419'
2025-06-15 01:36:21.246 | INFO     | __main__:get_Z3_result:356 - 主进程收集结果: /home/nju/Downloads/smt/buzybox_angr.tar.gz/single_test/lsmod/lsmod1432726, 状态: error
2025-06-15 01:36:21.246 | INFO     | __main__:process_z3_file:293 - [Worker] 开始处理: /home/nju/Downloads/smt/gnu_angr.tar.gz/single_test/sha1sum/sha1sum91746
2025-06-15 01:36:21.245 | INFO     | __main__:process_z3_file:323 - [Worker] 处理异常: /home/nju/Downloads/smt/gnu_angr.tar.gz/single_test/expand/expand405449, 错误: [Errno 2] No such file or directory: '/home/nju/Downloads/smt/gnu_angr.tar.gz/single_test/expand/expand405449'
2025-06-15 01:36:21.246 | INFO     | __main__:process_z3_file:293 - [Worker] 开始处理: /home/nju/Downloads/smt/gnu_angr.tar.gz/single_test/sha1sum/sha1sum62441
2025-06-15 01:36:21.246 | INFO     | __main__:process_z3_file:293 - [Worker] 开始处理: /home/nju/Downloads/smt/gnu_angr.tar.gz/single_test/sha1sum/sha1sum81360
2025-06-15 01:36:21.246 | INFO     | __main__:process_z3_file:293 - [Worker] 开始处理: /home/nju/Downloads/smt/gnu_angr.tar.gz/single_test/sha1sum/sha1sum78750
2025-06-15 01:36:21.246 | INFO     | __main__:process_z3_file:293 - [Worker] 开始处理: /home/nju/Downloads/smt/gnu_angr.tar.gz/single_test/sha1sum/sha1sum89978
2025-06-15 01:36:21.246 | INFO     | __main__:get_Z3_result:356 - 主进程收集结果: /home/nju/Downloads/smt/buzybox_angr.tar.gz/single_test/lsmod/lsmod1353611, 状态: error
2025-06-15 01:36:21.246 | INFO     | __main__:process_z3_file:293 - [Worker] 开始处理: /home/nju/Downloads/smt/gnu_angr.tar.gz/single_test/sha1sum/sha1sum77487
2025-06-15 01:36:21.246 | INFO     | __main__:process_z3_file:323 - [Worker] 处理异常: /home/nju/Downloads/smt/gnu_angr.tar.gz/single_test/sha1sum/sha1sum91746, 错误: [Errno 2] No such file or directory: '/home/nju/Downloads/smt/gnu_angr.tar.gz/single_test/sha1sum/sha1sum91746'
2025-06-15 01:36:21.246 | INFO     | __main__:process_z3_file:323 - [Worker] 处理异常: /home/nju/Downloads/smt/gnu_angr.tar.gz/single_test/sha1sum/sha1sum81360, 错误: [Errno 2] No such file or directory: '/home/nju/Downloads/smt/gnu_angr.tar.gz/single_test/sha1sum/sha1sum81360'
2025-06-15 01:36:21.246 | INFO     | __main__:process_z3_file:323 - [Worker] 处理异常: /home/nju/Downloads/smt/gnu_angr.tar.gz/single_test/sha1sum/sha1sum78750, 错误: [Errno 2] No such file or directory: '/home/nju/Downloads/smt/gnu_angr.tar.gz/single_test/sha1sum/sha1sum78750'
2025-06-15 01:36:21.246 | INFO     | __main__:get_Z3_result:356 - 主进程收集结果: /home/nju/Downloads/smt/buzybox_angr.tar.gz/single_test/lsmod/lsmod1096465, 状态: error
2025-06-15 01:36:21.246 | INFO     | __main__:process_z3_file:323 - [Worker] 处理异常: /home/nju/Downloads/smt/gnu_angr.tar.gz/single_test/sha1sum/sha1sum77487, 错误: [Errno 2] No such file or directory: '/home/nju/Downloads/smt/gnu_angr.tar.gz/single_test/sha1sum/sha1sum77487'
2025-06-15 01:36:21.246 | INFO     | __main__:process_z3_file:323 - [Worker] 处理异常: /home/nju/Downloads/smt/gnu_angr.tar.gz/single_test/sha1sum/sha1sum89978, 错误: [Errno 2] No such file or directory: '/home/nju/Downloads/smt/gnu_angr.tar.gz/single_test/sha1sum/sha1sum89978'
2025-06-15 01:36:21.246 | INFO     | __main__:process_z3_file:323 - [Worker] 处理异常: /home/nju/Downloads/smt/gnu_angr.tar.gz/single_test/sha1sum/sha1sum62441, 错误: [Errno 2] No such file or directory: '/home/nju/Downloads/smt/gnu_angr.tar.gz/single_test/sha1sum/sha1sum62441'
2025-06-15 01:36:21.246 | INFO     | __main__:process_z3_file:293 - [Worker] 开始处理: /home/nju/Downloads/smt/gnu_angr.tar.gz/single_test/sha1sum/sha1sum78748
2025-06-15 01:36:21.246 | INFO     | __main__:get_Z3_result:356 - 主进程收集结果: /home/nju/Downloads/smt/buzybox_angr.tar.gz/single_test/lsmod/lsmod1482183, 状态: error
2025-06-15 01:36:21.246 | INFO     | __main__:process_z3_file:293 - [Worker] 开始处理: /home/nju/Downloads/smt/gnu_angr.tar.gz/single_test/sha1sum/sha1sum64668
2025-06-15 01:36:21.246 | INFO     | __main__:process_z3_file:293 - [Worker] 开始处理: /home/nju/Downloads/smt/gnu_angr.tar.gz/single_test/sha1sum/sha1sum62440
2025-06-15 01:36:21.246 | INFO     | __main__:process_z3_file:293 - [Worker] 开始处理: /home/nju/Downloads/smt/gnu_angr.tar.gz/single_test/sha1sum/sha1sum73318
2025-06-15 01:36:21.246 | INFO     | __main__:process_z3_file:323 - [Worker] 处理异常: /home/nju/Downloads/smt/gnu_angr.tar.gz/single_test/sha1sum/sha1sum78748, 错误: [Errno 2] No such file or directory: '/home/nju/Downloads/smt/gnu_angr.tar.gz/single_test/sha1sum/sha1sum78748'
2025-06-15 01:36:21.246 | INFO     | __main__:process_z3_file:293 - [Worker] 开始处理: /home/nju/Downloads/smt/gnu_angr.tar.gz/single_test/sha1sum/sha1sum30780
2025-06-15 01:36:21.246 | INFO     | __main__:process_z3_file:293 - [Worker] 开始处理: /home/nju/Downloads/smt/gnu_angr.tar.gz/single_test/sha1sum/sha1sum56887
2025-06-15 01:36:21.246 | INFO     | __main__:get_Z3_result:356 - 主进程收集结果: /home/nju/Downloads/smt/buzybox_angr.tar.gz/single_test/lsmod/lsmod1284381, 状态: error
2025-06-15 01:36:21.246 | INFO     | __main__:process_z3_file:293 - [Worker] 开始处理: /home/nju/Downloads/smt/gnu_angr.tar.gz/single_test/sha1sum/sha1sum87732
2025-06-15 01:36:21.246 | INFO     | __main__:process_z3_file:323 - [Worker] 处理异常: /home/nju/Downloads/smt/gnu_angr.tar.gz/single_test/sha1sum/sha1sum64668, 错误: [Errno 2] No such file or directory: '/home/nju/Downloads/smt/gnu_angr.tar.gz/single_test/sha1sum/sha1sum64668'
2025-06-15 01:36:21.246 | INFO     | __main__:process_z3_file:293 - [Worker] 开始处理: /home/nju/Downloads/smt/gnu_angr.tar.gz/single_test/sha1sum/sha1sum77460
2025-06-15 01:36:21.246 | INFO     | __main__:process_z3_file:323 - [Worker] 处理异常: /home/nju/Downloads/smt/gnu_angr.tar.gz/single_test/sha1sum/sha1sum62440, 错误: [Errno 2] No such file or directory: '/home/nju/Downloads/smt/gnu_angr.tar.gz/single_test/sha1sum/sha1sum62440'
2025-06-15 01:36:21.246 | INFO     | __main__:process_z3_file:293 - [Worker] 开始处理: /home/nju/Downloads/smt/gnu_angr.tar.gz/single_test/sha1sum/sha1sum28200
2025-06-15 01:36:21.246 | INFO     | __main__:process_z3_file:323 - [Worker] 处理异常: /home/nju/Downloads/smt/gnu_angr.tar.gz/single_test/sha1sum/sha1sum73318, 错误: [Errno 2] No such file or directory: '/home/nju/Downloads/smt/gnu_angr.tar.gz/single_test/sha1sum/sha1sum73318'
2025-06-15 01:36:21.246 | INFO     | __main__:process_z3_file:323 - [Worker] 处理异常: /home/nju/Downloads/smt/gnu_angr.tar.gz/single_test/sha1sum/sha1sum30780, 错误: [Errno 2] No such file or directory: '/home/nju/Downloads/smt/gnu_angr.tar.gz/single_test/sha1sum/sha1sum30780'
2025-06-15 01:36:21.246 | INFO     | __main__:process_z3_file:323 - [Worker] 处理异常: /home/nju/Downloads/smt/gnu_angr.tar.gz/single_test/sha1sum/sha1sum56887, 错误: [Errno 2] No such file or directory: '/home/nju/Downloads/smt/gnu_angr.tar.gz/single_test/sha1sum/sha1sum56887'
2025-06-15 01:36:21.246 | INFO     | __main__:process_z3_file:293 - [Worker] 开始处理: /home/nju/Downloads/smt/gnu_angr.tar.gz/single_test/sha1sum/sha1sum75109
2025-06-15 01:36:21.246 | INFO     | __main__:process_z3_file:293 - [Worker] 开始处理: /home/nju/Downloads/smt/gnu_angr.tar.gz/single_test/sha1sum/sha1sum34503
2025-06-15 01:36:21.246 | INFO     | __main__:process_z3_file:293 - [Worker] 开始处理: /home/nju/Downloads/smt/gnu_angr.tar.gz/single_test/sha1sum/sha1sum91975
2025-06-15 01:36:21.246 | INFO     | __main__:process_z3_file:323 - [Worker] 处理异常: /home/nju/Downloads/smt/gnu_angr.tar.gz/single_test/sha1sum/sha1sum75109, 错误: [Errno 2] No such file or directory: '/home/nju/Downloads/smt/gnu_angr.tar.gz/single_test/sha1sum/sha1sum75109'
2025-06-15 01:36:21.246 | INFO     | __main__:get_Z3_result:356 - 主进程收集结果: /home/nju/Downloads/smt/buzybox_angr.tar.gz/single_test/lsmod/lsmod1234944, 状态: error
2025-06-15 01:36:21.246 | INFO     | __main__:process_z3_file:293 - [Worker] 开始处理: /home/nju/Downloads/smt/gnu_angr.tar.gz/single_test/sha1sum/sha1sum90007
2025-06-15 01:36:21.246 | INFO     | __main__:process_z3_file:323 - [Worker] 处理异常: /home/nju/Downloads/smt/gnu_angr.tar.gz/single_test/sha1sum/sha1sum34503, 错误: [Errno 2] No such file or directory: '/home/nju/Downloads/smt/gnu_angr.tar.gz/single_test/sha1sum/sha1sum34503'
2025-06-15 01:36:21.246 | INFO     | __main__:process_z3_file:323 - [Worker] 处理异常: /home/nju/Downloads/smt/gnu_angr.tar.gz/single_test/sha1sum/sha1sum91975, 错误: [Errno 2] No such file or directory: '/home/nju/Downloads/smt/gnu_angr.tar.gz/single_test/sha1sum/sha1sum91975'
2025-06-15 01:36:21.246 | INFO     | __main__:get_Z3_result:356 - 主进程收集结果: /home/nju/Downloads/smt/buzybox_angr.tar.gz/single_test/lsmod/lsmod1338770, 状态: error
2025-06-15 01:36:21.246 | INFO     | __main__:process_z3_file:293 - [Worker] 开始处理: /home/nju/Downloads/smt/gnu_angr.tar.gz/single_test/sha1sum/sha1sum88946
2025-06-15 01:36:21.246 | INFO     | __main__:process_z3_file:323 - [Worker] 处理异常: /home/nju/Downloads/smt/gnu_angr.tar.gz/single_test/sha1sum/sha1sum90007, 错误: [Errno 2] No such file or directory: '/home/nju/Downloads/smt/gnu_angr.tar.gz/single_test/sha1sum/sha1sum90007'
2025-06-15 01:36:21.246 | INFO     | __main__:get_Z3_result:356 - 主进程收集结果: /home/nju/Downloads/smt/buzybox_angr.tar.gz/single_test/lsmod/lsmod1314036, 状态: error
2025-06-15 01:36:21.246 | INFO     | __main__:process_z3_file:323 - [Worker] 处理异常: /home/nju/Downloads/smt/gnu_angr.tar.gz/single_test/sha1sum/sha1sum88946, 错误: [Errno 2] No such file or directory: '/home/nju/Downloads/smt/gnu_angr.tar.gz/single_test/sha1sum/sha1sum88946'
2025-06-15 01:36:21.246 | INFO     | __main__:process_z3_file:293 - [Worker] 开始处理: /home/nju/Downloads/smt/gnu_angr.tar.gz/single_test/sha1sum/sha1sum77485
2025-06-15 01:36:21.246 | INFO     | __main__:process_z3_file:293 - [Worker] 开始处理: /home/nju/Downloads/smt/gnu_angr.tar.gz/single_test/sha1sum/sha1sum91758
2025-06-15 01:36:21.246 | INFO     | __main__:process_z3_file:293 - [Worker] 开始处理: /home/nju/Downloads/smt/gnu_angr.tar.gz/single_test/sha1sum/sha1sum82520
2025-06-15 01:36:21.246 | INFO     | __main__:process_z3_file:293 - [Worker] 开始处理: /home/nju/Downloads/smt/gnu_angr.tar.gz/single_test/sha1sum/sha1sum59928
2025-06-15 01:36:21.246 | INFO     | __main__:process_z3_file:323 - [Worker] 处理异常: /home/nju/Downloads/smt/gnu_angr.tar.gz/single_test/sha1sum/sha1sum28200, 错误: [Errno 2] No such file or directory: '/home/nju/Downloads/smt/gnu_angr.tar.gz/single_test/sha1sum/sha1sum28200'
2025-06-15 01:36:21.246 | INFO     | __main__:process_z3_file:293 - [Worker] 开始处理: /home/nju/Downloads/smt/gnu_angr.tar.gz/single_test/sha1sum/sha1sum73850
2025-06-15 01:36:21.246 | INFO     | __main__:process_z3_file:323 - [Worker] 处理异常: /home/nju/Downloads/smt/gnu_angr.tar.gz/single_test/sha1sum/sha1sum87732, 错误: [Errno 2] No such file or directory: '/home/nju/Downloads/smt/gnu_angr.tar.gz/single_test/sha1sum/sha1sum87732'
2025-06-15 01:36:21.246 | INFO     | __main__:process_z3_file:323 - [Worker] 处理异常: /home/nju/Downloads/smt/gnu_angr.tar.gz/single_test/sha1sum/sha1sum77460, 错误: [Errno 2] No such file or directory: '/home/nju/Downloads/smt/gnu_angr.tar.gz/single_test/sha1sum/sha1sum77460'
2025-06-15 01:36:21.246 | INFO     | __main__:process_z3_file:323 - [Worker] 处理异常: /home/nju/Downloads/smt/gnu_angr.tar.gz/single_test/sha1sum/sha1sum77485, 错误: [Errno 2] No such file or directory: '/home/nju/Downloads/smt/gnu_angr.tar.gz/single_test/sha1sum/sha1sum77485'
2025-06-15 01:36:21.246 | INFO     | __main__:process_z3_file:323 - [Worker] 处理异常: /home/nju/Downloads/smt/gnu_angr.tar.gz/single_test/sha1sum/sha1sum73850, 错误: [Errno 2] No such file or directory: '/home/nju/Downloads/smt/gnu_angr.tar.gz/single_test/sha1sum/sha1sum73850'
2025-06-15 01:36:21.246 | INFO     | __main__:process_z3_file:293 - [Worker] 开始处理: /home/nju/Downloads/smt/gnu_angr.tar.gz/single_test/sha1sum/sha1sum76106
2025-06-15 01:36:21.246 | INFO     | __main__:process_z3_file:323 - [Worker] 处理异常: /home/nju/Downloads/smt/gnu_angr.tar.gz/single_test/sha1sum/sha1sum91758, 错误: [Errno 2] No such file or directory: '/home/nju/Downloads/smt/gnu_angr.tar.gz/single_test/sha1sum/sha1sum91758'
2025-06-15 01:36:21.246 | INFO     | __main__:process_z3_file:293 - [Worker] 开始处理: /home/nju/Downloads/smt/gnu_angr.tar.gz/single_test/sha1sum/sha1sum86690
2025-06-15 01:36:21.246 | INFO     | __main__:process_z3_file:293 - [Worker] 开始处理: /home/nju/Downloads/smt/gnu_angr.tar.gz/single_test/sha1sum/sha1sum74508
2025-06-15 01:36:21.246 | INFO     | __main__:get_Z3_result:356 - 主进程收集结果: /home/nju/Downloads/smt/buzybox_angr.tar.gz/single_test/lsmod/lsmod1462393, 状态: error
2025-06-15 01:36:21.246 | INFO     | __main__:process_z3_file:323 - [Worker] 处理异常: /home/nju/Downloads/smt/gnu_angr.tar.gz/single_test/sha1sum/sha1sum82520, 错误: [Errno 2] No such file or directory: '/home/nju/Downloads/smt/gnu_angr.tar.gz/single_test/sha1sum/sha1sum82520'
2025-06-15 01:36:21.246 | INFO     | __main__:process_z3_file:323 - [Worker] 处理异常: /home/nju/Downloads/smt/gnu_angr.tar.gz/single_test/sha1sum/sha1sum59928, 错误: [Errno 2] No such file or directory: '/home/nju/Downloads/smt/gnu_angr.tar.gz/single_test/sha1sum/sha1sum59928'
2025-06-15 01:36:21.246 | INFO     | __main__:process_z3_file:293 - [Worker] 开始处理: /home/nju/Downloads/smt/gnu_angr.tar.gz/single_test/sha1sum/sha1sum49681
2025-06-15 01:36:21.246 | INFO     | __main__:process_z3_file:323 - [Worker] 处理异常: /home/nju/Downloads/smt/gnu_angr.tar.gz/single_test/sha1sum/sha1sum76106, 错误: [Errno 2] No such file or directory: '/home/nju/Downloads/smt/gnu_angr.tar.gz/single_test/sha1sum/sha1sum76106'
2025-06-15 01:36:21.246 | INFO     | __main__:process_z3_file:293 - [Worker] 开始处理: /home/nju/Downloads/smt/gnu_angr.tar.gz/single_test/sha1sum/sha1sum81494
2025-06-15 01:36:21.247 | INFO     | __main__:process_z3_file:323 - [Worker] 处理异常: /home/nju/Downloads/smt/gnu_angr.tar.gz/single_test/sha1sum/sha1sum86690, 错误: [Errno 2] No such file or directory: '/home/nju/Downloads/smt/gnu_angr.tar.gz/single_test/sha1sum/sha1sum86690'
2025-06-15 01:36:21.247 | INFO     | __main__:process_z3_file:323 - [Worker] 处理异常: /home/nju/Downloads/smt/gnu_angr.tar.gz/single_test/sha1sum/sha1sum74508, 错误: [Errno 2] No such file or directory: '/home/nju/Downloads/smt/gnu_angr.tar.gz/single_test/sha1sum/sha1sum74508'
2025-06-15 01:36:21.247 | INFO     | __main__:process_z3_file:323 - [Worker] 处理异常: /home/nju/Downloads/smt/gnu_angr.tar.gz/single_test/sha1sum/sha1sum81494, 错误: [Errno 2] No such file or directory: '/home/nju/Downloads/smt/gnu_angr.tar.gz/single_test/sha1sum/sha1sum81494'
2025-06-15 01:36:21.247 | INFO     | __main__:process_z3_file:323 - [Worker] 处理异常: /home/nju/Downloads/smt/gnu_angr.tar.gz/single_test/sha1sum/sha1sum49681, 错误: [Errno 2] No such file or directory: '/home/nju/Downloads/smt/gnu_angr.tar.gz/single_test/sha1sum/sha1sum49681'
2025-06-15 01:36:21.247 | INFO     | __main__:process_z3_file:293 - [Worker] 开始处理: /home/nju/Downloads/smt/gnu_angr.tar.gz/single_test/sha1sum/sha1sum68186
2025-06-15 01:36:21.247 | INFO     | __main__:process_z3_file:293 - [Worker] 开始处理: /home/nju/Downloads/smt/gnu_angr.tar.gz/single_test/sha1sum/sha1sum79315
2025-06-15 01:36:21.247 | INFO     | __main__:process_z3_file:293 - [Worker] 开始处理: /home/nju/Downloads/smt/gnu_angr.tar.gz/single_test/sha1sum/sha1sum87899
2025-06-15 01:36:21.247 | INFO     | __main__:process_z3_file:323 - [Worker] 处理异常: /home/nju/Downloads/smt/gnu_angr.tar.gz/single_test/sha1sum/sha1sum68186, 错误: [Errno 2] No such file or directory: '/home/nju/Downloads/smt/gnu_angr.tar.gz/single_test/sha1sum/sha1sum68186'
2025-06-15 01:36:21.247 | INFO     | __main__:process_z3_file:293 - [Worker] 开始处理: /home/nju/Downloads/smt/gnu_angr.tar.gz/single_test/sha1sum/sha1sum61226
2025-06-15 01:36:21.247 | INFO     | __main__:process_z3_file:293 - [Worker] 开始处理: /home/nju/Downloads/smt/gnu_angr.tar.gz/single_test/sha1sum/sha1sum81337
2025-06-15 01:36:21.247 | INFO     | __main__:process_z3_file:323 - [Worker] 处理异常: /home/nju/Downloads/smt/gnu_angr.tar.gz/single_test/sha1sum/sha1sum79315, 错误: [Errno 2] No such file or directory: '/home/nju/Downloads/smt/gnu_angr.tar.gz/single_test/sha1sum/sha1sum79315'
2025-06-15 01:36:21.247 | INFO     | __main__:process_z3_file:293 - [Worker] 开始处理: /home/nju/Downloads/smt/gnu_angr.tar.gz/single_test/sha1sum/sha1sum43923
2025-06-15 01:36:21.247 | INFO     | __main__:process_z3_file:293 - [Worker] 开始处理: /home/nju/Downloads/smt/gnu_angr.tar.gz/single_test/sha1sum/sha1sum91756
2025-06-15 01:36:21.247 | INFO     | __main__:process_z3_file:323 - [Worker] 处理异常: /home/nju/Downloads/smt/gnu_angr.tar.gz/single_test/sha1sum/sha1sum61226, 错误: [Errno 2] No such file or directory: '/home/nju/Downloads/smt/gnu_angr.tar.gz/single_test/sha1sum/sha1sum61226'
2025-06-15 01:36:21.247 | INFO     | __main__:process_z3_file:323 - [Worker] 处理异常: /home/nju/Downloads/smt/gnu_angr.tar.gz/single_test/sha1sum/sha1sum81337, 错误: [Errno 2] No such file or directory: '/home/nju/Downloads/smt/gnu_angr.tar.gz/single_test/sha1sum/sha1sum81337'
2025-06-15 01:36:21.247 | INFO     | __main__:process_z3_file:293 - [Worker] 开始处理: /home/nju/Downloads/smt/gnu_angr.tar.gz/single_test/sha1sum/sha1sum76099
2025-06-15 01:36:21.247 | INFO     | __main__:process_z3_file:293 - [Worker] 开始处理: /home/nju/Downloads/smt/gnu_angr.tar.gz/single_test/sha1sum/sha1sum80543
2025-06-15 01:36:21.247 | INFO     | __main__:process_z3_file:293 - [Worker] 开始处理: /home/nju/Downloads/smt/gnu_angr.tar.gz/single_test/sha1sum/sha1sum84936
2025-06-15 01:36:21.247 | INFO     | __main__:process_z3_file:323 - [Worker] 处理异常: /home/nju/Downloads/smt/gnu_angr.tar.gz/single_test/sha1sum/sha1sum76099, 错误: [Errno 2] No such file or directory: '/home/nju/Downloads/smt/gnu_angr.tar.gz/single_test/sha1sum/sha1sum76099'
2025-06-15 01:36:21.247 | INFO     | __main__:process_z3_file:323 - [Worker] 处理异常: /home/nju/Downloads/smt/gnu_angr.tar.gz/single_test/sha1sum/sha1sum80543, 错误: [Errno 2] No such file or directory: '/home/nju/Downloads/smt/gnu_angr.tar.gz/single_test/sha1sum/sha1sum80543'
2025-06-15 01:36:21.247 | INFO     | __main__:process_z3_file:293 - [Worker] 开始处理: /home/nju/Downloads/smt/gnu_angr.tar.gz/single_test/sha1sum/sha1sum91085
2025-06-15 01:36:21.247 | INFO     | __main__:process_z3_file:323 - [Worker] 处理异常: /home/nju/Downloads/smt/gnu_angr.tar.gz/single_test/sha1sum/sha1sum84936, 错误: [Errno 2] No such file or directory: '/home/nju/Downloads/smt/gnu_angr.tar.gz/single_test/sha1sum/sha1sum84936'
2025-06-15 01:36:21.247 | INFO     | __main__:process_z3_file:323 - [Worker] 处理异常: /home/nju/Downloads/smt/gnu_angr.tar.gz/single_test/sha1sum/sha1sum43923, 错误: [Errno 2] No such file or directory: '/home/nju/Downloads/smt/gnu_angr.tar.gz/single_test/sha1sum/sha1sum43923'
2025-06-15 01:36:21.247 | INFO     | __main__:process_z3_file:323 - [Worker] 处理异常: /home/nju/Downloads/smt/gnu_angr.tar.gz/single_test/sha1sum/sha1sum91756, 错误: [Errno 2] No such file or directory: '/home/nju/Downloads/smt/gnu_angr.tar.gz/single_test/sha1sum/sha1sum91756'
2025-06-15 01:36:21.247 | INFO     | __main__:process_z3_file:293 - [Worker] 开始处理: /home/nju/Downloads/smt/gnu_angr.tar.gz/single_test/sha1sum/sha1sum68834
2025-06-15 01:36:21.247 | INFO     | __main__:process_z3_file:293 - [Worker] 开始处理: /home/nju/Downloads/smt/gnu_angr.tar.gz/single_test/sha1sum/sha1sum79286
2025-06-15 01:36:21.247 | INFO     | __main__:process_z3_file:323 - [Worker] 处理异常: /home/nju/Downloads/smt/gnu_angr.tar.gz/single_test/sha1sum/sha1sum91085, 错误: [Errno 2] No such file or directory: '/home/nju/Downloads/smt/gnu_angr.tar.gz/single_test/sha1sum/sha1sum91085'
2025-06-15 01:36:21.247 | INFO     | __main__:process_z3_file:323 - [Worker] 处理异常: /home/nju/Downloads/smt/gnu_angr.tar.gz/single_test/sha1sum/sha1sum87899, 错误: [Errno 2] No such file or directory: '/home/nju/Downloads/smt/gnu_angr.tar.gz/single_test/sha1sum/sha1sum87899'
2025-06-15 01:36:21.247 | INFO     | __main__:process_z3_file:323 - [Worker] 处理异常: /home/nju/Downloads/smt/gnu_angr.tar.gz/single_test/sha1sum/sha1sum68834, 错误: [Errno 2] No such file or directory: '/home/nju/Downloads/smt/gnu_angr.tar.gz/single_test/sha1sum/sha1sum68834'
2025-06-15 01:36:21.247 | INFO     | __main__:process_z3_file:293 - [Worker] 开始处理: /home/nju/Downloads/smt/gnu_angr.tar.gz/single_test/sha1sum/sha1sum84949
2025-06-15 01:36:21.247 | INFO     | __main__:process_z3_file:293 - [Worker] 开始处理: /home/nju/Downloads/smt/gnu_angr.tar.gz/single_test/sha1sum/sha1sum62438
2025-06-15 01:36:21.247 | INFO     | __main__:process_z3_file:323 - [Worker] 处理异常: /home/nju/Downloads/smt/gnu_angr.tar.gz/single_test/sha1sum/sha1sum79286, 错误: [Errno 2] No such file or directory: '/home/nju/Downloads/smt/gnu_angr.tar.gz/single_test/sha1sum/sha1sum79286'
2025-06-15 01:36:21.247 | INFO     | __main__:get_Z3_result:356 - 主进程收集结果: /home/nju/Downloads/smt/buzybox_angr.tar.gz/single_test/lsmod/lsmod1373393, 状态: error
2025-06-15 01:36:21.247 | INFO     | __main__:process_z3_file:293 - [Worker] 开始处理: /home/nju/Downloads/smt/gnu_angr.tar.gz/single_test/sha1sum/sha1sum75089
2025-06-15 01:36:21.247 | INFO     | __main__:process_z3_file:293 - [Worker] 开始处理: /home/nju/Downloads/smt/gnu_angr.tar.gz/single_test/chroot/chroot34627
2025-06-15 01:36:21.247 | INFO     | __main__:process_z3_file:323 - [Worker] 处理异常: /home/nju/Downloads/smt/gnu_angr.tar.gz/single_test/sha1sum/sha1sum84949, 错误: [Errno 2] No such file or directory: '/home/nju/Downloads/smt/gnu_angr.tar.gz/single_test/sha1sum/sha1sum84949'
2025-06-15 01:36:21.247 | INFO     | __main__:process_z3_file:293 - [Worker] 开始处理: /home/nju/Downloads/smt/gnu_angr.tar.gz/single_test/chroot/chroot29455
2025-06-15 01:36:21.247 | INFO     | __main__:process_z3_file:293 - [Worker] 开始处理: /home/nju/Downloads/smt/gnu_angr.tar.gz/single_test/chroot/chroot32087
2025-06-15 01:36:21.247 | INFO     | __main__:process_z3_file:293 - [Worker] 开始处理: /home/nju/Downloads/smt/gnu_angr.tar.gz/single_test/chroot/chroot34091
2025-06-15 01:36:21.247 | INFO     | __main__:process_z3_file:293 - [Worker] 开始处理: /home/nju/Downloads/smt/gnu_angr.tar.gz/single_test/hostname/hostname26132
2025-06-15 01:36:21.247 | INFO     | __main__:process_z3_file:323 - [Worker] 处理异常: /home/nju/Downloads/smt/gnu_angr.tar.gz/single_test/chroot/chroot32087, 错误: [Errno 2] No such file or directory: '/home/nju/Downloads/smt/gnu_angr.tar.gz/single_test/chroot/chroot32087'
2025-06-15 01:36:21.247 | INFO     | __main__:process_z3_file:323 - [Worker] 处理异常: /home/nju/Downloads/smt/gnu_angr.tar.gz/single_test/chroot/chroot29455, 错误: [Errno 2] No such file or directory: '/home/nju/Downloads/smt/gnu_angr.tar.gz/single_test/chroot/chroot29455'
2025-06-15 01:36:21.247 | INFO     | __main__:process_z3_file:323 - [Worker] 处理异常: /home/nju/Downloads/smt/gnu_angr.tar.gz/single_test/chroot/chroot34091, 错误: [Errno 2] No such file or directory: '/home/nju/Downloads/smt/gnu_angr.tar.gz/single_test/chroot/chroot34091'
2025-06-15 01:36:21.247 | INFO     | __main__:process_z3_file:293 - [Worker] 开始处理: /home/nju/Downloads/smt/gnu_angr.tar.gz/single_test/hostname/hostname25407
2025-06-15 01:36:21.247 | INFO     | __main__:process_z3_file:323 - [Worker] 处理异常: /home/nju/Downloads/smt/gnu_angr.tar.gz/single_test/sha1sum/sha1sum62438, 错误: [Errno 2] No such file or directory: '/home/nju/Downloads/smt/gnu_angr.tar.gz/single_test/sha1sum/sha1sum62438'
2025-06-15 01:36:21.247 | INFO     | __main__:process_z3_file:323 - [Worker] 处理异常: /home/nju/Downloads/smt/gnu_angr.tar.gz/single_test/sha1sum/sha1sum75089, 错误: [Errno 2] No such file or directory: '/home/nju/Downloads/smt/gnu_angr.tar.gz/single_test/sha1sum/sha1sum75089'
2025-06-15 01:36:21.247 | INFO     | __main__:process_z3_file:323 - [Worker] 处理异常: /home/nju/Downloads/smt/gnu_angr.tar.gz/single_test/chroot/chroot34627, 错误: [Errno 2] No such file or directory: '/home/nju/Downloads/smt/gnu_angr.tar.gz/single_test/chroot/chroot34627'
2025-06-15 01:36:21.247 | INFO     | __main__:process_z3_file:293 - [Worker] 开始处理: /home/nju/Downloads/smt/gnu_angr.tar.gz/single_test/hostname/hostname26334
2025-06-15 01:36:21.247 | INFO     | __main__:get_Z3_result:356 - 主进程收集结果: /home/nju/Downloads/smt/buzybox_angr.tar.gz/single_test/lsmod/lsmod1215157, 状态: error
2025-06-15 01:36:21.247 | INFO     | __main__:process_z3_file:323 - [Worker] 处理异常: /home/nju/Downloads/smt/gnu_angr.tar.gz/single_test/hostname/hostname26132, 错误: [Errno 2] No such file or directory: '/home/nju/Downloads/smt/gnu_angr.tar.gz/single_test/hostname/hostname26132'
2025-06-15 01:36:21.247 | INFO     | __main__:process_z3_file:323 - [Worker] 处理异常: /home/nju/Downloads/smt/gnu_angr.tar.gz/single_test/hostname/hostname25407, 错误: [Errno 2] No such file or directory: '/home/nju/Downloads/smt/gnu_angr.tar.gz/single_test/hostname/hostname25407'
2025-06-15 01:36:21.247 | INFO     | __main__:process_z3_file:293 - [Worker] 开始处理: /home/nju/Downloads/smt/gnu_angr.tar.gz/single_test/setuidgid/setuidgid173450
2025-06-15 01:36:21.247 | INFO     | __main__:process_z3_file:293 - [Worker] 开始处理: /home/nju/Downloads/smt/gnu_angr.tar.gz/single_test/hostname/hostname21906
2025-06-15 01:36:21.247 | INFO     | __main__:process_z3_file:323 - [Worker] 处理异常: /home/nju/Downloads/smt/gnu_angr.tar.gz/single_test/hostname/hostname26334, 错误: [Errno 2] No such file or directory: '/home/nju/Downloads/smt/gnu_angr.tar.gz/single_test/hostname/hostname26334'
2025-06-15 01:36:21.247 | INFO     | __main__:process_z3_file:293 - [Worker] 开始处理: /home/nju/Downloads/smt/gnu_angr.tar.gz/single_test/setuidgid/setuidgid209654
2025-06-15 01:36:21.247 | INFO     | __main__:process_z3_file:293 - [Worker] 开始处理: /home/nju/Downloads/smt/gnu_angr.tar.gz/single_test/setuidgid/setuidgid167548
2025-06-15 01:36:21.247 | INFO     | __main__:process_z3_file:293 - [Worker] 开始处理: /home/nju/Downloads/smt/gnu_angr.tar.gz/single_test/setuidgid/setuidgid146555
2025-06-15 01:36:21.248 | INFO     | __main__:process_z3_file:323 - [Worker] 处理异常: /home/nju/Downloads/smt/gnu_angr.tar.gz/single_test/hostname/hostname21906, 错误: [Errno 2] No such file or directory: '/home/nju/Downloads/smt/gnu_angr.tar.gz/single_test/hostname/hostname21906'
2025-06-15 01:36:21.248 | INFO     | __main__:process_z3_file:323 - [Worker] 处理异常: /home/nju/Downloads/smt/gnu_angr.tar.gz/single_test/setuidgid/setuidgid173450, 错误: [Errno 2] No such file or directory: '/home/nju/Downloads/smt/gnu_angr.tar.gz/single_test/setuidgid/setuidgid173450'
2025-06-15 01:36:21.247 | INFO     | __main__:get_Z3_result:356 - 主进程收集结果: /home/nju/Downloads/smt/buzybox_angr.tar.gz/single_test/lsmod/lsmod1506917, 状态: error
2025-06-15 01:36:21.248 | INFO     | __main__:process_z3_file:293 - [Worker] 开始处理: /home/nju/Downloads/smt/gnu_angr.tar.gz/single_test/setuidgid/setuidgid175701
2025-06-15 01:36:21.248 | INFO     | __main__:process_z3_file:293 - [Worker] 开始处理: /home/nju/Downloads/smt/gnu_angr.tar.gz/single_test/setuidgid/setuidgid196354
2025-06-15 01:36:21.248 | INFO     | __main__:process_z3_file:293 - [Worker] 开始处理: /home/nju/Downloads/smt/gnu_angr.tar.gz/single_test/setuidgid/setuidgid205698
2025-06-15 01:36:21.248 | INFO     | __main__:process_z3_file:323 - [Worker] 处理异常: /home/nju/Downloads/smt/gnu_angr.tar.gz/single_test/setuidgid/setuidgid175701, 错误: [Errno 2] No such file or directory: '/home/nju/Downloads/smt/gnu_angr.tar.gz/single_test/setuidgid/setuidgid175701'
2025-06-15 01:36:21.248 | INFO     | __main__:process_z3_file:293 - [Worker] 开始处理: /home/nju/Downloads/smt/gnu_angr.tar.gz/single_test/setuidgid/setuidgid219733
2025-06-15 01:36:21.248 | INFO     | __main__:process_z3_file:293 - [Worker] 开始处理: /home/nju/Downloads/smt/gnu_angr.tar.gz/single_test/setuidgid/setuidgid217534
2025-06-15 01:36:21.248 | INFO     | __main__:process_z3_file:323 - [Worker] 处理异常: /home/nju/Downloads/smt/gnu_angr.tar.gz/single_test/setuidgid/setuidgid196354, 错误: [Errno 2] No such file or directory: '/home/nju/Downloads/smt/gnu_angr.tar.gz/single_test/setuidgid/setuidgid196354'
2025-06-15 01:36:21.248 | INFO     | __main__:process_z3_file:323 - [Worker] 处理异常: /home/nju/Downloads/smt/gnu_angr.tar.gz/single_test/setuidgid/setuidgid205698, 错误: [Errno 2] No such file or directory: '/home/nju/Downloads/smt/gnu_angr.tar.gz/single_test/setuidgid/setuidgid205698'
2025-06-15 01:36:21.248 | INFO     | __main__:process_z3_file:323 - [Worker] 处理异常: /home/nju/Downloads/smt/gnu_angr.tar.gz/single_test/setuidgid/setuidgid209654, 错误: [Errno 2] No such file or directory: '/home/nju/Downloads/smt/gnu_angr.tar.gz/single_test/setuidgid/setuidgid209654'
2025-06-15 01:36:21.248 | INFO     | __main__:process_z3_file:323 - [Worker] 处理异常: /home/nju/Downloads/smt/gnu_angr.tar.gz/single_test/setuidgid/setuidgid167548, 错误: [Errno 2] No such file or directory: '/home/nju/Downloads/smt/gnu_angr.tar.gz/single_test/setuidgid/setuidgid167548'
2025-06-15 01:36:21.248 | INFO     | __main__:process_z3_file:323 - [Worker] 处理异常: /home/nju/Downloads/smt/gnu_angr.tar.gz/single_test/setuidgid/setuidgid219733, 错误: [Errno 2] No such file or directory: '/home/nju/Downloads/smt/gnu_angr.tar.gz/single_test/setuidgid/setuidgid219733'
2025-06-15 01:36:21.248 | INFO     | __main__:process_z3_file:323 - [Worker] 处理异常: /home/nju/Downloads/smt/gnu_angr.tar.gz/single_test/setuidgid/setuidgid217534, 错误: [Errno 2] No such file or directory: '/home/nju/Downloads/smt/gnu_angr.tar.gz/single_test/setuidgid/setuidgid217534'
2025-06-15 01:36:21.248 | INFO     | __main__:process_z3_file:293 - [Worker] 开始处理: /home/nju/Downloads/smt/gnu_angr.tar.gz/single_test/setuidgid/setuidgid155312
2025-06-15 01:36:21.248 | INFO     | __main__:process_z3_file:323 - [Worker] 处理异常: /home/nju/Downloads/smt/gnu_angr.tar.gz/single_test/setuidgid/setuidgid146555, 错误: [Errno 2] No such file or directory: '/home/nju/Downloads/smt/gnu_angr.tar.gz/single_test/setuidgid/setuidgid146555'
2025-06-15 01:36:21.248 | INFO     | __main__:process_z3_file:293 - [Worker] 开始处理: /home/nju/Downloads/smt/gnu_angr.tar.gz/single_test/setuidgid/setuidgid198429
2025-06-15 01:36:21.248 | INFO     | __main__:process_z3_file:293 - [Worker] 开始处理: /home/nju/Downloads/smt/gnu_angr.tar.gz/single_test/setuidgid/setuidgid197796
2025-06-15 01:36:21.248 | INFO     | __main__:process_z3_file:323 - [Worker] 处理异常: /home/nju/Downloads/smt/gnu_angr.tar.gz/single_test/setuidgid/setuidgid155312, 错误: [Errno 2] No such file or directory: '/home/nju/Downloads/smt/gnu_angr.tar.gz/single_test/setuidgid/setuidgid155312'
2025-06-15 01:36:21.248 | INFO     | __main__:process_z3_file:323 - [Worker] 处理异常: /home/nju/Downloads/smt/gnu_angr.tar.gz/single_test/setuidgid/setuidgid198429, 错误: [Errno 2] No such file or directory: '/home/nju/Downloads/smt/gnu_angr.tar.gz/single_test/setuidgid/setuidgid198429'
2025-06-15 01:36:21.248 | INFO     | __main__:process_z3_file:323 - [Worker] 处理异常: /home/nju/Downloads/smt/gnu_angr.tar.gz/single_test/setuidgid/setuidgid197796, 错误: [Errno 2] No such file or directory: '/home/nju/Downloads/smt/gnu_angr.tar.gz/single_test/setuidgid/setuidgid197796'
2025-06-15 01:36:21.248 | INFO     | __main__:process_z3_file:293 - [Worker] 开始处理: /home/nju/Downloads/smt/gnu_angr.tar.gz/single_test/setuidgid/setuidgid161159
2025-06-15 01:36:21.248 | INFO     | __main__:process_z3_file:293 - [Worker] 开始处理: /home/nju/Downloads/smt/gnu_angr.tar.gz/single_test/setuidgid/setuidgid214047
2025-06-15 01:36:21.248 | INFO     | __main__:get_Z3_result:356 - 主进程收集结果: /home/nju/Downloads/smt/buzybox_angr.tar.gz/single_test/lsmod/lsmod1403060, 状态: error
2025-06-15 01:36:21.248 | INFO     | __main__:process_z3_file:293 - [Worker] 开始处理: /home/nju/Downloads/smt/gnu_angr.tar.gz/single_test/setuidgid/setuidgid210218
2025-06-15 01:36:21.248 | INFO     | __main__:process_z3_file:293 - [Worker] 开始处理: /home/nju/Downloads/smt/gnu_angr.tar.gz/single_test/setuidgid/setuidgid139538
2025-06-15 01:36:21.248 | INFO     | __main__:process_z3_file:293 - [Worker] 开始处理: /home/nju/Downloads/smt/gnu_angr.tar.gz/single_test/setuidgid/setuidgid163664
2025-06-15 01:36:21.248 | INFO     | __main__:process_z3_file:323 - [Worker] 处理异常: /home/nju/Downloads/smt/gnu_angr.tar.gz/single_test/setuidgid/setuidgid161159, 错误: [Errno 2] No such file or directory: '/home/nju/Downloads/smt/gnu_angr.tar.gz/single_test/setuidgid/setuidgid161159'
2025-06-15 01:36:21.248 | INFO     | __main__:process_z3_file:293 - [Worker] 开始处理: /home/nju/Downloads/smt/gnu_angr.tar.gz/single_test/setuidgid/setuidgid161160
2025-06-15 01:36:21.248 | INFO     | __main__:process_z3_file:323 - [Worker] 处理异常: /home/nju/Downloads/smt/gnu_angr.tar.gz/single_test/setuidgid/setuidgid214047, 错误: [Errno 2] No such file or directory: '/home/nju/Downloads/smt/gnu_angr.tar.gz/single_test/setuidgid/setuidgid214047'
2025-06-15 01:36:21.248 | INFO     | __main__:process_z3_file:293 - [Worker] 开始处理: /home/nju/Downloads/smt/gnu_angr.tar.gz/single_test/setuidgid/setuidgid134784
2025-06-15 01:36:21.248 | INFO     | __main__:process_z3_file:293 - [Worker] 开始处理: /home/nju/Downloads/smt/gnu_angr.tar.gz/single_test/setuidgid/setuidgid140815
2025-06-15 01:36:21.248 | INFO     | __main__:process_z3_file:323 - [Worker] 处理异常: /home/nju/Downloads/smt/gnu_angr.tar.gz/single_test/setuidgid/setuidgid210218, 错误: [Errno 2] No such file or directory: '/home/nju/Downloads/smt/gnu_angr.tar.gz/single_test/setuidgid/setuidgid210218'
2025-06-15 01:36:21.248 | INFO     | __main__:process_z3_file:323 - [Worker] 处理异常: /home/nju/Downloads/smt/gnu_angr.tar.gz/single_test/setuidgid/setuidgid161160, 错误: [Errno 2] No such file or directory: '/home/nju/Downloads/smt/gnu_angr.tar.gz/single_test/setuidgid/setuidgid161160'
2025-06-15 01:36:21.248 | INFO     | __main__:process_z3_file:293 - [Worker] 开始处理: /home/nju/Downloads/smt/gnu_angr.tar.gz/single_test/setuidgid/setuidgid196357
2025-06-15 01:36:21.248 | INFO     | __main__:process_z3_file:323 - [Worker] 处理异常: /home/nju/Downloads/smt/gnu_angr.tar.gz/single_test/setuidgid/setuidgid134784, 错误: [Errno 2] No such file or directory: '/home/nju/Downloads/smt/gnu_angr.tar.gz/single_test/setuidgid/setuidgid134784'
2025-06-15 01:36:21.248 | INFO     | __main__:process_z3_file:293 - [Worker] 开始处理: /home/nju/Downloads/smt/gnu_angr.tar.gz/single_test/setuidgid/setuidgid224129
2025-06-15 01:36:21.248 | INFO     | __main__:process_z3_file:293 - [Worker] 开始处理: /home/nju/Downloads/smt/gnu_angr.tar.gz/single_test/setuidgid/setuidgid224485
2025-06-15 01:36:21.248 | INFO     | __main__:process_z3_file:323 - [Worker] 处理异常: /home/nju/Downloads/smt/gnu_angr.tar.gz/single_test/setuidgid/setuidgid139538, 错误: [Errno 2] No such file or directory: '/home/nju/Downloads/smt/gnu_angr.tar.gz/single_test/setuidgid/setuidgid139538'
2025-06-15 01:36:21.248 | INFO     | __main__:process_z3_file:323 - [Worker] 处理异常: /home/nju/Downloads/smt/gnu_angr.tar.gz/single_test/setuidgid/setuidgid196357, 错误: [Errno 2] No such file or directory: '/home/nju/Downloads/smt/gnu_angr.tar.gz/single_test/setuidgid/setuidgid196357'
2025-06-15 01:36:21.248 | INFO     | __main__:process_z3_file:323 - [Worker] 处理异常: /home/nju/Downloads/smt/gnu_angr.tar.gz/single_test/setuidgid/setuidgid163664, 错误: [Errno 2] No such file or directory: '/home/nju/Downloads/smt/gnu_angr.tar.gz/single_test/setuidgid/setuidgid163664'
2025-06-15 01:36:21.248 | INFO     | __main__:process_z3_file:293 - [Worker] 开始处理: /home/nju/Downloads/smt/gnu_angr.tar.gz/single_test/setuidgid/setuidgid197799
2025-06-15 01:36:21.248 | INFO     | __main__:process_z3_file:323 - [Worker] 处理异常: /home/nju/Downloads/smt/gnu_angr.tar.gz/single_test/setuidgid/setuidgid224129, 错误: [Errno 2] No such file or directory: '/home/nju/Downloads/smt/gnu_angr.tar.gz/single_test/setuidgid/setuidgid224129'
2025-06-15 01:36:21.248 | INFO     | __main__:process_z3_file:293 - [Worker] 开始处理: /home/nju/Downloads/smt/gnu_angr.tar.gz/single_test/setuidgid/setuidgid146552
2025-06-15 01:36:21.248 | INFO     | __main__:process_z3_file:323 - [Worker] 处理异常: /home/nju/Downloads/smt/gnu_angr.tar.gz/single_test/setuidgid/setuidgid140815, 错误: [Errno 2] No such file or directory: '/home/nju/Downloads/smt/gnu_angr.tar.gz/single_test/setuidgid/setuidgid140815'
2025-06-15 01:36:21.248 | INFO     | __main__:process_z3_file:323 - [Worker] 处理异常: /home/nju/Downloads/smt/gnu_angr.tar.gz/single_test/setuidgid/setuidgid224485, 错误: [Errno 2] No such file or directory: '/home/nju/Downloads/smt/gnu_angr.tar.gz/single_test/setuidgid/setuidgid224485'
2025-06-15 01:36:21.248 | INFO     | __main__:process_z3_file:323 - [Worker] 处理异常: /home/nju/Downloads/smt/gnu_angr.tar.gz/single_test/setuidgid/setuidgid197799, 错误: [Errno 2] No such file or directory: '/home/nju/Downloads/smt/gnu_angr.tar.gz/single_test/setuidgid/setuidgid197799'
2025-06-15 01:36:21.248 | INFO     | __main__:process_z3_file:293 - [Worker] 开始处理: /home/nju/Downloads/smt/gnu_angr.tar.gz/single_test/setuidgid/setuidgid177726
2025-06-15 01:36:21.248 | INFO     | __main__:process_z3_file:323 - [Worker] 处理异常: /home/nju/Downloads/smt/gnu_angr.tar.gz/single_test/setuidgid/setuidgid146552, 错误: [Errno 2] No such file or directory: '/home/nju/Downloads/smt/gnu_angr.tar.gz/single_test/setuidgid/setuidgid146552'
2025-06-15 01:36:21.248 | INFO     | __main__:process_z3_file:293 - [Worker] 开始处理: /home/nju/Downloads/smt/gnu_angr.tar.gz/single_test/ls/ls258156
2025-06-15 01:36:21.248 | INFO     | __main__:process_z3_file:293 - [Worker] 开始处理: /home/nju/Downloads/smt/gnu_angr.tar.gz/single_test/users/users39945
2025-06-15 01:36:21.248 | INFO     | __main__:process_z3_file:323 - [Worker] 处理异常: /home/nju/Downloads/smt/gnu_angr.tar.gz/single_test/setuidgid/setuidgid177726, 错误: [Errno 2] No such file or directory: '/home/nju/Downloads/smt/gnu_angr.tar.gz/single_test/setuidgid/setuidgid177726'
2025-06-15 01:36:21.248 | INFO     | __main__:process_z3_file:293 - [Worker] 开始处理: /home/nju/Downloads/smt/gnu_angr.tar.gz/single_test/id/id132674
2025-06-15 01:36:21.248 | INFO     | __main__:process_z3_file:293 - [Worker] 开始处理: /home/nju/Downloads/smt/gnu_angr.tar.gz/single_test/pinky/pinky231102
2025-06-15 01:36:21.248 | INFO     | __main__:process_z3_file:293 - [Worker] 开始处理: /home/nju/Downloads/smt/gnu_angr.tar.gz/single_test/fmt/fmt710958
2025-06-15 01:36:21.248 | INFO     | __main__:process_z3_file:323 - [Worker] 处理异常: /home/nju/Downloads/smt/gnu_angr.tar.gz/single_test/ls/ls258156, 错误: [Errno 2] No such file or directory: '/home/nju/Downloads/smt/gnu_angr.tar.gz/single_test/ls/ls258156'
2025-06-15 01:36:21.248 | INFO     | __main__:process_z3_file:293 - [Worker] 开始处理: /home/nju/Downloads/smt/gnu_angr.tar.gz/single_test/factor/factor74956
2025-06-15 01:36:21.248 | INFO     | __main__:process_z3_file:323 - [Worker] 处理异常: /home/nju/Downloads/smt/gnu_angr.tar.gz/single_test/users/users39945, 错误: [Errno 2] No such file or directory: '/home/nju/Downloads/smt/gnu_angr.tar.gz/single_test/users/users39945'
2025-06-15 01:36:21.248 | INFO     | __main__:process_z3_file:293 - [Worker] 开始处理: /home/nju/Downloads/smt/gnu_angr.tar.gz/single_test/pinky/pinky231980
2025-06-15 01:36:21.248 | INFO     | __main__:process_z3_file:323 - [Worker] 处理异常: /home/nju/Downloads/smt/gnu_angr.tar.gz/single_test/id/id132674, 错误: [Errno 2] No such file or directory: '/home/nju/Downloads/smt/gnu_angr.tar.gz/single_test/id/id132674'
2025-06-15 01:36:21.248 | INFO     | __main__:process_z3_file:293 - [Worker] 开始处理: /home/nju/Downloads/smt/gnu_angr.tar.gz/single_test/id/id219438
2025-06-15 01:36:21.248 | INFO     | __main__:process_z3_file:323 - [Worker] 处理异常: /home/nju/Downloads/smt/gnu_angr.tar.gz/single_test/pinky/pinky231102, 错误: [Errno 2] No such file or directory: '/home/nju/Downloads/smt/gnu_angr.tar.gz/single_test/pinky/pinky231102'
2025-06-15 01:36:21.248 | INFO     | __main__:get_Z3_result:356 - 主进程收集结果: /home/nju/Downloads/smt/buzybox_angr.tar.gz/single_test/lsmod/lsmod1121208, 状态: error
2025-06-15 01:36:21.248 | INFO     | __main__:process_z3_file:293 - [Worker] 开始处理: /home/nju/Downloads/smt/gnu_angr.tar.gz/single_test/pinky/pinky232016
2025-06-15 01:36:21.248 | INFO     | __main__:process_z3_file:293 - [Worker] 开始处理: /home/nju/Downloads/smt/gnu_angr.tar.gz/single_test/mknod/mknod239420
2025-06-15 01:36:21.248 | INFO     | __main__:process_z3_file:323 - [Worker] 处理异常: /home/nju/Downloads/smt/gnu_angr.tar.gz/single_test/pinky/pinky231980, 错误: [Errno 2] No such file or directory: '/home/nju/Downloads/smt/gnu_angr.tar.gz/single_test/pinky/pinky231980'
2025-06-15 01:36:21.248 | INFO     | __main__:process_z3_file:293 - [Worker] 开始处理: /home/nju/Downloads/smt/gnu_angr.tar.gz/single_test/mknod/mknod130727
2025-06-15 01:36:21.248 | INFO     | __main__:process_z3_file:323 - [Worker] 处理异常: /home/nju/Downloads/smt/gnu_angr.tar.gz/single_test/fmt/fmt710958, 错误: [Errno 2] No such file or directory: '/home/nju/Downloads/smt/gnu_angr.tar.gz/single_test/fmt/fmt710958'
2025-06-15 01:36:21.248 | INFO     | __main__:process_z3_file:293 - [Worker] 开始处理: /home/nju/Downloads/smt/gnu_angr.tar.gz/single_test/date/date166559
2025-06-15 01:36:21.248 | INFO     | __main__:process_z3_file:323 - [Worker] 处理异常: /home/nju/Downloads/smt/gnu_angr.tar.gz/single_test/factor/factor74956, 错误: [Errno 2] No such file or directory: '/home/nju/Downloads/smt/gnu_angr.tar.gz/single_test/factor/factor74956'
2025-06-15 01:36:21.248 | INFO     | __main__:process_z3_file:323 - [Worker] 处理异常: /home/nju/Downloads/smt/gnu_angr.tar.gz/single_test/mknod/mknod239420, 错误: [Errno 2] No such file or directory: '/home/nju/Downloads/smt/gnu_angr.tar.gz/single_test/mknod/mknod239420'
2025-06-15 01:36:21.248 | INFO     | __main__:process_z3_file:323 - [Worker] 处理异常: /home/nju/Downloads/smt/gnu_angr.tar.gz/single_test/pinky/pinky232016, 错误: [Errno 2] No such file or directory: '/home/nju/Downloads/smt/gnu_angr.tar.gz/single_test/pinky/pinky232016'
2025-06-15 01:36:21.248 | INFO     | __main__:process_z3_file:293 - [Worker] 开始处理: /home/nju/Downloads/smt/gnu_angr.tar.gz/single_test/date/date156480
2025-06-15 01:36:21.248 | INFO     | __main__:process_z3_file:323 - [Worker] 处理异常: /home/nju/Downloads/smt/gnu_angr.tar.gz/single_test/mknod/mknod130727, 错误: [Errno 2] No such file or directory: '/home/nju/Downloads/smt/gnu_angr.tar.gz/single_test/mknod/mknod130727'
2025-06-15 01:36:21.248 | INFO     | __main__:process_z3_file:323 - [Worker] 处理异常: /home/nju/Downloads/smt/gnu_angr.tar.gz/single_test/date/date166559, 错误: [Errno 2] No such file or directory: '/home/nju/Downloads/smt/gnu_angr.tar.gz/single_test/date/date166559'
2025-06-15 01:36:21.248 | INFO     | __main__:process_z3_file:323 - [Worker] 处理异常: /home/nju/Downloads/smt/gnu_angr.tar.gz/single_test/id/id219438, 错误: [Errno 2] No such file or directory: '/home/nju/Downloads/smt/gnu_angr.tar.gz/single_test/id/id219438'
2025-06-15 01:36:21.248 | INFO     | __main__:process_z3_file:293 - [Worker] 开始处理: /home/nju/Downloads/smt/gnu_angr.tar.gz/single_test/date/date131519
2025-06-15 01:36:21.248 | INFO     | __main__:process_z3_file:323 - [Worker] 处理异常: /home/nju/Downloads/smt/gnu_angr.tar.gz/single_test/date/date156480, 错误: [Errno 2] No such file or directory: '/home/nju/Downloads/smt/gnu_angr.tar.gz/single_test/date/date156480'
2025-06-15 01:36:21.248 | INFO     | __main__:process_z3_file:293 - [Worker] 开始处理: /home/nju/Downloads/smt/gnu_angr.tar.gz/single_test/date/date21786
2025-06-15 01:36:21.248 | INFO     | __main__:get_Z3_result:356 - 主进程收集结果: /home/nju/Downloads/smt/buzybox_angr.tar.gz/single_test/lsmod/lsmod1229995, 状态: error
2025-06-15 01:36:21.248 | INFO     | __main__:process_z3_file:293 - [Worker] 开始处理: /home/nju/Downloads/smt/gnu_angr.tar.gz/single_test/date/date175289
2025-06-15 01:36:21.248 | INFO     | __main__:process_z3_file:293 - [Worker] 开始处理: /home/nju/Downloads/smt/gnu_angr.tar.gz/single_test/date/date137979
2025-06-15 01:36:21.248 | INFO     | __main__:process_z3_file:323 - [Worker] 处理异常: /home/nju/Downloads/smt/gnu_angr.tar.gz/single_test/date/date131519, 错误: [Errno 2] No such file or directory: '/home/nju/Downloads/smt/gnu_angr.tar.gz/single_test/date/date131519'
2025-06-15 01:36:21.248 | INFO     | __main__:process_z3_file:293 - [Worker] 开始处理: /home/nju/Downloads/smt/gnu_angr.tar.gz/single_test/date/date65364
2025-06-15 01:36:21.248 | INFO     | __main__:process_z3_file:323 - [Worker] 处理异常: /home/nju/Downloads/smt/gnu_angr.tar.gz/single_test/date/date21786, 错误: [Errno 2] No such file or directory: '/home/nju/Downloads/smt/gnu_angr.tar.gz/single_test/date/date21786'
2025-06-15 01:36:21.248 | INFO     | __main__:process_z3_file:293 - [Worker] 开始处理: /home/nju/Downloads/smt/gnu_angr.tar.gz/single_test/date/date76385
2025-06-15 01:36:21.248 | INFO     | __main__:process_z3_file:293 - [Worker] 开始处理: /home/nju/Downloads/smt/gnu_angr.tar.gz/single_test/date/date144840
2025-06-15 01:36:21.248 | INFO     | __main__:process_z3_file:323 - [Worker] 处理异常: /home/nju/Downloads/smt/gnu_angr.tar.gz/single_test/date/date175289, 错误: [Errno 2] No such file or directory: '/home/nju/Downloads/smt/gnu_angr.tar.gz/single_test/date/date175289'
2025-06-15 01:36:21.248 | INFO     | __main__:process_z3_file:323 - [Worker] 处理异常: /home/nju/Downloads/smt/gnu_angr.tar.gz/single_test/date/date137979, 错误: [Errno 2] No such file or directory: '/home/nju/Downloads/smt/gnu_angr.tar.gz/single_test/date/date137979'
2025-06-15 01:36:21.248 | INFO     | __main__:process_z3_file:293 - [Worker] 开始处理: /home/nju/Downloads/smt/gnu_angr.tar.gz/single_test/date/date190314
2025-06-15 01:36:21.248 | INFO     | __main__:process_z3_file:323 - [Worker] 处理异常: /home/nju/Downloads/smt/gnu_angr.tar.gz/single_test/date/date76385, 错误: [Errno 2] No such file or directory: '/home/nju/Downloads/smt/gnu_angr.tar.gz/single_test/date/date76385'
2025-06-15 01:36:21.248 | INFO     | __main__:process_z3_file:293 - [Worker] 开始处理: /home/nju/Downloads/smt/gnu_angr.tar.gz/single_test/date/date37744
2025-06-15 01:36:21.248 | INFO     | __main__:process_z3_file:293 - [Worker] 开始处理: /home/nju/Downloads/smt/gnu_angr.tar.gz/single_test/date/date47809
2025-06-15 01:36:21.248 | INFO     | __main__:process_z3_file:293 - [Worker] 开始处理: /home/nju/Downloads/smt/gnu_angr.tar.gz/single_test/date/date166732
2025-06-15 01:36:21.248 | INFO     | __main__:process_z3_file:293 - [Worker] 开始处理: /home/nju/Downloads/smt/gnu_angr.tar.gz/single_test/date/date122167
2025-06-15 01:36:21.248 | INFO     | __main__:process_z3_file:323 - [Worker] 处理异常: /home/nju/Downloads/smt/gnu_angr.tar.gz/single_test/date/date65364, 错误: [Errno 2] No such file or directory: '/home/nju/Downloads/smt/gnu_angr.tar.gz/single_test/date/date65364'
2025-06-15 01:36:21.248 | INFO     | __main__:process_z3_file:323 - [Worker] 处理异常: /home/nju/Downloads/smt/gnu_angr.tar.gz/single_test/date/date190314, 错误: [Errno 2] No such file or directory: '/home/nju/Downloads/smt/gnu_angr.tar.gz/single_test/date/date190314'
2025-06-15 01:36:21.248 | INFO     | __main__:process_z3_file:293 - [Worker] 开始处理: /home/nju/Downloads/smt/gnu_angr.tar.gz/single_test/date/date37758
2025-06-15 01:36:21.248 | INFO     | __main__:process_z3_file:323 - [Worker] 处理异常: /home/nju/Downloads/smt/gnu_angr.tar.gz/single_test/date/date37744, 错误: [Errno 2] No such file or directory: '/home/nju/Downloads/smt/gnu_angr.tar.gz/single_test/date/date37744'
2025-06-15 01:36:21.248 | INFO     | __main__:process_z3_file:323 - [Worker] 处理异常: /home/nju/Downloads/smt/gnu_angr.tar.gz/single_test/date/date144840, 错误: [Errno 2] No such file or directory: '/home/nju/Downloads/smt/gnu_angr.tar.gz/single_test/date/date144840'
2025-06-15 01:36:21.248 | INFO     | __main__:process_z3_file:323 - [Worker] 处理异常: /home/nju/Downloads/smt/gnu_angr.tar.gz/single_test/date/date166732, 错误: [Errno 2] No such file or directory: '/home/nju/Downloads/smt/gnu_angr.tar.gz/single_test/date/date166732'
2025-06-15 01:36:21.248 | INFO     | __main__:process_z3_file:323 - [Worker] 处理异常: /home/nju/Downloads/smt/gnu_angr.tar.gz/single_test/date/date122167, 错误: [Errno 2] No such file or directory: '/home/nju/Downloads/smt/gnu_angr.tar.gz/single_test/date/date122167'
2025-06-15 01:36:21.248 | INFO     | __main__:process_z3_file:323 - [Worker] 处理异常: /home/nju/Downloads/smt/gnu_angr.tar.gz/single_test/date/date37758, 错误: [Errno 2] No such file or directory: '/home/nju/Downloads/smt/gnu_angr.tar.gz/single_test/date/date37758'
2025-06-15 01:36:21.248 | INFO     | __main__:process_z3_file:293 - [Worker] 开始处理: /home/nju/Downloads/smt/gnu_angr.tar.gz/single_test/date/date64639
2025-06-15 01:36:21.248 | INFO     | __main__:process_z3_file:293 - [Worker] 开始处理: /home/nju/Downloads/smt/gnu_angr.tar.gz/single_test/date/date33969
2025-06-15 01:36:21.248 | INFO     | __main__:process_z3_file:293 - [Worker] 开始处理: /home/nju/Downloads/smt/gnu_angr.tar.gz/single_test/date/date91933
2025-06-15 01:36:21.248 | INFO     | __main__:process_z3_file:323 - [Worker] 处理异常: /home/nju/Downloads/smt/gnu_angr.tar.gz/single_test/date/date47809, 错误: [Errno 2] No such file or directory: '/home/nju/Downloads/smt/gnu_angr.tar.gz/single_test/date/date47809'
2025-06-15 01:36:21.248 | INFO     | __main__:process_z3_file:323 - [Worker] 处理异常: /home/nju/Downloads/smt/gnu_angr.tar.gz/single_test/date/date64639, 错误: [Errno 2] No such file or directory: '/home/nju/Downloads/smt/gnu_angr.tar.gz/single_test/date/date64639'
2025-06-15 01:36:21.248 | INFO     | __main__:process_z3_file:293 - [Worker] 开始处理: /home/nju/Downloads/smt/gnu_angr.tar.gz/single_test/date/date47807
2025-06-15 01:36:21.248 | INFO     | __main__:process_z3_file:293 - [Worker] 开始处理: /home/nju/Downloads/smt/gnu_angr.tar.gz/single_test/date/date23698
2025-06-15 01:36:21.248 | INFO     | __main__:process_z3_file:293 - [Worker] 开始处理: /home/nju/Downloads/smt/gnu_angr.tar.gz/single_test/date/date22973
2025-06-15 01:36:21.248 | INFO     | __main__:process_z3_file:323 - [Worker] 处理异常: /home/nju/Downloads/smt/gnu_angr.tar.gz/single_test/date/date33969, 错误: [Errno 2] No such file or directory: '/home/nju/Downloads/smt/gnu_angr.tar.gz/single_test/date/date33969'
2025-06-15 01:36:21.248 | INFO     | __main__:process_z3_file:323 - [Worker] 处理异常: /home/nju/Downloads/smt/gnu_angr.tar.gz/single_test/date/date91933, 错误: [Errno 2] No such file or directory: '/home/nju/Downloads/smt/gnu_angr.tar.gz/single_test/date/date91933'
2025-06-15 01:36:21.248 | INFO     | __main__:get_Z3_result:356 - 主进程收集结果: /home/nju/Downloads/smt/buzybox_angr.tar.gz/single_test/lsmod/lsmod1254732, 状态: error
2025-06-15 01:36:21.248 | INFO     | __main__:process_z3_file:323 - [Worker] 处理异常: /home/nju/Downloads/smt/gnu_angr.tar.gz/single_test/date/date47807, 错误: [Errno 2] No such file or directory: '/home/nju/Downloads/smt/gnu_angr.tar.gz/single_test/date/date47807'
2025-06-15 01:36:21.248 | INFO     | __main__:process_z3_file:293 - [Worker] 开始处理: /home/nju/Downloads/smt/gnu_angr.tar.gz/single_test/date/date117087
2025-06-15 01:36:21.248 | INFO     | __main__:process_z3_file:323 - [Worker] 处理异常: /home/nju/Downloads/smt/gnu_angr.tar.gz/single_test/date/date23698, 错误: [Errno 2] No such file or directory: '/home/nju/Downloads/smt/gnu_angr.tar.gz/single_test/date/date23698'
2025-06-15 01:36:21.248 | INFO     | __main__:process_z3_file:293 - [Worker] 开始处理: /home/nju/Downloads/smt/gnu_angr.tar.gz/single_test/date/date65944
2025-06-15 01:36:21.248 | INFO     | __main__:process_z3_file:293 - [Worker] 开始处理: /home/nju/Downloads/smt/gnu_angr.tar.gz/single_test/date/date128353
2025-06-15 01:36:21.248 | INFO     | __main__:process_z3_file:293 - [Worker] 开始处理: /home/nju/Downloads/smt/gnu_angr.tar.gz/single_test/date/date65941
2025-06-15 01:36:21.248 | INFO     | __main__:process_z3_file:293 - [Worker] 开始处理: /home/nju/Downloads/smt/gnu_angr.tar.gz/single_test/date/date145885
2025-06-15 01:36:21.248 | INFO     | __main__:process_z3_file:323 - [Worker] 处理异常: /home/nju/Downloads/smt/gnu_angr.tar.gz/single_test/date/date65944, 错误: [Errno 2] No such file or directory: '/home/nju/Downloads/smt/gnu_angr.tar.gz/single_test/date/date65944'
2025-06-15 01:36:21.248 | INFO     | __main__:process_z3_file:323 - [Worker] 处理异常: /home/nju/Downloads/smt/gnu_angr.tar.gz/single_test/date/date22973, 错误: [Errno 2] No such file or directory: '/home/nju/Downloads/smt/gnu_angr.tar.gz/single_test/date/date22973'
2025-06-15 01:36:21.248 | INFO     | __main__:process_z3_file:293 - [Worker] 开始处理: /home/nju/Downloads/smt/gnu_angr.tar.gz/single_test/date/date139318
2025-06-15 01:36:21.248 | INFO     | __main__:process_z3_file:293 - [Worker] 开始处理: /home/nju/Downloads/smt/gnu_angr.tar.gz/single_test/date/date131499
2025-06-15 01:36:21.249 | INFO     | __main__:process_z3_file:323 - [Worker] 处理异常: /home/nju/Downloads/smt/gnu_angr.tar.gz/single_test/date/date128353, 错误: [Errno 2] No such file or directory: '/home/nju/Downloads/smt/gnu_angr.tar.gz/single_test/date/date128353'
2025-06-15 01:36:21.249 | INFO     | __main__:process_z3_file:323 - [Worker] 处理异常: /home/nju/Downloads/smt/gnu_angr.tar.gz/single_test/date/date65941, 错误: [Errno 2] No such file or directory: '/home/nju/Downloads/smt/gnu_angr.tar.gz/single_test/date/date65941'
2025-06-15 01:36:21.249 | INFO     | __main__:process_z3_file:323 - [Worker] 处理异常: /home/nju/Downloads/smt/gnu_angr.tar.gz/single_test/date/date145885, 错误: [Errno 2] No such file or directory: '/home/nju/Downloads/smt/gnu_angr.tar.gz/single_test/date/date145885'
2025-06-15 01:36:21.248 | INFO     | __main__:process_z3_file:323 - [Worker] 处理异常: /home/nju/Downloads/smt/gnu_angr.tar.gz/single_test/date/date117087, 错误: [Errno 2] No such file or directory: '/home/nju/Downloads/smt/gnu_angr.tar.gz/single_test/date/date117087'
2025-06-15 01:36:21.249 | INFO     | __main__:process_z3_file:293 - [Worker] 开始处理: /home/nju/Downloads/smt/gnu_angr.tar.gz/single_test/date/date194063
2025-06-15 01:36:21.249 | INFO     | __main__:process_z3_file:323 - [Worker] 处理异常: /home/nju/Downloads/smt/gnu_angr.tar.gz/single_test/date/date139318, 错误: [Errno 2] No such file or directory: '/home/nju/Downloads/smt/gnu_angr.tar.gz/single_test/date/date139318'
2025-06-15 01:36:21.249 | INFO     | __main__:process_z3_file:293 - [Worker] 开始处理: /home/nju/Downloads/smt/gnu_angr.tar.gz/single_test/date/date92629
2025-06-15 01:36:21.249 | INFO     | __main__:process_z3_file:293 - [Worker] 开始处理: /home/nju/Downloads/smt/gnu_angr.tar.gz/single_test/head/head53264
2025-06-15 01:36:21.249 | INFO     | __main__:process_z3_file:293 - [Worker] 开始处理: /home/nju/Downloads/smt/gnu_angr.tar.gz/single_test/head/head112929
2025-06-15 01:36:21.249 | INFO     | __main__:process_z3_file:323 - [Worker] 处理异常: /home/nju/Downloads/smt/gnu_angr.tar.gz/single_test/date/date194063, 错误: [Errno 2] No such file or directory: '/home/nju/Downloads/smt/gnu_angr.tar.gz/single_test/date/date194063'
2025-06-15 01:36:21.249 | INFO     | __main__:get_Z3_result:356 - 主进程收集结果: /home/nju/Downloads/smt/buzybox_angr.tar.gz/single_test/lsmod/lsmod1422833, 状态: error
2025-06-15 01:36:21.249 | INFO     | __main__:process_z3_file:293 - [Worker] 开始处理: /home/nju/Downloads/smt/gnu_angr.tar.gz/single_test/head/head50472
2025-06-15 01:36:21.249 | INFO     | __main__:process_z3_file:323 - [Worker] 处理异常: /home/nju/Downloads/smt/gnu_angr.tar.gz/single_test/date/date92629, 错误: [Errno 2] No such file or directory: '/home/nju/Downloads/smt/gnu_angr.tar.gz/single_test/date/date92629'
2025-06-15 01:36:21.249 | INFO     | __main__:process_z3_file:323 - [Worker] 处理异常: /home/nju/Downloads/smt/gnu_angr.tar.gz/single_test/date/date131499, 错误: [Errno 2] No such file or directory: '/home/nju/Downloads/smt/gnu_angr.tar.gz/single_test/date/date131499'
2025-06-15 01:36:21.249 | INFO     | __main__:process_z3_file:293 - [Worker] 开始处理: /home/nju/Downloads/smt/gnu_angr.tar.gz/single_test/date/date161721
2025-06-15 01:36:21.249 | INFO     | __main__:process_z3_file:323 - [Worker] 处理异常: /home/nju/Downloads/smt/gnu_angr.tar.gz/single_test/head/head53264, 错误: [Errno 2] No such file or directory: '/home/nju/Downloads/smt/gnu_angr.tar.gz/single_test/head/head53264'
2025-06-15 01:36:21.249 | INFO     | __main__:process_z3_file:323 - [Worker] 处理异常: /home/nju/Downloads/smt/gnu_angr.tar.gz/single_test/head/head112929, 错误: [Errno 2] No such file or directory: '/home/nju/Downloads/smt/gnu_angr.tar.gz/single_test/head/head112929'
2025-06-15 01:36:21.249 | INFO     | __main__:process_z3_file:293 - [Worker] 开始处理: /home/nju/Downloads/smt/gnu_angr.tar.gz/single_test/head/head51801
2025-06-15 01:36:21.249 | INFO     | __main__:process_z3_file:323 - [Worker] 处理异常: /home/nju/Downloads/smt/gnu_angr.tar.gz/single_test/head/head50472, 错误: [Errno 2] No such file or directory: '/home/nju/Downloads/smt/gnu_angr.tar.gz/single_test/head/head50472'
2025-06-15 01:36:21.249 | INFO     | __main__:process_z3_file:293 - [Worker] 开始处理: /home/nju/Downloads/smt/gnu_angr.tar.gz/single_test/head/head52110
2025-06-15 01:36:21.249 | INFO     | __main__:process_z3_file:293 - [Worker] 开始处理: /home/nju/Downloads/smt/gnu_angr.tar.gz/single_test/head/head51283
2025-06-15 01:36:21.249 | INFO     | __main__:process_z3_file:293 - [Worker] 开始处理: /home/nju/Downloads/smt/gnu_angr.tar.gz/single_test/test/test208139
2025-06-15 01:36:21.249 | INFO     | __main__:process_z3_file:293 - [Worker] 开始处理: /home/nju/Downloads/smt/gnu_angr.tar.gz/single_test/test/test130137
2025-06-15 01:36:21.249 | INFO     | __main__:process_z3_file:323 - [Worker] 处理异常: /home/nju/Downloads/smt/gnu_angr.tar.gz/single_test/head/head51801, 错误: [Errno 2] No such file or directory: '/home/nju/Downloads/smt/gnu_angr.tar.gz/single_test/head/head51801'
2025-06-15 01:36:21.249 | INFO     | __main__:process_z3_file:293 - [Worker] 开始处理: /home/nju/Downloads/smt/gnu_angr.tar.gz/single_test/mkfifo/mkfifo29622
2025-06-15 01:36:21.249 | INFO     | __main__:process_z3_file:323 - [Worker] 处理异常: /home/nju/Downloads/smt/gnu_angr.tar.gz/single_test/head/head51283, 错误: [Errno 2] No such file or directory: '/home/nju/Downloads/smt/gnu_angr.tar.gz/single_test/head/head51283'
2025-06-15 01:36:21.249 | INFO     | __main__:process_z3_file:323 - [Worker] 处理异常: /home/nju/Downloads/smt/gnu_angr.tar.gz/single_test/date/date161721, 错误: [Errno 2] No such file or directory: '/home/nju/Downloads/smt/gnu_angr.tar.gz/single_test/date/date161721'
2025-06-15 01:36:21.249 | INFO     | __main__:process_z3_file:323 - [Worker] 处理异常: /home/nju/Downloads/smt/gnu_angr.tar.gz/single_test/test/test208139, 错误: [Errno 2] No such file or directory: '/home/nju/Downloads/smt/gnu_angr.tar.gz/single_test/test/test208139'
2025-06-15 01:36:21.249 | INFO     | __main__:process_z3_file:323 - [Worker] 处理异常: /home/nju/Downloads/smt/gnu_angr.tar.gz/single_test/test/test130137, 错误: [Errno 2] No such file or directory: '/home/nju/Downloads/smt/gnu_angr.tar.gz/single_test/test/test130137'
2025-06-15 01:36:21.249 | INFO     | __main__:get_Z3_result:356 - 主进程收集结果: /home/nju/Downloads/smt/buzybox_angr.tar.gz/single_test/lsmod/lsmod1526680, 状态: error
2025-06-15 01:36:21.249 | INFO     | __main__:process_z3_file:293 - [Worker] 开始处理: /home/nju/Downloads/smt/gnu_angr.tar.gz/single_test/mkfifo/mkfifo29997
2025-06-15 01:36:21.249 | INFO     | __main__:process_z3_file:323 - [Worker] 处理异常: /home/nju/Downloads/smt/gnu_angr.tar.gz/single_test/mkfifo/mkfifo29622, 错误: [Errno 2] No such file or directory: '/home/nju/Downloads/smt/gnu_angr.tar.gz/single_test/mkfifo/mkfifo29622'
2025-06-15 01:36:21.249 | INFO     | __main__:process_z3_file:323 - [Worker] 处理异常: /home/nju/Downloads/smt/gnu_angr.tar.gz/single_test/head/head52110, 错误: [Errno 2] No such file or directory: '/home/nju/Downloads/smt/gnu_angr.tar.gz/single_test/head/head52110'
2025-06-15 01:36:21.249 | INFO     | __main__:process_z3_file:293 - [Worker] 开始处理: /home/nju/Downloads/smt/gnu_angr.tar.gz/single_test/test/test193616
2025-06-15 01:36:21.249 | INFO     | __main__:process_z3_file:293 - [Worker] 开始处理: /home/nju/Downloads/smt/gnu_angr.tar.gz/single_test/mkfifo/mkfifo29811
2025-06-15 01:36:21.249 | INFO     | __main__:process_z3_file:293 - [Worker] 开始处理: /home/nju/Downloads/smt/gnu_angr.tar.gz/single_test/mkfifo/mkfifo31343
2025-06-15 01:36:21.249 | INFO     | __main__:process_z3_file:323 - [Worker] 处理异常: /home/nju/Downloads/smt/gnu_angr.tar.gz/single_test/mkfifo/mkfifo29997, 错误: [Errno 2] No such file or directory: '/home/nju/Downloads/smt/gnu_angr.tar.gz/single_test/mkfifo/mkfifo29997'
2025-06-15 01:36:21.249 | INFO     | __main__:process_z3_file:293 - [Worker] 开始处理: /home/nju/Downloads/smt/gnu_angr.tar.gz/single_test/mkfifo/mkfifo31870
2025-06-15 01:36:21.249 | INFO     | __main__:process_z3_file:293 - [Worker] 开始处理: /home/nju/Downloads/smt/gnu_angr.tar.gz/single_test/sleep/sleep23854
2025-06-15 01:36:21.249 | INFO     | __main__:process_z3_file:323 - [Worker] 处理异常: /home/nju/Downloads/smt/gnu_angr.tar.gz/single_test/mkfifo/mkfifo29811, 错误: [Errno 2] No such file or directory: '/home/nju/Downloads/smt/gnu_angr.tar.gz/single_test/mkfifo/mkfifo29811'
2025-06-15 01:36:21.249 | INFO     | __main__:process_z3_file:323 - [Worker] 处理异常: /home/nju/Downloads/smt/gnu_angr.tar.gz/single_test/mkfifo/mkfifo31343, 错误: [Errno 2] No such file or directory: '/home/nju/Downloads/smt/gnu_angr.tar.gz/single_test/mkfifo/mkfifo31343'
2025-06-15 01:36:21.249 | INFO     | __main__:process_z3_file:323 - [Worker] 处理异常: /home/nju/Downloads/smt/gnu_angr.tar.gz/single_test/mkfifo/mkfifo31870, 错误: [Errno 2] No such file or directory: '/home/nju/Downloads/smt/gnu_angr.tar.gz/single_test/mkfifo/mkfifo31870'
2025-06-15 01:36:21.249 | INFO     | __main__:process_z3_file:293 - [Worker] 开始处理: /home/nju/Downloads/smt/gnu_angr.tar.gz/single_test/unlink/unlink25985
2025-06-15 01:36:21.249 | INFO     | __main__:process_z3_file:293 - [Worker] 开始处理: /home/nju/Downloads/smt/gnu_angr.tar.gz/single_test/sleep/sleep27002
2025-06-15 01:36:21.249 | INFO     | __main__:process_z3_file:323 - [Worker] 处理异常: /home/nju/Downloads/smt/gnu_angr.tar.gz/single_test/sleep/sleep23854, 错误: [Errno 2] No such file or directory: '/home/nju/Downloads/smt/gnu_angr.tar.gz/single_test/sleep/sleep23854'
2025-06-15 01:36:21.249 | INFO     | __main__:process_z3_file:293 - [Worker] 开始处理: /home/nju/Downloads/smt/gnu_angr.tar.gz/single_test/unlink/unlink28988
2025-06-15 01:36:21.249 | INFO     | __main__:process_z3_file:323 - [Worker] 处理异常: /home/nju/Downloads/smt/gnu_angr.tar.gz/single_test/test/test193616, 错误: [Errno 2] No such file or directory: '/home/nju/Downloads/smt/gnu_angr.tar.gz/single_test/test/test193616'
2025-06-15 01:36:21.249 | INFO     | __main__:process_z3_file:293 - [Worker] 开始处理: /home/nju/Downloads/smt/gnu_angr.tar.gz/single_test/unlink/unlink24743
2025-06-15 01:36:21.249 | INFO     | __main__:process_z3_file:293 - [Worker] 开始处理: /home/nju/Downloads/smt/gnu_angr.tar.gz/single_test/unlink/unlink24924
2025-06-15 01:36:21.249 | INFO     | __main__:process_z3_file:323 - [Worker] 处理异常: /home/nju/Downloads/smt/gnu_angr.tar.gz/single_test/unlink/unlink25985, 错误: [Errno 2] No such file or directory: '/home/nju/Downloads/smt/gnu_angr.tar.gz/single_test/unlink/unlink25985'
2025-06-15 01:36:21.249 | INFO     | __main__:process_z3_file:293 - [Worker] 开始处理: /home/nju/Downloads/smt/gnu_angr.tar.gz/single_test/md5sum/md5sum18121
2025-06-15 01:36:21.249 | INFO     | __main__:process_z3_file:293 - [Worker] 开始处理: /home/nju/Downloads/smt/gnu_angr.tar.gz/single_test/md5sum/md5sum23174
2025-06-15 01:36:21.249 | INFO     | __main__:process_z3_file:323 - [Worker] 处理异常: /home/nju/Downloads/smt/gnu_angr.tar.gz/single_test/unlink/unlink28988, 错误: [Errno 2] No such file or directory: '/home/nju/Downloads/smt/gnu_angr.tar.gz/single_test/unlink/unlink28988'
2025-06-15 01:36:21.249 | INFO     | __main__:process_z3_file:323 - [Worker] 处理异常: /home/nju/Downloads/smt/gnu_angr.tar.gz/single_test/unlink/unlink24924, 错误: [Errno 2] No such file or directory: '/home/nju/Downloads/smt/gnu_angr.tar.gz/single_test/unlink/unlink24924'
2025-06-15 01:36:21.249 | INFO     | __main__:get_Z3_result:356 - 主进程收集结果: /home/nju/Downloads/smt/buzybox_angr.tar.gz/single_test/readahead/readahead646947, 状态: error
2025-06-15 01:36:21.249 | INFO     | __main__:process_z3_file:293 - [Worker] 开始处理: /home/nju/Downloads/smt/gnu_angr.tar.gz/single_test/readlink/readlink156511
2025-06-15 01:36:21.249 | INFO     | __main__:process_z3_file:323 - [Worker] 处理异常: /home/nju/Downloads/smt/gnu_angr.tar.gz/single_test/md5sum/md5sum18121, 错误: [Errno 2] No such file or directory: '/home/nju/Downloads/smt/gnu_angr.tar.gz/single_test/md5sum/md5sum18121'
2025-06-15 01:36:21.249 | INFO     | __main__:process_z3_file:323 - [Worker] 处理异常: /home/nju/Downloads/smt/gnu_angr.tar.gz/single_test/sleep/sleep27002, 错误: [Errno 2] No such file or directory: '/home/nju/Downloads/smt/gnu_angr.tar.gz/single_test/sleep/sleep27002'
2025-06-15 01:36:21.249 | INFO     | __main__:process_z3_file:323 - [Worker] 处理异常: /home/nju/Downloads/smt/gnu_angr.tar.gz/single_test/md5sum/md5sum23174, 错误: [Errno 2] No such file or directory: '/home/nju/Downloads/smt/gnu_angr.tar.gz/single_test/md5sum/md5sum23174'
2025-06-15 01:36:21.249 | INFO     | __main__:process_z3_file:293 - [Worker] 开始处理: /home/nju/Downloads/smt/gnu_angr.tar.gz/single_test/readlink/readlink153147
2025-06-15 01:36:21.249 | INFO     | __main__:process_z3_file:323 - [Worker] 处理异常: /home/nju/Downloads/smt/gnu_angr.tar.gz/single_test/unlink/unlink24743, 错误: [Errno 2] No such file or directory: '/home/nju/Downloads/smt/gnu_angr.tar.gz/single_test/unlink/unlink24743'
2025-06-15 01:36:21.249 | INFO     | __main__:process_z3_file:293 - [Worker] 开始处理: /home/nju/Downloads/smt/gnu_angr.tar.gz/single_test/readlink/readlink158702
2025-06-15 01:36:21.249 | INFO     | __main__:process_z3_file:323 - [Worker] 处理异常: /home/nju/Downloads/smt/gnu_angr.tar.gz/single_test/readlink/readlink156511, 错误: [Errno 2] No such file or directory: '/home/nju/Downloads/smt/gnu_angr.tar.gz/single_test/readlink/readlink156511'
2025-06-15 01:36:21.249 | INFO     | __main__:process_z3_file:293 - [Worker] 开始处理: /home/nju/Downloads/smt/gnu_angr.tar.gz/single_test/readlink/readlink118550
2025-06-15 01:36:21.249 | INFO     | __main__:process_z3_file:293 - [Worker] 开始处理: /home/nju/Downloads/smt/gnu_angr.tar.gz/single_test/readlink/readlink151890
2025-06-15 01:36:21.249 | INFO     | __main__:process_z3_file:293 - [Worker] 开始处理: /home/nju/Downloads/smt/gnu_angr.tar.gz/single_test/tty/tty21899
2025-06-15 01:36:21.249 | INFO     | __main__:process_z3_file:323 - [Worker] 处理异常: /home/nju/Downloads/smt/gnu_angr.tar.gz/single_test/readlink/readlink153147, 错误: [Errno 2] No such file or directory: '/home/nju/Downloads/smt/gnu_angr.tar.gz/single_test/readlink/readlink153147'
2025-06-15 01:36:21.249 | INFO     | __main__:process_z3_file:323 - [Worker] 处理异常: /home/nju/Downloads/smt/gnu_angr.tar.gz/single_test/readlink/readlink158702, 错误: [Errno 2] No such file or directory: '/home/nju/Downloads/smt/gnu_angr.tar.gz/single_test/readlink/readlink158702'
2025-06-15 01:36:21.249 | INFO     | __main__:process_z3_file:323 - [Worker] 处理异常: /home/nju/Downloads/smt/gnu_angr.tar.gz/single_test/readlink/readlink151890, 错误: [Errno 2] No such file or directory: '/home/nju/Downloads/smt/gnu_angr.tar.gz/single_test/readlink/readlink151890'
2025-06-15 01:36:21.249 | INFO     | __main__:process_z3_file:293 - [Worker] 开始处理: /home/nju/Downloads/smt/gnu_angr.tar.gz/single_test/tty/tty19927
2025-06-15 01:36:21.249 | INFO     | __main__:process_z3_file:323 - [Worker] 处理异常: /home/nju/Downloads/smt/gnu_angr.tar.gz/single_test/tty/tty21899, 错误: [Errno 2] No such file or directory: '/home/nju/Downloads/smt/gnu_angr.tar.gz/single_test/tty/tty21899'
2025-06-15 01:36:21.249 | INFO     | __main__:process_z3_file:293 - [Worker] 开始处理: /home/nju/Downloads/smt/gnu_angr.tar.gz/single_test/tty/tty25408
2025-06-15 01:36:21.249 | INFO     | __main__:process_z3_file:293 - [Worker] 开始处理: /home/nju/Downloads/smt/gnu_angr.tar.gz/single_test/tty/tty25069
2025-06-15 01:36:21.249 | INFO     | __main__:process_z3_file:293 - [Worker] 开始处理: /home/nju/Downloads/smt/gnu_angr.tar.gz/single_test/dir/dir475427
2025-06-15 01:36:21.249 | INFO     | __main__:process_z3_file:293 - [Worker] 开始处理: /home/nju/Downloads/smt/gnu_angr.tar.gz/single_test/tty/tty28728
2025-06-15 01:36:21.249 | INFO     | __main__:process_z3_file:323 - [Worker] 处理异常: /home/nju/Downloads/smt/gnu_angr.tar.gz/single_test/tty/tty19927, 错误: [Errno 2] No such file or directory: '/home/nju/Downloads/smt/gnu_angr.tar.gz/single_test/tty/tty19927'
2025-06-15 01:36:21.249 | INFO     | __main__:process_z3_file:323 - [Worker] 处理异常: /home/nju/Downloads/smt/gnu_angr.tar.gz/single_test/readlink/readlink118550, 错误: [Errno 2] No such file or directory: '/home/nju/Downloads/smt/gnu_angr.tar.gz/single_test/readlink/readlink118550'
2025-06-15 01:36:21.249 | INFO     | __main__:process_z3_file:293 - [Worker] 开始处理: /home/nju/Downloads/smt/gnu_angr.tar.gz/single_test/rm/rm300038
2025-06-15 01:36:21.249 | INFO     | __main__:process_z3_file:323 - [Worker] 处理异常: /home/nju/Downloads/smt/gnu_angr.tar.gz/single_test/tty/tty25408, 错误: [Errno 2] No such file or directory: '/home/nju/Downloads/smt/gnu_angr.tar.gz/single_test/tty/tty25408'
2025-06-15 01:36:21.249 | INFO     | __main__:process_z3_file:293 - [Worker] 开始处理: /home/nju/Downloads/smt/gnu_angr.tar.gz/single_test/tail/tail175903
2025-06-15 01:36:21.249 | INFO     | __main__:process_z3_file:323 - [Worker] 处理异常: /home/nju/Downloads/smt/gnu_angr.tar.gz/single_test/dir/dir475427, 错误: [Errno 2] No such file or directory: '/home/nju/Downloads/smt/gnu_angr.tar.gz/single_test/dir/dir475427'
2025-06-15 01:36:21.249 | INFO     | __main__:process_z3_file:323 - [Worker] 处理异常: /home/nju/Downloads/smt/gnu_angr.tar.gz/single_test/rm/rm300038, 错误: [Errno 2] No such file or directory: '/home/nju/Downloads/smt/gnu_angr.tar.gz/single_test/rm/rm300038'
2025-06-15 01:36:21.249 | INFO     | __main__:process_z3_file:323 - [Worker] 处理异常: /home/nju/Downloads/smt/gnu_angr.tar.gz/single_test/tail/tail175903, 错误: [Errno 2] No such file or directory: '/home/nju/Downloads/smt/gnu_angr.tar.gz/single_test/tail/tail175903'
2025-06-15 01:36:21.249 | INFO     | __main__:process_z3_file:293 - [Worker] 开始处理: /home/nju/Downloads/smt/gnu_angr.tar.gz/single_test/tail/tail209955
2025-06-15 01:36:21.249 | INFO     | __main__:process_z3_file:323 - [Worker] 处理异常: /home/nju/Downloads/smt/gnu_angr.tar.gz/single_test/tty/tty25069, 错误: [Errno 2] No such file or directory: '/home/nju/Downloads/smt/gnu_angr.tar.gz/single_test/tty/tty25069'
2025-06-15 01:36:21.249 | INFO     | __main__:process_z3_file:293 - [Worker] 开始处理: /home/nju/Downloads/smt/gnu_angr.tar.gz/single_test/tail/tail151521
2025-06-15 01:36:21.249 | INFO     | __main__:process_z3_file:293 - [Worker] 开始处理: /home/nju/Downloads/smt/gnu_angr.tar.gz/single_test/tail/tail152129
2025-06-15 01:36:21.249 | INFO     | __main__:process_z3_file:323 - [Worker] 处理异常: /home/nju/Downloads/smt/gnu_angr.tar.gz/single_test/tty/tty28728, 错误: [Errno 2] No such file or directory: '/home/nju/Downloads/smt/gnu_angr.tar.gz/single_test/tty/tty28728'
2025-06-15 01:36:21.249 | INFO     | __main__:process_z3_file:323 - [Worker] 处理异常: /home/nju/Downloads/smt/gnu_angr.tar.gz/single_test/tail/tail209955, 错误: [Errno 2] No such file or directory: '/home/nju/Downloads/smt/gnu_angr.tar.gz/single_test/tail/tail209955'
2025-06-15 01:36:21.249 | INFO     | __main__:process_z3_file:323 - [Worker] 处理异常: /home/nju/Downloads/smt/gnu_angr.tar.gz/single_test/tail/tail151521, 错误: [Errno 2] No such file or directory: '/home/nju/Downloads/smt/gnu_angr.tar.gz/single_test/tail/tail151521'
2025-06-15 01:36:21.249 | INFO     | __main__:process_z3_file:293 - [Worker] 开始处理: /home/nju/Downloads/smt/gnu_angr.tar.gz/single_test/tail/tail209684
2025-06-15 01:36:21.249 | INFO     | __main__:process_z3_file:293 - [Worker] 开始处理: /home/nju/Downloads/smt/gnu_angr.tar.gz/single_test/tail/tail175902
2025-06-15 01:36:21.249 | INFO     | __main__:process_z3_file:323 - [Worker] 处理异常: /home/nju/Downloads/smt/gnu_angr.tar.gz/single_test/tail/tail152129, 错误: [Errno 2] No such file or directory: '/home/nju/Downloads/smt/gnu_angr.tar.gz/single_test/tail/tail152129'
2025-06-15 01:36:21.249 | INFO     | __main__:process_z3_file:293 - [Worker] 开始处理: /home/nju/Downloads/smt/gnu_angr.tar.gz/single_test/tail/tail209178
2025-06-15 01:36:21.249 | INFO     | __main__:process_z3_file:323 - [Worker] 处理异常: /home/nju/Downloads/smt/gnu_angr.tar.gz/single_test/tail/tail209684, 错误: [Errno 2] No such file or directory: '/home/nju/Downloads/smt/gnu_angr.tar.gz/single_test/tail/tail209684'
2025-06-15 01:36:21.249 | INFO     | __main__:process_z3_file:323 - [Worker] 处理异常: /home/nju/Downloads/smt/gnu_angr.tar.gz/single_test/tail/tail175902, 错误: [Errno 2] No such file or directory: '/home/nju/Downloads/smt/gnu_angr.tar.gz/single_test/tail/tail175902'
2025-06-15 01:36:21.249 | INFO     | __main__:process_z3_file:293 - [Worker] 开始处理: /home/nju/Downloads/smt/gnu_angr.tar.gz/single_test/tail/tail210468
2025-06-15 01:36:21.249 | INFO     | __main__:process_z3_file:293 - [Worker] 开始处理: /home/nju/Downloads/smt/gnu_angr.tar.gz/single_test/tail/tail209195
2025-06-15 01:36:21.249 | INFO     | __main__:process_z3_file:293 - [Worker] 开始处理: /home/nju/Downloads/smt/gnu_angr.tar.gz/single_test/tail/tail151522
2025-06-15 01:36:21.249 | INFO     | __main__:process_z3_file:293 - [Worker] 开始处理: /home/nju/Downloads/smt/gnu_angr.tar.gz/single_test/tail/tail209626
2025-06-15 01:36:21.249 | INFO     | __main__:process_z3_file:293 - [Worker] 开始处理: /home/nju/Downloads/smt/gnu_angr.tar.gz/single_test/tail/tail94436
2025-06-15 01:36:21.249 | INFO     | __main__:process_z3_file:293 - [Worker] 开始处理: /home/nju/Downloads/smt/gnu_angr.tar.gz/single_test/tail/tail152083
2025-06-15 01:36:21.249 | INFO     | __main__:process_z3_file:293 - [Worker] 开始处理: /home/nju/Downloads/smt/gnu_angr.tar.gz/single_test/tail/tail151419
2025-06-15 01:36:21.249 | INFO     | __main__:process_z3_file:323 - [Worker] 处理异常: /home/nju/Downloads/smt/gnu_angr.tar.gz/single_test/tail/tail210468, 错误: [Errno 2] No such file or directory: '/home/nju/Downloads/smt/gnu_angr.tar.gz/single_test/tail/tail210468'
2025-06-15 01:36:21.249 | INFO     | __main__:process_z3_file:323 - [Worker] 处理异常: /home/nju/Downloads/smt/gnu_angr.tar.gz/single_test/tail/tail209195, 错误: [Errno 2] No such file or directory: '/home/nju/Downloads/smt/gnu_angr.tar.gz/single_test/tail/tail209195'
2025-06-15 01:36:21.249 | INFO     | __main__:process_z3_file:323 - [Worker] 处理异常: /home/nju/Downloads/smt/gnu_angr.tar.gz/single_test/tail/tail209626, 错误: [Errno 2] No such file or directory: '/home/nju/Downloads/smt/gnu_angr.tar.gz/single_test/tail/tail209626'
2025-06-15 01:36:21.249 | INFO     | __main__:process_z3_file:323 - [Worker] 处理异常: /home/nju/Downloads/smt/gnu_angr.tar.gz/single_test/tail/tail209178, 错误: [Errno 2] No such file or directory: '/home/nju/Downloads/smt/gnu_angr.tar.gz/single_test/tail/tail209178'
2025-06-15 01:36:21.249 | INFO     | __main__:process_z3_file:323 - [Worker] 处理异常: /home/nju/Downloads/smt/gnu_angr.tar.gz/single_test/tail/tail94436, 错误: [Errno 2] No such file or directory: '/home/nju/Downloads/smt/gnu_angr.tar.gz/single_test/tail/tail94436'
2025-06-15 01:36:21.249 | INFO     | __main__:process_z3_file:323 - [Worker] 处理异常: /home/nju/Downloads/smt/gnu_angr.tar.gz/single_test/tail/tail151419, 错误: [Errno 2] No such file or directory: '/home/nju/Downloads/smt/gnu_angr.tar.gz/single_test/tail/tail151419'
2025-06-15 01:36:21.249 | INFO     | __main__:process_z3_file:323 - [Worker] 处理异常: /home/nju/Downloads/smt/gnu_angr.tar.gz/single_test/tail/tail151522, 错误: [Errno 2] No such file or directory: '/home/nju/Downloads/smt/gnu_angr.tar.gz/single_test/tail/tail151522'
2025-06-15 01:36:21.249 | INFO     | __main__:process_z3_file:293 - [Worker] 开始处理: /home/nju/Downloads/smt/gnu_angr.tar.gz/single_test/tail/tail151175
2025-06-15 01:36:21.249 | INFO     | __main__:process_z3_file:293 - [Worker] 开始处理: /home/nju/Downloads/smt/gnu_angr.tar.gz/single_test/tail/tail175904
2025-06-15 01:36:21.249 | INFO     | __main__:process_z3_file:293 - [Worker] 开始处理: /home/nju/Downloads/smt/gnu_angr.tar.gz/single_test/tail/tail152462
2025-06-15 01:36:21.249 | INFO     | __main__:process_z3_file:293 - [Worker] 开始处理: /home/nju/Downloads/smt/gnu_angr.tar.gz/single_test/tail/tail209646
2025-06-15 01:36:21.249 | INFO     | __main__:process_z3_file:323 - [Worker] 处理异常: /home/nju/Downloads/smt/gnu_angr.tar.gz/single_test/tail/tail152083, 错误: [Errno 2] No such file or directory: '/home/nju/Downloads/smt/gnu_angr.tar.gz/single_test/tail/tail152083'
2025-06-15 01:36:21.249 | INFO     | __main__:process_z3_file:293 - [Worker] 开始处理: /home/nju/Downloads/smt/gnu_angr.tar.gz/single_test/tail/tail199329
2025-06-15 01:36:21.249 | INFO     | __main__:process_z3_file:323 - [Worker] 处理异常: /home/nju/Downloads/smt/gnu_angr.tar.gz/single_test/tail/tail151175, 错误: [Errno 2] No such file or directory: '/home/nju/Downloads/smt/gnu_angr.tar.gz/single_test/tail/tail151175'
2025-06-15 01:36:21.249 | INFO     | __main__:process_z3_file:323 - [Worker] 处理异常: /home/nju/Downloads/smt/gnu_angr.tar.gz/single_test/tail/tail175904, 错误: [Errno 2] No such file or directory: '/home/nju/Downloads/smt/gnu_angr.tar.gz/single_test/tail/tail175904'
2025-06-15 01:36:21.249 | INFO     | __main__:process_z3_file:323 - [Worker] 处理异常: /home/nju/Downloads/smt/gnu_angr.tar.gz/single_test/tail/tail152462, 错误: [Errno 2] No such file or directory: '/home/nju/Downloads/smt/gnu_angr.tar.gz/single_test/tail/tail152462'
2025-06-15 01:36:21.249 | INFO     | __main__:process_z3_file:323 - [Worker] 处理异常: /home/nju/Downloads/smt/gnu_angr.tar.gz/single_test/tail/tail209646, 错误: [Errno 2] No such file or directory: '/home/nju/Downloads/smt/gnu_angr.tar.gz/single_test/tail/tail209646'
2025-06-15 01:36:21.249 | INFO     | __main__:process_z3_file:323 - [Worker] 处理异常: /home/nju/Downloads/smt/gnu_angr.tar.gz/single_test/tail/tail199329, 错误: [Errno 2] No such file or directory: '/home/nju/Downloads/smt/gnu_angr.tar.gz/single_test/tail/tail199329'
2025-06-15 01:36:21.249 | INFO     | __main__:process_z3_file:293 - [Worker] 开始处理: /home/nju/Downloads/smt/gnu_angr.tar.gz/single_test/tail/tail186577
2025-06-15 01:36:21.249 | INFO     | __main__:process_z3_file:293 - [Worker] 开始处理: /home/nju/Downloads/smt/gnu_angr.tar.gz/single_test/chcon/chcon89081
2025-06-15 01:36:21.249 | INFO     | __main__:process_z3_file:293 - [Worker] 开始处理: /home/nju/Downloads/smt/gnu_angr.tar.gz/single_test/chcon/chcon79141
2025-06-15 01:36:21.249 | INFO     | __main__:process_z3_file:293 - [Worker] 开始处理: /home/nju/Downloads/smt/gnu_angr.tar.gz/single_test/chcon/chcon70761
2025-06-15 01:36:21.249 | INFO     | __main__:process_z3_file:293 - [Worker] 开始处理: /home/nju/Downloads/smt/gnu_angr.tar.gz/single_test/dirname/dirname22015
2025-06-15 01:36:21.249 | INFO     | __main__:process_z3_file:293 - [Worker] 开始处理: /home/nju/Downloads/smt/gnu_angr.tar.gz/single_test/dirname/dirname26493
2025-06-15 01:36:21.249 | INFO     | __main__:process_z3_file:323 - [Worker] 处理异常: /home/nju/Downloads/smt/gnu_angr.tar.gz/single_test/chcon/chcon79141, 错误: [Errno 2] No such file or directory: '/home/nju/Downloads/smt/gnu_angr.tar.gz/single_test/chcon/chcon79141'
2025-06-15 01:36:21.249 | INFO     | __main__:process_z3_file:323 - [Worker] 处理异常: /home/nju/Downloads/smt/gnu_angr.tar.gz/single_test/chcon/chcon89081, 错误: [Errno 2] No such file or directory: '/home/nju/Downloads/smt/gnu_angr.tar.gz/single_test/chcon/chcon89081'
2025-06-15 01:36:21.249 | INFO     | __main__:process_z3_file:323 - [Worker] 处理异常: /home/nju/Downloads/smt/gnu_angr.tar.gz/single_test/dirname/dirname22015, 错误: [Errno 2] No such file or directory: '/home/nju/Downloads/smt/gnu_angr.tar.gz/single_test/dirname/dirname22015'
2025-06-15 01:36:21.249 | INFO     | __main__:process_z3_file:293 - [Worker] 开始处理: /home/nju/Downloads/smt/gnu_angr.tar.gz/single_test/dirname/dirname25303
2025-06-15 01:36:21.250 | INFO     | __main__:process_z3_file:323 - [Worker] 处理异常: /home/nju/Downloads/smt/gnu_angr.tar.gz/single_test/dirname/dirname26493, 错误: [Errno 2] No such file or directory: '/home/nju/Downloads/smt/gnu_angr.tar.gz/single_test/dirname/dirname26493'
2025-06-15 01:36:21.249 | INFO     | __main__:process_z3_file:323 - [Worker] 处理异常: /home/nju/Downloads/smt/gnu_angr.tar.gz/single_test/tail/tail186577, 错误: [Errno 2] No such file or directory: '/home/nju/Downloads/smt/gnu_angr.tar.gz/single_test/tail/tail186577'
2025-06-15 01:36:21.249 | INFO     | __main__:process_z3_file:323 - [Worker] 处理异常: /home/nju/Downloads/smt/gnu_angr.tar.gz/single_test/chcon/chcon70761, 错误: [Errno 2] No such file or directory: '/home/nju/Downloads/smt/gnu_angr.tar.gz/single_test/chcon/chcon70761'
2025-06-15 01:36:21.250 | INFO     | __main__:process_z3_file:323 - [Worker] 处理异常: /home/nju/Downloads/smt/gnu_angr.tar.gz/single_test/dirname/dirname25303, 错误: [Errno 2] No such file or directory: '/home/nju/Downloads/smt/gnu_angr.tar.gz/single_test/dirname/dirname25303'
2025-06-15 01:36:21.250 | INFO     | __main__:get_Z3_result:356 - 主进程收集结果: /home/nju/Downloads/smt/buzybox_angr.tar.gz/single_test/readahead/readahead647013, 状态: error
2025-06-15 01:36:21.250 | INFO     | __main__:get_Z3_result:356 - 主进程收集结果: /home/nju/Downloads/smt/buzybox_angr.tar.gz/single_test/mkfs.ext/mkfs.ext21453754, 状态: error
2025-06-15 01:36:21.250 | INFO     | __main__:get_Z3_result:356 - 主进程收集结果: /home/nju/Downloads/smt/buzybox_angr.tar.gz/single_test/mkfs.ext/mkfs.ext21453745, 状态: error
2025-06-15 01:36:21.250 | INFO     | __main__:get_Z3_result:356 - 主进程收集结果: /home/nju/Downloads/smt/buzybox_angr.tar.gz/single_test/fsync/fsync846198, 状态: error
2025-06-15 01:36:21.250 | INFO     | __main__:get_Z3_result:356 - 主进程收集结果: /home/nju/Downloads/smt/buzybox_angr.tar.gz/single_test/fsync/fsync846135, 状态: error
2025-06-15 01:36:21.250 | INFO     | __main__:get_Z3_result:356 - 主进程收集结果: /home/nju/Downloads/smt/buzybox_angr.tar.gz/single_test/mt/mt733326, 状态: error
2025-06-15 01:36:21.250 | INFO     | __main__:get_Z3_result:356 - 主进程收集结果: /home/nju/Downloads/smt/buzybox_angr.tar.gz/single_test/mt/mt733254, 状态: error
2025-06-15 01:36:21.250 | INFO     | __main__:get_Z3_result:356 - 主进程收集结果: /home/nju/Downloads/smt/buzybox_angr.tar.gz/single_test/readahead/readahead671140, 状态: error
2025-06-15 01:36:21.250 | INFO     | __main__:get_Z3_result:356 - 主进程收集结果: /home/nju/Downloads/smt/buzybox_angr.tar.gz/single_test/mkdir/mkdir1346991, 状态: error
2025-06-15 01:36:21.250 | INFO     | __main__:get_Z3_result:356 - 主进程收集结果: /home/nju/Downloads/smt/buzybox_angr.tar.gz/single_test/mkdir/mkdir1347063, 状态: error
2025-06-15 01:36:21.250 | INFO     | __main__:get_Z3_result:356 - 主进程收集结果: /home/nju/Downloads/smt/buzybox_angr.tar.gz/single_test/mkdir/mkdir1347000, 状态: error
2025-06-15 01:36:21.250 | INFO     | __main__:get_Z3_result:356 - 主进程收集结果: /home/nju/Downloads/smt/buzybox_angr.tar.gz/single_test/fgconsole/fgconsole999278, 状态: error
2025-06-15 01:36:21.250 | INFO     | __main__:get_Z3_result:356 - 主进程收集结果: /home/nju/Downloads/smt/buzybox_angr.tar.gz/single_test/mkfs.ext/mkfs.ext21453817, 状态: error
2025-06-15 01:36:21.250 | INFO     | __main__:get_Z3_result:356 - 主进程收集结果: /home/nju/Downloads/smt/buzybox_angr.tar.gz/single_test/fgconsole/fgconsole999341, 状态: error
2025-06-15 01:36:21.250 | INFO     | __main__:get_Z3_result:356 - 主进程收集结果: /home/nju/Downloads/smt/buzybox_angr.tar.gz/single_test/ifconfig/ifconfig872949, 状态: error
2025-06-15 01:36:21.250 | INFO     | __main__:get_Z3_result:356 - 主进程收集结果: /home/nju/Downloads/smt/buzybox_angr.tar.gz/single_test/ifconfig/ifconfig873019, 状态: error
2025-06-15 01:36:21.251 | INFO     | __main__:get_Z3_result:356 - 主进程收集结果: /home/nju/Downloads/smt/buzybox_angr.tar.gz/single_test/ifconfig/ifconfig872958, 状态: error
2025-06-15 01:36:21.251 | INFO     | __main__:get_Z3_result:356 - 主进程收集结果: /home/nju/Downloads/smt/buzybox_angr.tar.gz/single_test/rpm2cpio/rpm2cpio828886, 状态: error
2025-06-15 01:36:21.251 | INFO     | __main__:get_Z3_result:356 - 主进程收集结果: /home/nju/Downloads/smt/buzybox_angr.tar.gz/single_test/rpm2cpio/rpm2cpio828811, 状态: error
2025-06-15 01:36:21.251 | INFO     | __main__:get_Z3_result:356 - 主进程收集结果: /home/nju/Downloads/smt/buzybox_angr.tar.gz/single_test/setconsole/setconsole1166473, 状态: error
2025-06-15 01:36:21.251 | INFO     | __main__:get_Z3_result:356 - 主进程收集结果: /home/nju/Downloads/smt/buzybox_angr.tar.gz/single_test/setpriv/setpriv1407616, 状态: error
2025-06-15 01:36:21.251 | INFO     | __main__:get_Z3_result:356 - 主进程收集结果: /home/nju/Downloads/smt/buzybox_angr.tar.gz/single_test/mkfs.vfat/mkfs.vfat1323131, 状态: error
2025-06-15 01:36:21.251 | INFO     | __main__:get_Z3_result:356 - 主进程收集结果: /home/nju/Downloads/smt/buzybox_angr.tar.gz/single_test/setarch/setarch1109535, 状态: error
2025-06-15 01:36:21.251 | INFO     | __main__:get_Z3_result:356 - 主进程收集结果: /home/nju/Downloads/smt/buzybox_angr.tar.gz/single_test/ifconfig/ifconfig873021, 状态: error
2025-06-15 01:36:21.251 | INFO     | __main__:get_Z3_result:356 - 主进程收集结果: /home/nju/Downloads/smt/buzybox_angr.tar.gz/single_test/setarch/setarch1109607, 状态: error
2025-06-15 01:36:21.251 | INFO     | __main__:get_Z3_result:356 - 主进程收集结果: /home/nju/Downloads/smt/buzybox_angr.tar.gz/single_test/fstrim/fstrim1103139, 状态: error
2025-06-15 01:36:21.251 | INFO     | __main__:get_Z3_result:356 - 主进程收集结果: /home/nju/Downloads/smt/buzybox_angr.tar.gz/single_test/fstrim/fstrim1103136, 状态: error
2025-06-15 01:36:21.251 | INFO     | __main__:get_Z3_result:356 - 主进程收集结果: /home/nju/Downloads/smt/buzybox_angr.tar.gz/single_test/rpm2cpio/rpm2cpio828881, 状态: error
2025-06-15 01:36:21.251 | INFO     | __main__:get_Z3_result:356 - 主进程收集结果: /home/nju/Downloads/smt/buzybox_angr.tar.gz/single_test/fstrim/fstrim1103909, 状态: error
2025-06-15 01:36:21.251 | INFO     | __main__:get_Z3_result:356 - 主进程收集结果: /home/nju/Downloads/smt/gnu_angr.tar.gz/single_test/who/who255008, 状态: error
2025-06-15 01:36:21.251 | INFO     | __main__:get_Z3_result:356 - 主进程收集结果: /home/nju/Downloads/smt/gnu_angr.tar.gz/single_test/who/who254686, 状态: error
2025-06-15 01:36:21.251 | INFO     | __main__:get_Z3_result:356 - 主进程收集结果: /home/nju/Downloads/smt/gnu_angr.tar.gz/single_test/nice/nice39663, 状态: error
2025-06-15 01:36:21.251 | INFO     | __main__:get_Z3_result:356 - 主进程收集结果: /home/nju/Downloads/smt/gnu_angr.tar.gz/single_test/nice/nice37295, 状态: error
2025-06-15 01:36:21.251 | INFO     | __main__:get_Z3_result:356 - 主进程收集结果: /home/nju/Downloads/smt/gnu_angr.tar.gz/single_test/nice/nice32882, 状态: error
2025-06-15 01:36:21.251 | INFO     | __main__:get_Z3_result:356 - 主进程收集结果: /home/nju/Downloads/smt/gnu_angr.tar.gz/single_test/basename/basename19689, 状态: error
2025-06-15 01:36:21.251 | INFO     | __main__:get_Z3_result:356 - 主进程收集结果: /home/nju/Downloads/smt/gnu_angr.tar.gz/single_test/basename/basename22075, 状态: error
2025-06-15 01:36:21.251 | INFO     | __main__:get_Z3_result:356 - 主进程收集结果: /home/nju/Downloads/smt/gnu_angr.tar.gz/single_test/basename/basename19244, 状态: error
2025-06-15 01:36:21.251 | INFO     | __main__:get_Z3_result:356 - 主进程收集结果: /home/nju/Downloads/smt/gnu_angr.tar.gz/single_test/nice/nice39017, 状态: error
2025-06-15 01:36:21.252 | INFO     | __main__:get_Z3_result:356 - 主进程收集结果: /home/nju/Downloads/smt/gnu_angr.tar.gz/single_test/basename/basename19052, 状态: error
2025-06-15 01:36:21.252 | INFO     | __main__:get_Z3_result:356 - 主进程收集结果: /home/nju/Downloads/smt/gnu_angr.tar.gz/single_test/basename/basename21802, 状态: error
2025-06-15 01:36:21.252 | INFO     | __main__:get_Z3_result:356 - 主进程收集结果: /home/nju/Downloads/smt/gnu_angr.tar.gz/single_test/ginstall/ginstall308725, 状态: error
2025-06-15 01:36:21.252 | INFO     | __main__:get_Z3_result:356 - 主进程收集结果: /home/nju/Downloads/smt/gnu_angr.tar.gz/single_test/ginstall/ginstall308856, 状态: error
2025-06-15 01:36:21.252 | INFO     | __main__:get_Z3_result:356 - 主进程收集结果: /home/nju/Downloads/smt/gnu_angr.tar.gz/single_test/ginstall/ginstall309854, 状态: error
2025-06-15 01:36:21.252 | INFO     | __main__:get_Z3_result:356 - 主进程收集结果: /home/nju/Downloads/smt/gnu_angr.tar.gz/single_test/nice/nice38061, 状态: error
2025-06-15 01:36:21.252 | INFO     | __main__:get_Z3_result:356 - 主进程收集结果: /home/nju/Downloads/smt/gnu_angr.tar.gz/single_test/uptime/uptime55312, 状态: error
2025-06-15 01:36:21.252 | INFO     | __main__:get_Z3_result:356 - 主进程收集结果: /home/nju/Downloads/smt/gnu_angr.tar.gz/single_test/uptime/uptime56542, 状态: error
2025-06-15 01:36:21.252 | INFO     | __main__:get_Z3_result:356 - 主进程收集结果: /home/nju/Downloads/smt/gnu_angr.tar.gz/single_test/uname/uname48647, 状态: error
2025-06-15 01:36:21.252 | INFO     | __main__:get_Z3_result:356 - 主进程收集结果: /home/nju/Downloads/smt/gnu_angr.tar.gz/single_test/uname/uname48291, 状态: error
2025-06-15 01:36:21.252 | INFO     | __main__:get_Z3_result:356 - 主进程收集结果: /home/nju/Downloads/smt/gnu_angr.tar.gz/single_test/fold/fold230668, 状态: error
2025-06-15 01:36:21.252 | INFO     | __main__:get_Z3_result:356 - 主进程收集结果: /home/nju/Downloads/smt/gnu_angr.tar.gz/single_test/arch/arch25355, 状态: error
2025-06-15 01:36:21.252 | INFO     | __main__:get_Z3_result:356 - 主进程收集结果: /home/nju/Downloads/smt/gnu_angr.tar.gz/single_test/link/link36461, 状态: error
2025-06-15 01:36:21.252 | INFO     | __main__:get_Z3_result:356 - 主进程收集结果: /home/nju/Downloads/smt/gnu_angr.tar.gz/single_test/link/link37290, 状态: error
2025-06-15 01:36:21.252 | INFO     | __main__:get_Z3_result:356 - 主进程收集结果: /home/nju/Downloads/smt/gnu_angr.tar.gz/single_test/link/link35823, 状态: error
2025-06-15 01:36:21.252 | INFO     | __main__:get_Z3_result:356 - 主进程收集结果: /home/nju/Downloads/smt/gnu_angr.tar.gz/single_test/fold/fold153268, 状态: error
2025-06-15 01:36:21.252 | INFO     | __main__:get_Z3_result:356 - 主进程收集结果: /home/nju/Downloads/smt/gnu_angr.tar.gz/single_test/link/link29962, 状态: error
2025-06-15 01:36:21.252 | INFO     | __main__:get_Z3_result:356 - 主进程收集结果: /home/nju/Downloads/smt/gnu_angr.tar.gz/single_test/arch/arch24613, 状态: error
2025-06-15 01:36:21.252 | INFO     | __main__:get_Z3_result:356 - 主进程收集结果: /home/nju/Downloads/smt/gnu_angr.tar.gz/single_test/tsort/tsort29116, 状态: error
2025-06-15 01:36:21.252 | INFO     | __main__:get_Z3_result:356 - 主进程收集结果: /home/nju/Downloads/smt/gnu_angr.tar.gz/single_test/tsort/tsort25085, 状态: error
2025-06-15 01:36:21.252 | INFO     | __main__:get_Z3_result:356 - 主进程收集结果: /home/nju/Downloads/smt/gnu_angr.tar.gz/single_test/tsort/tsort24598, 状态: error
2025-06-15 01:36:21.252 | INFO     | __main__:get_Z3_result:356 - 主进程收集结果: /home/nju/Downloads/smt/gnu_angr.tar.gz/single_test/tr/tr150754, 状态: error
2025-06-15 01:36:21.252 | INFO     | __main__:get_Z3_result:356 - 主进程收集结果: /home/nju/Downloads/smt/gnu_angr.tar.gz/single_test/tr/tr136713, 状态: error
2025-06-15 01:36:21.252 | INFO     | __main__:get_Z3_result:356 - 主进程收集结果: /home/nju/Downloads/smt/gnu_angr.tar.gz/single_test/tr/tr112801, 状态: error
2025-06-15 01:36:21.252 | INFO     | __main__:get_Z3_result:356 - 主进程收集结果: /home/nju/Downloads/smt/gnu_angr.tar.gz/single_test/seq/seq128942, 状态: error
2025-06-15 01:36:21.252 | INFO     | __main__:get_Z3_result:356 - 主进程收集结果: /home/nju/Downloads/smt/gnu_angr.tar.gz/single_test/seq/seq147493, 状态: error
2025-06-15 01:36:21.252 | INFO     | __main__:get_Z3_result:356 - 主进程收集结果: /home/nju/Downloads/smt/gnu_angr.tar.gz/single_test/seq/seq135098, 状态: error
2025-06-15 01:36:21.253 | INFO     | __main__:get_Z3_result:356 - 主进程收集结果: /home/nju/Downloads/smt/gnu_angr.tar.gz/single_test/seq/seq133661, 状态: error
2025-06-15 01:36:21.253 | INFO     | __main__:get_Z3_result:356 - 主进程收集结果: /home/nju/Downloads/smt/gnu_angr.tar.gz/single_test/tr/tr148311, 状态: error
2025-06-15 01:36:21.253 | INFO     | __main__:get_Z3_result:356 - 主进程收集结果: /home/nju/Downloads/smt/gnu_angr.tar.gz/single_test/seq/seq123971, 状态: error
2025-06-15 01:36:21.253 | INFO     | __main__:get_Z3_result:356 - 主进程收集结果: /home/nju/Downloads/smt/gnu_angr.tar.gz/single_test/tr/tr124688, 状态: error
2025-06-15 01:36:21.253 | INFO     | __main__:get_Z3_result:356 - 主进程收集结果: /home/nju/Downloads/smt/gnu_angr.tar.gz/single_test/seq/seq143569, 状态: error
2025-06-15 01:36:21.253 | INFO     | __main__:get_Z3_result:356 - 主进程收集结果: /home/nju/Downloads/smt/gnu_angr.tar.gz/single_test/seq/seq123936, 状态: error
2025-06-15 01:36:21.253 | INFO     | __main__:get_Z3_result:356 - 主进程收集结果: /home/nju/Downloads/smt/gnu_angr.tar.gz/single_test/seq/seq97941, 状态: error
2025-06-15 01:36:21.253 | INFO     | __main__:get_Z3_result:356 - 主进程收集结果: /home/nju/Downloads/smt/gnu_angr.tar.gz/single_test/seq/seq140263, 状态: error
2025-06-15 01:36:21.253 | INFO     | __main__:get_Z3_result:356 - 主进程收集结果: /home/nju/Downloads/smt/gnu_angr.tar.gz/single_test/seq/seq123917, 状态: error
2025-06-15 01:36:21.253 | INFO     | __main__:get_Z3_result:356 - 主进程收集结果: /home/nju/Downloads/smt/gnu_angr.tar.gz/single_test/seq/seq123962, 状态: error
2025-06-15 01:36:21.253 | INFO     | __main__:get_Z3_result:356 - 主进程收集结果: /home/nju/Downloads/smt/gnu_angr.tar.gz/single_test/seq/seq140289, 状态: error
2025-06-15 01:36:21.253 | INFO     | __main__:get_Z3_result:356 - 主进程收集结果: /home/nju/Downloads/smt/gnu_angr.tar.gz/single_test/seq/seq128910, 状态: error
2025-06-15 01:36:21.253 | INFO     | __main__:get_Z3_result:356 - 主进程收集结果: /home/nju/Downloads/smt/gnu_angr.tar.gz/single_test/tsort/tsort29595, 状态: error
2025-06-15 01:36:21.253 | INFO     | __main__:get_Z3_result:356 - 主进程收集结果: /home/nju/Downloads/smt/gnu_angr.tar.gz/single_test/seq/seq119532, 状态: error
2025-06-15 01:36:21.253 | INFO     | __main__:get_Z3_result:356 - 主进程收集结果: /home/nju/Downloads/smt/gnu_angr.tar.gz/single_test/seq/seq112594, 状态: error
2025-06-15 01:36:21.253 | INFO     | __main__:get_Z3_result:356 - 主进程收集结果: /home/nju/Downloads/smt/gnu_angr.tar.gz/single_test/seq/seq147523, 状态: error
2025-06-15 01:36:21.253 | INFO     | __main__:get_Z3_result:356 - 主进程收集结果: /home/nju/Downloads/smt/gnu_angr.tar.gz/single_test/seq/seq123968, 状态: error
2025-06-15 01:36:21.253 | INFO     | __main__:get_Z3_result:356 - 主进程收集结果: /home/nju/Downloads/smt/gnu_angr.tar.gz/single_test/seq/seq128939, 状态: error
2025-06-15 01:36:21.253 | INFO     | __main__:get_Z3_result:356 - 主进程收集结果: /home/nju/Downloads/smt/gnu_angr.tar.gz/single_test/seq/seq154526, 状态: error
2025-06-15 01:36:21.253 | INFO     | __main__:get_Z3_result:356 - 主进程收集结果: /home/nju/Downloads/smt/gnu_angr.tar.gz/single_test/seq/seq143577, 状态: error
2025-06-15 01:36:21.253 | INFO     | __main__:get_Z3_result:356 - 主进程收集结果: /home/nju/Downloads/smt/gnu_angr.tar.gz/single_test/seq/seq143566, 状态: error
2025-06-15 01:36:21.253 | INFO     | __main__:get_Z3_result:356 - 主进程收集结果: /home/nju/Downloads/smt/gnu_angr.tar.gz/single_test/seq/seq123945, 状态: error
2025-06-15 01:36:21.253 | INFO     | __main__:get_Z3_result:356 - 主进程收集结果: /home/nju/Downloads/smt/gnu_angr.tar.gz/single_test/seq/seq95270, 状态: error
2025-06-15 01:36:21.253 | INFO     | __main__:get_Z3_result:356 - 主进程收集结果: /home/nju/Downloads/smt/gnu_angr.tar.gz/single_test/seq/seq57231, 状态: error
2025-06-15 01:36:21.253 | INFO     | __main__:get_Z3_result:356 - 主进程收集结果: /home/nju/Downloads/smt/gnu_angr.tar.gz/single_test/seq/seq92701, 状态: error
2025-06-15 01:36:21.253 | INFO     | __main__:get_Z3_result:356 - 主进程收集结果: /home/nju/Downloads/smt/gnu_angr.tar.gz/single_test/seq/seq135101, 状态: error
2025-06-15 01:36:21.253 | INFO     | __main__:get_Z3_result:356 - 主进程收集结果: /home/nju/Downloads/smt/gnu_angr.tar.gz/single_test/seq/seq123953, 状态: error
2025-06-15 01:36:21.254 | INFO     | __main__:get_Z3_result:356 - 主进程收集结果: /home/nju/Downloads/smt/gnu_angr.tar.gz/single_test/seq/seq147517, 状态: error
2025-06-15 01:36:21.254 | INFO     | __main__:get_Z3_result:356 - 主进程收集结果: /home/nju/Downloads/smt/gnu_angr.tar.gz/single_test/seq/seq147509, 状态: error
2025-06-15 01:36:21.254 | INFO     | __main__:get_Z3_result:356 - 主进程收集结果: /home/nju/Downloads/smt/gnu_angr.tar.gz/single_test/seq/seq147512, 状态: error
2025-06-15 01:36:21.254 | INFO     | __main__:get_Z3_result:356 - 主进程收集结果: /home/nju/Downloads/smt/gnu_angr.tar.gz/single_test/seq/seq95766, 状态: error
2025-06-15 01:36:21.254 | INFO     | __main__:get_Z3_result:356 - 主进程收集结果: /home/nju/Downloads/smt/gnu_angr.tar.gz/single_test/seq/seq152932, 状态: error
2025-06-15 01:36:21.254 | INFO     | __main__:get_Z3_result:356 - 主进程收集结果: /home/nju/Downloads/smt/gnu_angr.tar.gz/single_test/seq/seq143576, 状态: error
2025-06-15 01:36:21.254 | INFO     | __main__:get_Z3_result:356 - 主进程收集结果: /home/nju/Downloads/smt/gnu_angr.tar.gz/single_test/seq/seq140243, 状态: error
2025-06-15 01:36:21.254 | INFO     | __main__:get_Z3_result:356 - 主进程收集结果: /home/nju/Downloads/smt/gnu_angr.tar.gz/single_test/seq/seq91027, 状态: error
2025-06-15 01:36:21.254 | INFO     | __main__:get_Z3_result:356 - 主进程收集结果: /home/nju/Downloads/smt/gnu_angr.tar.gz/single_test/seq/seq147510, 状态: error
2025-06-15 01:36:21.254 | INFO     | __main__:get_Z3_result:356 - 主进程收集结果: /home/nju/Downloads/smt/gnu_angr.tar.gz/single_test/seq/seq147486, 状态: error
2025-06-15 01:36:21.254 | INFO     | __main__:get_Z3_result:356 - 主进程收集结果: /home/nju/Downloads/smt/gnu_angr.tar.gz/single_test/seq/seq147536, 状态: error
2025-06-15 01:36:21.254 | INFO     | __main__:get_Z3_result:356 - 主进程收集结果: /home/nju/Downloads/smt/gnu_angr.tar.gz/single_test/seq/seq97947, 状态: error
2025-06-15 01:36:21.254 | INFO     | __main__:get_Z3_result:356 - 主进程收集结果: /home/nju/Downloads/smt/gnu_angr.tar.gz/single_test/seq/seq143550, 状态: error
2025-06-15 01:36:21.254 | INFO     | __main__:get_Z3_result:356 - 主进程收集结果: /home/nju/Downloads/smt/gnu_angr.tar.gz/single_test/seq/seq133612, 状态: error
2025-06-15 01:36:21.254 | INFO     | __main__:get_Z3_result:356 - 主进程收集结果: /home/nju/Downloads/smt/gnu_angr.tar.gz/single_test/seq/seq133613, 状态: error
2025-06-15 01:36:21.254 | INFO     | __main__:get_Z3_result:356 - 主进程收集结果: /home/nju/Downloads/smt/gnu_angr.tar.gz/single_test/seq/seq133615, 状态: error
2025-06-15 01:36:21.254 | INFO     | __main__:get_Z3_result:356 - 主进程收集结果: /home/nju/Downloads/smt/gnu_angr.tar.gz/single_test/seq/seq147515, 状态: error
2025-06-15 01:36:21.254 | INFO     | __main__:get_Z3_result:356 - 主进程收集结果: /home/nju/Downloads/smt/gnu_angr.tar.gz/single_test/seq/seq78796, 状态: error
2025-06-15 01:36:21.254 | INFO     | __main__:get_Z3_result:356 - 主进程收集结果: /home/nju/Downloads/smt/gnu_angr.tar.gz/single_test/seq/seq143578, 状态: error
2025-06-15 01:36:21.254 | INFO     | __main__:get_Z3_result:356 - 主进程收集结果: /home/nju/Downloads/smt/gnu_angr.tar.gz/single_test/seq/seq70322, 状态: error
2025-06-15 01:36:21.254 | INFO     | __main__:get_Z3_result:356 - 主进程收集结果: /home/nju/Downloads/smt/gnu_angr.tar.gz/single_test/seq/seq123963, 状态: error
2025-06-15 01:36:21.254 | INFO     | __main__:get_Z3_result:356 - 主进程收集结果: /home/nju/Downloads/smt/gnu_angr.tar.gz/single_test/seq/seq140287, 状态: error
2025-06-15 01:36:21.254 | INFO     | __main__:get_Z3_result:356 - 主进程收集结果: /home/nju/Downloads/smt/gnu_angr.tar.gz/single_test/seq/seq140290, 状态: error
2025-06-15 01:36:21.254 | INFO     | __main__:get_Z3_result:356 - 主进程收集结果: /home/nju/Downloads/smt/gnu_angr.tar.gz/single_test/seq/seq152931, 状态: error
2025-06-15 01:36:21.254 | INFO     | __main__:get_Z3_result:356 - 主进程收集结果: /home/nju/Downloads/smt/gnu_angr.tar.gz/single_test/seq/seq110808, 状态: error
2025-06-15 01:36:21.254 | INFO     | __main__:get_Z3_result:356 - 主进程收集结果: /home/nju/Downloads/smt/gnu_angr.tar.gz/single_test/seq/seq108159, 状态: error
2025-06-15 01:36:21.254 | INFO     | __main__:get_Z3_result:356 - 主进程收集结果: /home/nju/Downloads/smt/gnu_angr.tar.gz/single_test/seq/seq76557, 状态: error
2025-06-15 01:36:21.254 | INFO     | __main__:get_Z3_result:356 - 主进程收集结果: /home/nju/Downloads/smt/gnu_angr.tar.gz/single_test/seq/seq79911, 状态: error
2025-06-15 01:36:21.255 | INFO     | __main__:get_Z3_result:356 - 主进程收集结果: /home/nju/Downloads/smt/gnu_angr.tar.gz/single_test/seq/seq147531, 状态: error
2025-06-15 01:36:21.255 | INFO     | __main__:get_Z3_result:356 - 主进程收集结果: /home/nju/Downloads/smt/gnu_angr.tar.gz/single_test/seq/seq133619, 状态: error
2025-06-15 01:36:21.255 | INFO     | __main__:get_Z3_result:356 - 主进程收集结果: /home/nju/Downloads/smt/gnu_angr.tar.gz/single_test/seq/seq133646, 状态: error
2025-06-15 01:36:21.255 | INFO     | __main__:get_Z3_result:356 - 主进程收集结果: /home/nju/Downloads/smt/gnu_angr.tar.gz/single_test/seq/seq128897, 状态: error
2025-06-15 01:36:21.255 | INFO     | __main__:get_Z3_result:356 - 主进程收集结果: /home/nju/Downloads/smt/gnu_angr.tar.gz/single_test/seq/seq83563, 状态: error
2025-06-15 01:36:21.255 | INFO     | __main__:get_Z3_result:356 - 主进程收集结果: /home/nju/Downloads/smt/gnu_angr.tar.gz/single_test/seq/seq147528, 状态: error
2025-06-15 01:36:21.255 | INFO     | __main__:get_Z3_result:356 - 主进程收集结果: /home/nju/Downloads/smt/gnu_angr.tar.gz/single_test/seq/seq133656, 状态: error
2025-06-15 01:36:21.255 | INFO     | __main__:get_Z3_result:356 - 主进程收集结果: /home/nju/Downloads/smt/gnu_angr.tar.gz/single_test/seq/seq97946, 状态: error
2025-06-15 01:36:21.255 | INFO     | __main__:get_Z3_result:356 - 主进程收集结果: /home/nju/Downloads/smt/gnu_angr.tar.gz/single_test/seq/seq143568, 状态: error
2025-06-15 01:36:21.255 | INFO     | __main__:get_Z3_result:356 - 主进程收集结果: /home/nju/Downloads/smt/gnu_angr.tar.gz/single_test/seq/seq89619, 状态: error
2025-06-15 01:36:21.255 | INFO     | __main__:get_Z3_result:356 - 主进程收集结果: /home/nju/Downloads/smt/gnu_angr.tar.gz/single_test/seq/seq119553, 状态: error
2025-06-15 01:36:21.255 | INFO     | __main__:get_Z3_result:356 - 主进程收集结果: /home/nju/Downloads/smt/gnu_angr.tar.gz/single_test/seq/seq141765, 状态: error
2025-06-15 01:36:21.255 | INFO     | __main__:get_Z3_result:356 - 主进程收集结果: /home/nju/Downloads/smt/gnu_angr.tar.gz/single_test/seq/seq108160, 状态: error
2025-06-15 01:36:21.255 | INFO     | __main__:get_Z3_result:356 - 主进程收集结果: /home/nju/Downloads/smt/gnu_angr.tar.gz/single_test/seq/seq133719, 状态: error
2025-06-15 01:36:21.255 | INFO     | __main__:get_Z3_result:356 - 主进程收集结果: /home/nju/Downloads/smt/gnu_angr.tar.gz/single_test/seq/seq84743, 状态: error
2025-06-15 01:36:21.255 | INFO     | __main__:get_Z3_result:356 - 主进程收集结果: /home/nju/Downloads/smt/gnu_angr.tar.gz/single_test/seq/seq143585, 状态: error
2025-06-15 01:36:21.255 | INFO     | __main__:get_Z3_result:356 - 主进程收集结果: /home/nju/Downloads/smt/gnu_angr.tar.gz/single_test/seq/seq133629, 状态: error
2025-06-15 01:36:21.255 | INFO     | __main__:get_Z3_result:356 - 主进程收集结果: /home/nju/Downloads/smt/gnu_angr.tar.gz/single_test/seq/seq133659, 状态: error
2025-06-15 01:36:21.255 | INFO     | __main__:get_Z3_result:356 - 主进程收集结果: /home/nju/Downloads/smt/gnu_angr.tar.gz/single_test/seq/seq121176, 状态: error
2025-06-15 01:36:21.255 | INFO     | __main__:get_Z3_result:356 - 主进程收集结果: /home/nju/Downloads/smt/gnu_angr.tar.gz/single_test/seq/seq123955, 状态: error
2025-06-15 01:36:21.255 | INFO     | __main__:get_Z3_result:356 - 主进程收集结果: /home/nju/Downloads/smt/gnu_angr.tar.gz/single_test/seq/seq116464, 状态: error
2025-06-15 01:36:21.255 | INFO     | __main__:get_Z3_result:356 - 主进程收集结果: /home/nju/Downloads/smt/gnu_angr.tar.gz/single_test/seq/seq147511, 状态: error
2025-06-15 01:36:21.255 | INFO     | __main__:get_Z3_result:356 - 主进程收集结果: /home/nju/Downloads/smt/gnu_angr.tar.gz/single_test/seq/seq143541, 状态: error
2025-06-15 01:36:21.255 | INFO     | __main__:get_Z3_result:356 - 主进程收集结果: /home/nju/Downloads/smt/gnu_angr.tar.gz/single_test/seq/seq51873, 状态: error
2025-06-15 01:36:21.255 | INFO     | __main__:get_Z3_result:356 - 主进程收集结果: /home/nju/Downloads/smt/gnu_angr.tar.gz/single_test/seq/seq140537, 状态: error
2025-06-15 01:36:21.255 | INFO     | __main__:get_Z3_result:356 - 主进程收集结果: /home/nju/Downloads/smt/gnu_angr.tar.gz/single_test/seq/seq116468, 状态: error
2025-06-15 01:36:21.255 | INFO     | __main__:get_Z3_result:356 - 主进程收集结果: /home/nju/Downloads/smt/gnu_angr.tar.gz/single_test/seq/seq141711, 状态: error
2025-06-15 01:36:21.255 | INFO     | __main__:get_Z3_result:356 - 主进程收集结果: /home/nju/Downloads/smt/gnu_angr.tar.gz/single_test/seq/seq119554, 状态: error
2025-06-15 01:36:21.256 | INFO     | __main__:get_Z3_result:356 - 主进程收集结果: /home/nju/Downloads/smt/gnu_angr.tar.gz/single_test/seq/seq123923, 状态: error
2025-06-15 01:36:21.256 | INFO     | __main__:get_Z3_result:356 - 主进程收集结果: /home/nju/Downloads/smt/gnu_angr.tar.gz/single_test/seq/seq117719, 状态: error
2025-06-15 01:36:21.256 | INFO     | __main__:get_Z3_result:356 - 主进程收集结果: /home/nju/Downloads/smt/gnu_angr.tar.gz/single_test/seq/seq133663, 状态: error
2025-06-15 01:36:21.256 | INFO     | __main__:get_Z3_result:356 - 主进程收集结果: /home/nju/Downloads/smt/gnu_angr.tar.gz/single_test/seq/seq128944, 状态: error
2025-06-15 01:36:21.256 | INFO     | __main__:get_Z3_result:356 - 主进程收集结果: /home/nju/Downloads/smt/gnu_angr.tar.gz/single_test/seq/seq141710, 状态: error
2025-06-15 01:36:21.256 | INFO     | __main__:get_Z3_result:356 - 主进程收集结果: /home/nju/Downloads/smt/gnu_angr.tar.gz/single_test/seq/seq133660, 状态: error
2025-06-15 01:36:21.256 | INFO     | __main__:get_Z3_result:356 - 主进程收集结果: /home/nju/Downloads/smt/gnu_angr.tar.gz/single_test/seq/seq128938, 状态: error
2025-06-15 01:36:21.256 | INFO     | __main__:get_Z3_result:356 - 主进程收集结果: /home/nju/Downloads/smt/gnu_angr.tar.gz/single_test/seq/seq124024, 状态: error
2025-06-15 01:36:21.256 | INFO     | __main__:get_Z3_result:356 - 主进程收集结果: /home/nju/Downloads/smt/gnu_angr.tar.gz/single_test/seq/seq155511, 状态: error
2025-06-15 01:36:21.256 | INFO     | __main__:get_Z3_result:356 - 主进程收集结果: /home/nju/Downloads/smt/gnu_angr.tar.gz/single_test/seq/seq147589, 状态: error
2025-06-15 01:36:21.256 | INFO     | __main__:get_Z3_result:356 - 主进程收集结果: /home/nju/Downloads/smt/gnu_angr.tar.gz/single_test/seq/seq83564, 状态: error
2025-06-15 01:36:21.256 | INFO     | __main__:get_Z3_result:356 - 主进程收集结果: /home/nju/Downloads/smt/gnu_angr.tar.gz/single_test/seq/seq128896, 状态: error
2025-06-15 01:36:21.256 | INFO     | __main__:get_Z3_result:356 - 主进程收集结果: /home/nju/Downloads/smt/gnu_angr.tar.gz/single_test/mktemp/mktemp72695, 状态: error
2025-06-15 01:36:21.256 | INFO     | __main__:get_Z3_result:356 - 主进程收集结果: /home/nju/Downloads/smt/gnu_angr.tar.gz/single_test/expr/expr217198, 状态: error
2025-06-15 01:36:21.256 | INFO     | __main__:get_Z3_result:356 - 主进程收集结果: /home/nju/Downloads/smt/gnu_angr.tar.gz/single_test/expr/expr278325, 状态: error
2025-06-15 01:36:21.256 | INFO     | __main__:get_Z3_result:356 - 主进程收集结果: /home/nju/Downloads/smt/gnu_angr.tar.gz/single_test/expr/expr228934, 状态: error
2025-06-15 01:36:21.256 | INFO     | __main__:get_Z3_result:356 - 主进程收集结果: /home/nju/Downloads/smt/gnu_angr.tar.gz/single_test/expr/expr277232, 状态: error
2025-06-15 01:36:21.256 | INFO     | __main__:get_Z3_result:356 - 主进程收集结果: /home/nju/Downloads/smt/gnu_angr.tar.gz/single_test/seq/seq147500, 状态: error
2025-06-15 01:36:21.256 | INFO     | __main__:get_Z3_result:356 - 主进程收集结果: /home/nju/Downloads/smt/gnu_angr.tar.gz/single_test/seq/seq79291, 状态: error
2025-06-15 01:36:21.256 | INFO     | __main__:get_Z3_result:356 - 主进程收集结果: /home/nju/Downloads/smt/gnu_angr.tar.gz/single_test/expr/expr270722, 状态: error
2025-06-15 01:36:21.256 | INFO     | __main__:get_Z3_result:356 - 主进程收集结果: /home/nju/Downloads/smt/gnu_angr.tar.gz/single_test/expand/expand439103, 状态: error
2025-06-15 01:36:21.256 | INFO     | __main__:get_Z3_result:356 - 主进程收集结果: /home/nju/Downloads/smt/gnu_angr.tar.gz/single_test/mktemp/mktemp68729, 状态: error
2025-06-15 01:36:21.256 | INFO     | __main__:get_Z3_result:356 - 主进程收集结果: /home/nju/Downloads/smt/gnu_angr.tar.gz/single_test/expand/expand399276, 状态: error
2025-06-15 01:36:21.256 | INFO     | __main__:get_Z3_result:356 - 主进程收集结果: /home/nju/Downloads/smt/gnu_angr.tar.gz/single_test/expand/expand415535, 状态: error
2025-06-15 01:36:21.256 | INFO     | __main__:get_Z3_result:356 - 主进程收集结果: /home/nju/Downloads/smt/gnu_angr.tar.gz/single_test/expr/expr274909, 状态: error
2025-06-15 01:36:21.256 | INFO     | __main__:get_Z3_result:356 - 主进程收集结果: /home/nju/Downloads/smt/gnu_angr.tar.gz/single_test/expr/expr225589, 状态: error
2025-06-15 01:36:21.256 | INFO     | __main__:get_Z3_result:356 - 主进程收集结果: /home/nju/Downloads/smt/gnu_angr.tar.gz/single_test/expr/expr277231, 状态: error
2025-06-15 01:36:21.256 | INFO     | __main__:get_Z3_result:356 - 主进程收集结果: /home/nju/Downloads/smt/gnu_angr.tar.gz/single_test/expr/expr276430, 状态: error
2025-06-15 01:36:21.257 | INFO     | __main__:get_Z3_result:356 - 主进程收集结果: /home/nju/Downloads/smt/gnu_angr.tar.gz/single_test/expand/expand441451, 状态: error
2025-06-15 01:36:21.257 | INFO     | __main__:get_Z3_result:356 - 主进程收集结果: /home/nju/Downloads/smt/gnu_angr.tar.gz/single_test/expand/expand371319, 状态: error
2025-06-15 01:36:21.257 | INFO     | __main__:get_Z3_result:356 - 主进程收集结果: /home/nju/Downloads/smt/gnu_angr.tar.gz/single_test/expand/expand380025, 状态: error
2025-06-15 01:36:21.257 | INFO     | __main__:get_Z3_result:356 - 主进程收集结果: /home/nju/Downloads/smt/gnu_angr.tar.gz/single_test/mktemp/mktemp70107, 状态: error
2025-06-15 01:36:21.257 | INFO     | __main__:get_Z3_result:356 - 主进程收集结果: /home/nju/Downloads/smt/gnu_angr.tar.gz/single_test/expand/expand439104, 状态: error
2025-06-15 01:36:21.257 | INFO     | __main__:get_Z3_result:356 - 主进程收集结果: /home/nju/Downloads/smt/gnu_angr.tar.gz/single_test/expand/expand429872, 状态: error
2025-06-15 01:36:21.257 | INFO     | __main__:get_Z3_result:356 - 主进程收集结果: /home/nju/Downloads/smt/gnu_angr.tar.gz/single_test/expand/expand419008, 状态: error
2025-06-15 01:36:21.257 | INFO     | __main__:get_Z3_result:356 - 主进程收集结果: /home/nju/Downloads/smt/gnu_angr.tar.gz/single_test/expand/expand429238, 状态: error
2025-06-15 01:36:21.257 | INFO     | __main__:get_Z3_result:356 - 主进程收集结果: /home/nju/Downloads/smt/gnu_angr.tar.gz/single_test/expand/expand421225, 状态: error
2025-06-15 01:36:21.257 | INFO     | __main__:get_Z3_result:356 - 主进程收集结果: /home/nju/Downloads/smt/gnu_angr.tar.gz/single_test/expand/expand383024, 状态: error
2025-06-15 01:36:21.257 | INFO     | __main__:get_Z3_result:356 - 主进程收集结果: /home/nju/Downloads/smt/gnu_angr.tar.gz/single_test/expand/expand416939, 状态: error
2025-06-15 01:36:21.257 | INFO     | __main__:get_Z3_result:356 - 主进程收集结果: /home/nju/Downloads/smt/gnu_angr.tar.gz/single_test/expand/expand437661, 状态: error
2025-06-15 01:36:21.257 | INFO     | __main__:get_Z3_result:356 - 主进程收集结果: /home/nju/Downloads/smt/gnu_angr.tar.gz/single_test/expand/expand442352, 状态: error
2025-06-15 01:36:21.257 | INFO     | __main__:get_Z3_result:356 - 主进程收集结果: /home/nju/Downloads/smt/gnu_angr.tar.gz/single_test/expand/expand385895, 状态: error
2025-06-15 01:36:21.257 | INFO     | __main__:get_Z3_result:356 - 主进程收集结果: /home/nju/Downloads/smt/gnu_angr.tar.gz/single_test/expand/expand386513, 状态: error
2025-06-15 01:36:21.257 | INFO     | __main__:get_Z3_result:356 - 主进程收集结果: /home/nju/Downloads/smt/gnu_angr.tar.gz/single_test/expand/expand436124, 状态: error
2025-06-15 01:36:21.257 | INFO     | __main__:get_Z3_result:356 - 主进程收集结果: /home/nju/Downloads/smt/gnu_angr.tar.gz/single_test/expand/expand435353, 状态: error
2025-06-15 01:36:21.257 | INFO     | __main__:get_Z3_result:356 - 主进程收集结果: /home/nju/Downloads/smt/gnu_angr.tar.gz/single_test/expand/expand409464, 状态: error
2025-06-15 01:36:21.257 | INFO     | __main__:get_Z3_result:356 - 主进程收集结果: /home/nju/Downloads/smt/gnu_angr.tar.gz/single_test/expand/expand430773, 状态: error
2025-06-15 01:36:21.257 | INFO     | __main__:get_Z3_result:356 - 主进程收集结果: /home/nju/Downloads/smt/gnu_angr.tar.gz/single_test/expand/expand416308, 状态: error
2025-06-15 01:36:21.257 | INFO     | __main__:get_Z3_result:356 - 主进程收集结果: /home/nju/Downloads/smt/gnu_angr.tar.gz/single_test/sha1sum/sha1sum66955, 状态: error
2025-06-15 01:36:21.257 | INFO     | __main__:get_Z3_result:356 - 主进程收集结果: /home/nju/Downloads/smt/gnu_angr.tar.gz/single_test/expand/expand419771, 状态: error
2025-06-15 01:36:21.257 | INFO     | __main__:get_Z3_result:356 - 主进程收集结果: /home/nju/Downloads/smt/gnu_angr.tar.gz/single_test/expand/expand406344, 状态: error
2025-06-15 01:36:21.257 | INFO     | __main__:get_Z3_result:356 - 主进程收集结果: /home/nju/Downloads/smt/gnu_angr.tar.gz/single_test/expand/expand444516, 状态: error
2025-06-15 01:36:21.257 | INFO     | __main__:get_Z3_result:356 - 主进程收集结果: /home/nju/Downloads/smt/gnu_angr.tar.gz/single_test/sha1sum/sha1sum80545, 状态: error
2025-06-15 01:36:21.257 | INFO     | __main__:get_Z3_result:356 - 主进程收集结果: /home/nju/Downloads/smt/gnu_angr.tar.gz/single_test/sha1sum/sha1sum81343, 状态: error
2025-06-15 01:36:21.257 | INFO     | __main__:get_Z3_result:356 - 主进程收集结果: /home/nju/Downloads/smt/gnu_angr.tar.gz/single_test/sha1sum/sha1sum91090, 状态: error
2025-06-15 01:36:21.257 | INFO     | __main__:get_Z3_result:356 - 主进程收集结果: /home/nju/Downloads/smt/gnu_angr.tar.gz/single_test/sha1sum/sha1sum79318, 状态: error
2025-06-15 01:36:21.258 | INFO     | __main__:get_Z3_result:356 - 主进程收集结果: /home/nju/Downloads/smt/gnu_angr.tar.gz/single_test/sha1sum/sha1sum73320, 状态: error
2025-06-15 01:36:21.258 | INFO     | __main__:get_Z3_result:356 - 主进程收集结果: /home/nju/Downloads/smt/gnu_angr.tar.gz/single_test/sha1sum/sha1sum85606, 状态: error
2025-06-15 01:36:21.258 | INFO     | __main__:get_Z3_result:356 - 主进程收集结果: /home/nju/Downloads/smt/gnu_angr.tar.gz/single_test/sha1sum/sha1sum47804, 状态: error
2025-06-15 01:36:21.258 | INFO     | __main__:get_Z3_result:356 - 主进程收集结果: /home/nju/Downloads/smt/gnu_angr.tar.gz/single_test/sha1sum/sha1sum76103, 状态: error
2025-06-15 01:36:21.258 | INFO     | __main__:get_Z3_result:356 - 主进程收集结果: /home/nju/Downloads/smt/gnu_angr.tar.gz/single_test/sha1sum/sha1sum45670, 状态: error
2025-06-15 01:36:21.258 | INFO     | __main__:get_Z3_result:356 - 主进程收集结果: /home/nju/Downloads/smt/gnu_angr.tar.gz/single_test/expand/expand382273, 状态: error
2025-06-15 01:36:21.258 | INFO     | __main__:get_Z3_result:356 - 主进程收集结果: /home/nju/Downloads/smt/gnu_angr.tar.gz/single_test/sha1sum/sha1sum91094, 状态: error
2025-06-15 01:36:21.258 | INFO     | __main__:get_Z3_result:356 - 主进程收集结果: /home/nju/Downloads/smt/gnu_angr.tar.gz/single_test/sha1sum/sha1sum54493, 状态: error
2025-06-15 01:36:21.258 | INFO     | __main__:get_Z3_result:356 - 主进程收集结果: /home/nju/Downloads/smt/gnu_angr.tar.gz/single_test/sha1sum/sha1sum86419, 状态: error
2025-06-15 01:36:21.258 | INFO     | __main__:get_Z3_result:356 - 主进程收集结果: /home/nju/Downloads/smt/gnu_angr.tar.gz/single_test/expand/expand405449, 状态: error
2025-06-15 01:36:21.258 | INFO     | __main__:get_Z3_result:356 - 主进程收集结果: /home/nju/Downloads/smt/gnu_angr.tar.gz/single_test/sha1sum/sha1sum91746, 状态: error
2025-06-15 01:36:21.258 | INFO     | __main__:get_Z3_result:356 - 主进程收集结果: /home/nju/Downloads/smt/gnu_angr.tar.gz/single_test/sha1sum/sha1sum81360, 状态: error
2025-06-15 01:36:21.258 | INFO     | __main__:get_Z3_result:356 - 主进程收集结果: /home/nju/Downloads/smt/gnu_angr.tar.gz/single_test/sha1sum/sha1sum78750, 状态: error
2025-06-15 01:36:21.258 | INFO     | __main__:get_Z3_result:356 - 主进程收集结果: /home/nju/Downloads/smt/gnu_angr.tar.gz/single_test/sha1sum/sha1sum77487, 状态: error
2025-06-15 01:36:21.258 | INFO     | __main__:get_Z3_result:356 - 主进程收集结果: /home/nju/Downloads/smt/gnu_angr.tar.gz/single_test/sha1sum/sha1sum89978, 状态: error
2025-06-15 01:36:21.258 | INFO     | __main__:get_Z3_result:356 - 主进程收集结果: /home/nju/Downloads/smt/gnu_angr.tar.gz/single_test/sha1sum/sha1sum62441, 状态: error
2025-06-15 01:36:21.258 | INFO     | __main__:get_Z3_result:356 - 主进程收集结果: /home/nju/Downloads/smt/gnu_angr.tar.gz/single_test/sha1sum/sha1sum78748, 状态: error
2025-06-15 01:36:21.258 | INFO     | __main__:get_Z3_result:356 - 主进程收集结果: /home/nju/Downloads/smt/gnu_angr.tar.gz/single_test/sha1sum/sha1sum64668, 状态: error
2025-06-15 01:36:21.258 | INFO     | __main__:get_Z3_result:356 - 主进程收集结果: /home/nju/Downloads/smt/gnu_angr.tar.gz/single_test/sha1sum/sha1sum62440, 状态: error
2025-06-15 01:36:21.258 | INFO     | __main__:get_Z3_result:356 - 主进程收集结果: /home/nju/Downloads/smt/gnu_angr.tar.gz/single_test/sha1sum/sha1sum73318, 状态: error
2025-06-15 01:36:21.258 | INFO     | __main__:get_Z3_result:356 - 主进程收集结果: /home/nju/Downloads/smt/gnu_angr.tar.gz/single_test/sha1sum/sha1sum30780, 状态: error
2025-06-15 01:36:21.258 | INFO     | __main__:get_Z3_result:356 - 主进程收集结果: /home/nju/Downloads/smt/gnu_angr.tar.gz/single_test/sha1sum/sha1sum56887, 状态: error
2025-06-15 01:36:21.258 | INFO     | __main__:get_Z3_result:356 - 主进程收集结果: /home/nju/Downloads/smt/gnu_angr.tar.gz/single_test/sha1sum/sha1sum75109, 状态: error
2025-06-15 01:36:21.258 | INFO     | __main__:get_Z3_result:356 - 主进程收集结果: /home/nju/Downloads/smt/gnu_angr.tar.gz/single_test/sha1sum/sha1sum34503, 状态: error
2025-06-15 01:36:21.258 | INFO     | __main__:get_Z3_result:356 - 主进程收集结果: /home/nju/Downloads/smt/gnu_angr.tar.gz/single_test/sha1sum/sha1sum91975, 状态: error
2025-06-15 01:36:21.258 | INFO     | __main__:get_Z3_result:356 - 主进程收集结果: /home/nju/Downloads/smt/gnu_angr.tar.gz/single_test/sha1sum/sha1sum90007, 状态: error
2025-06-15 01:36:21.258 | INFO     | __main__:get_Z3_result:356 - 主进程收集结果: /home/nju/Downloads/smt/gnu_angr.tar.gz/single_test/sha1sum/sha1sum88946, 状态: error
2025-06-15 01:36:21.259 | INFO     | __main__:get_Z3_result:356 - 主进程收集结果: /home/nju/Downloads/smt/gnu_angr.tar.gz/single_test/sha1sum/sha1sum28200, 状态: error
2025-06-15 01:36:21.259 | INFO     | __main__:get_Z3_result:356 - 主进程收集结果: /home/nju/Downloads/smt/gnu_angr.tar.gz/single_test/sha1sum/sha1sum87732, 状态: error
2025-06-15 01:36:21.259 | INFO     | __main__:get_Z3_result:356 - 主进程收集结果: /home/nju/Downloads/smt/gnu_angr.tar.gz/single_test/sha1sum/sha1sum77485, 状态: error
2025-06-15 01:36:21.259 | INFO     | __main__:get_Z3_result:356 - 主进程收集结果: /home/nju/Downloads/smt/gnu_angr.tar.gz/single_test/sha1sum/sha1sum77460, 状态: error
2025-06-15 01:36:21.259 | INFO     | __main__:get_Z3_result:356 - 主进程收集结果: /home/nju/Downloads/smt/gnu_angr.tar.gz/single_test/sha1sum/sha1sum73850, 状态: error
2025-06-15 01:36:21.259 | INFO     | __main__:get_Z3_result:356 - 主进程收集结果: /home/nju/Downloads/smt/gnu_angr.tar.gz/single_test/sha1sum/sha1sum91758, 状态: error
2025-06-15 01:36:21.259 | INFO     | __main__:get_Z3_result:356 - 主进程收集结果: /home/nju/Downloads/smt/gnu_angr.tar.gz/single_test/sha1sum/sha1sum76106, 状态: error
2025-06-15 01:36:21.259 | INFO     | __main__:get_Z3_result:356 - 主进程收集结果: /home/nju/Downloads/smt/gnu_angr.tar.gz/single_test/sha1sum/sha1sum82520, 状态: error
2025-06-15 01:36:21.259 | INFO     | __main__:get_Z3_result:356 - 主进程收集结果: /home/nju/Downloads/smt/gnu_angr.tar.gz/single_test/sha1sum/sha1sum59928, 状态: error
2025-06-15 01:36:21.259 | INFO     | __main__:get_Z3_result:356 - 主进程收集结果: /home/nju/Downloads/smt/gnu_angr.tar.gz/single_test/sha1sum/sha1sum74508, 状态: error
2025-06-15 01:36:21.259 | INFO     | __main__:get_Z3_result:356 - 主进程收集结果: /home/nju/Downloads/smt/gnu_angr.tar.gz/single_test/sha1sum/sha1sum86690, 状态: error
2025-06-15 01:36:21.259 | INFO     | __main__:get_Z3_result:356 - 主进程收集结果: /home/nju/Downloads/smt/gnu_angr.tar.gz/single_test/sha1sum/sha1sum81494, 状态: error
2025-06-15 01:36:21.259 | INFO     | __main__:get_Z3_result:356 - 主进程收集结果: /home/nju/Downloads/smt/gnu_angr.tar.gz/single_test/sha1sum/sha1sum49681, 状态: error
2025-06-15 01:36:21.259 | INFO     | __main__:get_Z3_result:356 - 主进程收集结果: /home/nju/Downloads/smt/gnu_angr.tar.gz/single_test/sha1sum/sha1sum68186, 状态: error
2025-06-15 01:36:21.259 | INFO     | __main__:get_Z3_result:356 - 主进程收集结果: /home/nju/Downloads/smt/gnu_angr.tar.gz/single_test/sha1sum/sha1sum79315, 状态: error
2025-06-15 01:36:21.259 | INFO     | __main__:get_Z3_result:356 - 主进程收集结果: /home/nju/Downloads/smt/gnu_angr.tar.gz/single_test/sha1sum/sha1sum61226, 状态: error
2025-06-15 01:36:21.259 | INFO     | __main__:get_Z3_result:356 - 主进程收集结果: /home/nju/Downloads/smt/gnu_angr.tar.gz/single_test/sha1sum/sha1sum81337, 状态: error
2025-06-15 01:36:21.259 | INFO     | __main__:get_Z3_result:356 - 主进程收集结果: /home/nju/Downloads/smt/gnu_angr.tar.gz/single_test/sha1sum/sha1sum76099, 状态: error
2025-06-15 01:36:21.259 | INFO     | __main__:get_Z3_result:356 - 主进程收集结果: /home/nju/Downloads/smt/gnu_angr.tar.gz/single_test/sha1sum/sha1sum80543, 状态: error
2025-06-15 01:36:21.259 | INFO     | __main__:get_Z3_result:356 - 主进程收集结果: /home/nju/Downloads/smt/gnu_angr.tar.gz/single_test/sha1sum/sha1sum84936, 状态: error
2025-06-15 01:36:21.259 | INFO     | __main__:get_Z3_result:356 - 主进程收集结果: /home/nju/Downloads/smt/gnu_angr.tar.gz/single_test/sha1sum/sha1sum43923, 状态: error
2025-06-15 01:36:21.259 | INFO     | __main__:get_Z3_result:356 - 主进程收集结果: /home/nju/Downloads/smt/gnu_angr.tar.gz/single_test/sha1sum/sha1sum91756, 状态: error
2025-06-15 01:36:21.259 | INFO     | __main__:get_Z3_result:356 - 主进程收集结果: /home/nju/Downloads/smt/gnu_angr.tar.gz/single_test/sha1sum/sha1sum91085, 状态: error
2025-06-15 01:36:21.259 | INFO     | __main__:get_Z3_result:356 - 主进程收集结果: /home/nju/Downloads/smt/gnu_angr.tar.gz/single_test/sha1sum/sha1sum87899, 状态: error
2025-06-15 01:36:21.259 | INFO     | __main__:get_Z3_result:356 - 主进程收集结果: /home/nju/Downloads/smt/gnu_angr.tar.gz/single_test/sha1sum/sha1sum68834, 状态: error
2025-06-15 01:36:21.260 | INFO     | __main__:get_Z3_result:356 - 主进程收集结果: /home/nju/Downloads/smt/gnu_angr.tar.gz/single_test/sha1sum/sha1sum79286, 状态: error
2025-06-15 01:36:21.260 | INFO     | __main__:get_Z3_result:356 - 主进程收集结果: /home/nju/Downloads/smt/gnu_angr.tar.gz/single_test/sha1sum/sha1sum84949, 状态: error
2025-06-15 01:36:21.260 | INFO     | __main__:get_Z3_result:356 - 主进程收集结果: /home/nju/Downloads/smt/gnu_angr.tar.gz/single_test/chroot/chroot32087, 状态: error
2025-06-15 01:36:21.260 | INFO     | __main__:get_Z3_result:356 - 主进程收集结果: /home/nju/Downloads/smt/gnu_angr.tar.gz/single_test/chroot/chroot29455, 状态: error
2025-06-15 01:36:21.260 | INFO     | __main__:get_Z3_result:356 - 主进程收集结果: /home/nju/Downloads/smt/gnu_angr.tar.gz/single_test/chroot/chroot34091, 状态: error
2025-06-15 01:36:21.260 | INFO     | __main__:get_Z3_result:356 - 主进程收集结果: /home/nju/Downloads/smt/gnu_angr.tar.gz/single_test/sha1sum/sha1sum62438, 状态: error
2025-06-15 01:36:21.260 | INFO     | __main__:get_Z3_result:356 - 主进程收集结果: /home/nju/Downloads/smt/gnu_angr.tar.gz/single_test/sha1sum/sha1sum75089, 状态: error
2025-06-15 01:36:21.260 | INFO     | __main__:get_Z3_result:356 - 主进程收集结果: /home/nju/Downloads/smt/gnu_angr.tar.gz/single_test/chroot/chroot34627, 状态: error
2025-06-15 01:36:21.260 | INFO     | __main__:get_Z3_result:356 - 主进程收集结果: /home/nju/Downloads/smt/gnu_angr.tar.gz/single_test/hostname/hostname25407, 状态: error
2025-06-15 01:36:21.260 | INFO     | __main__:get_Z3_result:356 - 主进程收集结果: /home/nju/Downloads/smt/gnu_angr.tar.gz/single_test/hostname/hostname26132, 状态: error
2025-06-15 01:36:21.260 | INFO     | __main__:get_Z3_result:356 - 主进程收集结果: /home/nju/Downloads/smt/gnu_angr.tar.gz/single_test/hostname/hostname26334, 状态: error
2025-06-15 01:36:21.260 | INFO     | __main__:get_Z3_result:356 - 主进程收集结果: /home/nju/Downloads/smt/gnu_angr.tar.gz/single_test/setuidgid/setuidgid173450, 状态: error
2025-06-15 01:36:21.260 | INFO     | __main__:get_Z3_result:356 - 主进程收集结果: /home/nju/Downloads/smt/gnu_angr.tar.gz/single_test/hostname/hostname21906, 状态: error
2025-06-15 01:36:21.260 | INFO     | __main__:get_Z3_result:356 - 主进程收集结果: /home/nju/Downloads/smt/gnu_angr.tar.gz/single_test/setuidgid/setuidgid175701, 状态: error
2025-06-15 01:36:21.260 | INFO     | __main__:get_Z3_result:356 - 主进程收集结果: /home/nju/Downloads/smt/gnu_angr.tar.gz/single_test/setuidgid/setuidgid196354, 状态: error
2025-06-15 01:36:21.260 | INFO     | __main__:get_Z3_result:356 - 主进程收集结果: /home/nju/Downloads/smt/gnu_angr.tar.gz/single_test/setuidgid/setuidgid205698, 状态: error
2025-06-15 01:36:21.260 | INFO     | __main__:get_Z3_result:356 - 主进程收集结果: /home/nju/Downloads/smt/gnu_angr.tar.gz/single_test/setuidgid/setuidgid209654, 状态: error
2025-06-15 01:36:21.260 | INFO     | __main__:get_Z3_result:356 - 主进程收集结果: /home/nju/Downloads/smt/gnu_angr.tar.gz/single_test/setuidgid/setuidgid167548, 状态: error
2025-06-15 01:36:21.260 | INFO     | __main__:get_Z3_result:356 - 主进程收集结果: /home/nju/Downloads/smt/gnu_angr.tar.gz/single_test/setuidgid/setuidgid219733, 状态: error
2025-06-15 01:36:21.260 | INFO     | __main__:get_Z3_result:356 - 主进程收集结果: /home/nju/Downloads/smt/gnu_angr.tar.gz/single_test/setuidgid/setuidgid217534, 状态: error
2025-06-15 01:36:21.260 | INFO     | __main__:get_Z3_result:356 - 主进程收集结果: /home/nju/Downloads/smt/gnu_angr.tar.gz/single_test/setuidgid/setuidgid146555, 状态: error
2025-06-15 01:36:21.260 | INFO     | __main__:get_Z3_result:356 - 主进程收集结果: /home/nju/Downloads/smt/gnu_angr.tar.gz/single_test/setuidgid/setuidgid155312, 状态: error
2025-06-15 01:36:21.260 | INFO     | __main__:get_Z3_result:356 - 主进程收集结果: /home/nju/Downloads/smt/gnu_angr.tar.gz/single_test/setuidgid/setuidgid197796, 状态: error
2025-06-15 01:36:21.260 | INFO     | __main__:get_Z3_result:356 - 主进程收集结果: /home/nju/Downloads/smt/gnu_angr.tar.gz/single_test/setuidgid/setuidgid198429, 状态: error
2025-06-15 01:36:21.260 | INFO     | __main__:get_Z3_result:356 - 主进程收集结果: /home/nju/Downloads/smt/gnu_angr.tar.gz/single_test/setuidgid/setuidgid161159, 状态: error
2025-06-15 01:36:21.260 | INFO     | __main__:get_Z3_result:356 - 主进程收集结果: /home/nju/Downloads/smt/gnu_angr.tar.gz/single_test/setuidgid/setuidgid214047, 状态: error
2025-06-15 01:36:21.260 | INFO     | __main__:get_Z3_result:356 - 主进程收集结果: /home/nju/Downloads/smt/gnu_angr.tar.gz/single_test/setuidgid/setuidgid210218, 状态: error
2025-06-15 01:36:21.261 | INFO     | __main__:get_Z3_result:356 - 主进程收集结果: /home/nju/Downloads/smt/gnu_angr.tar.gz/single_test/setuidgid/setuidgid161160, 状态: error
2025-06-15 01:36:21.261 | INFO     | __main__:get_Z3_result:356 - 主进程收集结果: /home/nju/Downloads/smt/gnu_angr.tar.gz/single_test/setuidgid/setuidgid134784, 状态: error
2025-06-15 01:36:21.261 | INFO     | __main__:get_Z3_result:356 - 主进程收集结果: /home/nju/Downloads/smt/gnu_angr.tar.gz/single_test/setuidgid/setuidgid196357, 状态: error
2025-06-15 01:36:21.261 | INFO     | __main__:get_Z3_result:356 - 主进程收集结果: /home/nju/Downloads/smt/gnu_angr.tar.gz/single_test/setuidgid/setuidgid139538, 状态: error
2025-06-15 01:36:21.261 | INFO     | __main__:get_Z3_result:356 - 主进程收集结果: /home/nju/Downloads/smt/gnu_angr.tar.gz/single_test/setuidgid/setuidgid163664, 状态: error
2025-06-15 01:36:21.261 | INFO     | __main__:get_Z3_result:356 - 主进程收集结果: /home/nju/Downloads/smt/gnu_angr.tar.gz/single_test/setuidgid/setuidgid224129, 状态: error
2025-06-15 01:36:21.261 | INFO     | __main__:get_Z3_result:356 - 主进程收集结果: /home/nju/Downloads/smt/gnu_angr.tar.gz/single_test/setuidgid/setuidgid224485, 状态: error
2025-06-15 01:36:21.261 | INFO     | __main__:get_Z3_result:356 - 主进程收集结果: /home/nju/Downloads/smt/gnu_angr.tar.gz/single_test/setuidgid/setuidgid140815, 状态: error
2025-06-15 01:36:21.261 | INFO     | __main__:get_Z3_result:356 - 主进程收集结果: /home/nju/Downloads/smt/gnu_angr.tar.gz/single_test/setuidgid/setuidgid197799, 状态: error
2025-06-15 01:36:21.261 | INFO     | __main__:get_Z3_result:356 - 主进程收集结果: /home/nju/Downloads/smt/gnu_angr.tar.gz/single_test/setuidgid/setuidgid146552, 状态: error
2025-06-15 01:36:21.261 | INFO     | __main__:get_Z3_result:356 - 主进程收集结果: /home/nju/Downloads/smt/gnu_angr.tar.gz/single_test/setuidgid/setuidgid177726, 状态: error
2025-06-15 01:36:21.261 | INFO     | __main__:get_Z3_result:356 - 主进程收集结果: /home/nju/Downloads/smt/gnu_angr.tar.gz/single_test/ls/ls258156, 状态: error
2025-06-15 01:36:21.261 | INFO     | __main__:get_Z3_result:356 - 主进程收集结果: /home/nju/Downloads/smt/gnu_angr.tar.gz/single_test/users/users39945, 状态: error
2025-06-15 01:36:21.261 | INFO     | __main__:get_Z3_result:356 - 主进程收集结果: /home/nju/Downloads/smt/gnu_angr.tar.gz/single_test/id/id132674, 状态: error
2025-06-15 01:36:21.261 | INFO     | __main__:get_Z3_result:356 - 主进程收集结果: /home/nju/Downloads/smt/gnu_angr.tar.gz/single_test/pinky/pinky231102, 状态: error
2025-06-15 01:36:21.261 | INFO     | __main__:get_Z3_result:356 - 主进程收集结果: /home/nju/Downloads/smt/gnu_angr.tar.gz/single_test/pinky/pinky231980, 状态: error
2025-06-15 01:36:21.261 | INFO     | __main__:get_Z3_result:356 - 主进程收集结果: /home/nju/Downloads/smt/gnu_angr.tar.gz/single_test/fmt/fmt710958, 状态: error
2025-06-15 01:36:21.261 | INFO     | __main__:get_Z3_result:356 - 主进程收集结果: /home/nju/Downloads/smt/gnu_angr.tar.gz/single_test/mknod/mknod239420, 状态: error
2025-06-15 01:36:21.261 | INFO     | __main__:get_Z3_result:356 - 主进程收集结果: /home/nju/Downloads/smt/gnu_angr.tar.gz/single_test/pinky/pinky232016, 状态: error
2025-06-15 01:36:21.261 | INFO     | __main__:get_Z3_result:356 - 主进程收集结果: /home/nju/Downloads/smt/gnu_angr.tar.gz/single_test/factor/factor74956, 状态: error
2025-06-15 01:36:21.261 | INFO     | __main__:get_Z3_result:356 - 主进程收集结果: /home/nju/Downloads/smt/gnu_angr.tar.gz/single_test/mknod/mknod130727, 状态: error
2025-06-15 01:36:21.261 | INFO     | __main__:get_Z3_result:356 - 主进程收集结果: /home/nju/Downloads/smt/gnu_angr.tar.gz/single_test/date/date166559, 状态: error
2025-06-15 01:36:21.261 | INFO     | __main__:get_Z3_result:356 - 主进程收集结果: /home/nju/Downloads/smt/gnu_angr.tar.gz/single_test/id/id219438, 状态: error
2025-06-15 01:36:21.261 | INFO     | __main__:get_Z3_result:356 - 主进程收集结果: /home/nju/Downloads/smt/gnu_angr.tar.gz/single_test/date/date156480, 状态: error
2025-06-15 01:36:21.261 | INFO     | __main__:get_Z3_result:356 - 主进程收集结果: /home/nju/Downloads/smt/gnu_angr.tar.gz/single_test/date/date131519, 状态: error
2025-06-15 01:36:21.261 | INFO     | __main__:get_Z3_result:356 - 主进程收集结果: /home/nju/Downloads/smt/gnu_angr.tar.gz/single_test/date/date21786, 状态: error
2025-06-15 01:36:21.261 | INFO     | __main__:get_Z3_result:356 - 主进程收集结果: /home/nju/Downloads/smt/gnu_angr.tar.gz/single_test/date/date175289, 状态: error
2025-06-15 01:36:21.262 | INFO     | __main__:get_Z3_result:356 - 主进程收集结果: /home/nju/Downloads/smt/gnu_angr.tar.gz/single_test/date/date137979, 状态: error
2025-06-15 01:36:21.262 | INFO     | __main__:get_Z3_result:356 - 主进程收集结果: /home/nju/Downloads/smt/gnu_angr.tar.gz/single_test/date/date76385, 状态: error
2025-06-15 01:36:21.262 | INFO     | __main__:get_Z3_result:356 - 主进程收集结果: /home/nju/Downloads/smt/gnu_angr.tar.gz/single_test/date/date190314, 状态: error
2025-06-15 01:36:21.262 | INFO     | __main__:get_Z3_result:356 - 主进程收集结果: /home/nju/Downloads/smt/gnu_angr.tar.gz/single_test/date/date65364, 状态: error
2025-06-15 01:36:21.262 | INFO     | __main__:get_Z3_result:356 - 主进程收集结果: /home/nju/Downloads/smt/gnu_angr.tar.gz/single_test/date/date37744, 状态: error
2025-06-15 01:36:21.262 | INFO     | __main__:get_Z3_result:356 - 主进程收集结果: /home/nju/Downloads/smt/gnu_angr.tar.gz/single_test/date/date166732, 状态: error
2025-06-15 01:36:21.262 | INFO     | __main__:get_Z3_result:356 - 主进程收集结果: /home/nju/Downloads/smt/gnu_angr.tar.gz/single_test/date/date144840, 状态: error
2025-06-15 01:36:21.262 | INFO     | __main__:get_Z3_result:356 - 主进程收集结果: /home/nju/Downloads/smt/gnu_angr.tar.gz/single_test/date/date122167, 状态: error
2025-06-15 01:36:21.262 | INFO     | __main__:get_Z3_result:356 - 主进程收集结果: /home/nju/Downloads/smt/gnu_angr.tar.gz/single_test/date/date37758, 状态: error
2025-06-15 01:36:21.262 | INFO     | __main__:get_Z3_result:356 - 主进程收集结果: /home/nju/Downloads/smt/gnu_angr.tar.gz/single_test/date/date47809, 状态: error
2025-06-15 01:36:21.262 | INFO     | __main__:get_Z3_result:356 - 主进程收集结果: /home/nju/Downloads/smt/gnu_angr.tar.gz/single_test/date/date64639, 状态: error
2025-06-15 01:36:21.262 | INFO     | __main__:get_Z3_result:356 - 主进程收集结果: /home/nju/Downloads/smt/gnu_angr.tar.gz/single_test/date/date33969, 状态: error
2025-06-15 01:36:21.262 | INFO     | __main__:get_Z3_result:356 - 主进程收集结果: /home/nju/Downloads/smt/gnu_angr.tar.gz/single_test/date/date91933, 状态: error
2025-06-15 01:36:21.262 | INFO     | __main__:get_Z3_result:356 - 主进程收集结果: /home/nju/Downloads/smt/gnu_angr.tar.gz/single_test/date/date47807, 状态: error
2025-06-15 01:36:21.262 | INFO     | __main__:get_Z3_result:356 - 主进程收集结果: /home/nju/Downloads/smt/gnu_angr.tar.gz/single_test/date/date23698, 状态: error
2025-06-15 01:36:21.262 | INFO     | __main__:get_Z3_result:356 - 主进程收集结果: /home/nju/Downloads/smt/gnu_angr.tar.gz/single_test/date/date65944, 状态: error
2025-06-15 01:36:21.262 | INFO     | __main__:get_Z3_result:356 - 主进程收集结果: /home/nju/Downloads/smt/gnu_angr.tar.gz/single_test/date/date22973, 状态: error
2025-06-15 01:36:21.262 | INFO     | __main__:get_Z3_result:356 - 主进程收集结果: /home/nju/Downloads/smt/gnu_angr.tar.gz/single_test/date/date65941, 状态: error
2025-06-15 01:36:21.262 | INFO     | __main__:get_Z3_result:356 - 主进程收集结果: /home/nju/Downloads/smt/gnu_angr.tar.gz/single_test/date/date128353, 状态: error
2025-06-15 01:36:21.262 | INFO     | __main__:get_Z3_result:356 - 主进程收集结果: /home/nju/Downloads/smt/gnu_angr.tar.gz/single_test/date/date145885, 状态: error
2025-06-15 01:36:21.262 | INFO     | __main__:get_Z3_result:356 - 主进程收集结果: /home/nju/Downloads/smt/gnu_angr.tar.gz/single_test/date/date117087, 状态: error
2025-06-15 01:36:21.262 | INFO     | __main__:get_Z3_result:356 - 主进程收集结果: /home/nju/Downloads/smt/gnu_angr.tar.gz/single_test/date/date139318, 状态: error
2025-06-15 01:36:21.262 | INFO     | __main__:get_Z3_result:356 - 主进程收集结果: /home/nju/Downloads/smt/gnu_angr.tar.gz/single_test/date/date194063, 状态: error
2025-06-15 01:36:21.262 | INFO     | __main__:get_Z3_result:356 - 主进程收集结果: /home/nju/Downloads/smt/gnu_angr.tar.gz/single_test/date/date92629, 状态: error
2025-06-15 01:36:21.262 | INFO     | __main__:get_Z3_result:356 - 主进程收集结果: /home/nju/Downloads/smt/gnu_angr.tar.gz/single_test/head/head53264, 状态: error
2025-06-15 01:36:21.262 | INFO     | __main__:get_Z3_result:356 - 主进程收集结果: /home/nju/Downloads/smt/gnu_angr.tar.gz/single_test/head/head112929, 状态: error
2025-06-15 01:36:21.262 | INFO     | __main__:get_Z3_result:356 - 主进程收集结果: /home/nju/Downloads/smt/gnu_angr.tar.gz/single_test/date/date131499, 状态: error
2025-06-15 01:36:21.263 | INFO     | __main__:get_Z3_result:356 - 主进程收集结果: /home/nju/Downloads/smt/gnu_angr.tar.gz/single_test/head/head50472, 状态: error
2025-06-15 01:36:21.263 | INFO     | __main__:get_Z3_result:356 - 主进程收集结果: /home/nju/Downloads/smt/gnu_angr.tar.gz/single_test/head/head51801, 状态: error
2025-06-15 01:36:21.263 | INFO     | __main__:get_Z3_result:356 - 主进程收集结果: /home/nju/Downloads/smt/gnu_angr.tar.gz/single_test/head/head51283, 状态: error
2025-06-15 01:36:21.263 | INFO     | __main__:get_Z3_result:356 - 主进程收集结果: /home/nju/Downloads/smt/gnu_angr.tar.gz/single_test/test/test208139, 状态: error
2025-06-15 01:36:21.263 | INFO     | __main__:get_Z3_result:356 - 主进程收集结果: /home/nju/Downloads/smt/gnu_angr.tar.gz/single_test/test/test130137, 状态: error
2025-06-15 01:36:21.263 | INFO     | __main__:get_Z3_result:356 - 主进程收集结果: /home/nju/Downloads/smt/gnu_angr.tar.gz/single_test/date/date161721, 状态: error
2025-06-15 01:36:21.263 | INFO     | __main__:get_Z3_result:356 - 主进程收集结果: /home/nju/Downloads/smt/gnu_angr.tar.gz/single_test/mkfifo/mkfifo29622, 状态: error
2025-06-15 01:36:21.263 | INFO     | __main__:get_Z3_result:356 - 主进程收集结果: /home/nju/Downloads/smt/gnu_angr.tar.gz/single_test/head/head52110, 状态: error
2025-06-15 01:36:21.263 | INFO     | __main__:get_Z3_result:356 - 主进程收集结果: /home/nju/Downloads/smt/gnu_angr.tar.gz/single_test/mkfifo/mkfifo29997, 状态: error
2025-06-15 01:36:21.263 | INFO     | __main__:get_Z3_result:356 - 主进程收集结果: /home/nju/Downloads/smt/gnu_angr.tar.gz/single_test/mkfifo/mkfifo29811, 状态: error
2025-06-15 01:36:21.263 | INFO     | __main__:get_Z3_result:356 - 主进程收集结果: /home/nju/Downloads/smt/gnu_angr.tar.gz/single_test/mkfifo/mkfifo31343, 状态: error
2025-06-15 01:36:21.263 | INFO     | __main__:get_Z3_result:356 - 主进程收集结果: /home/nju/Downloads/smt/gnu_angr.tar.gz/single_test/mkfifo/mkfifo31870, 状态: error
2025-06-15 01:36:21.263 | INFO     | __main__:get_Z3_result:356 - 主进程收集结果: /home/nju/Downloads/smt/gnu_angr.tar.gz/single_test/sleep/sleep23854, 状态: error
2025-06-15 01:36:21.263 | INFO     | __main__:get_Z3_result:356 - 主进程收集结果: /home/nju/Downloads/smt/gnu_angr.tar.gz/single_test/test/test193616, 状态: error
2025-06-15 01:36:21.263 | INFO     | __main__:get_Z3_result:356 - 主进程收集结果: /home/nju/Downloads/smt/gnu_angr.tar.gz/single_test/unlink/unlink25985, 状态: error
2025-06-15 01:36:21.263 | INFO     | __main__:get_Z3_result:356 - 主进程收集结果: /home/nju/Downloads/smt/gnu_angr.tar.gz/single_test/unlink/unlink28988, 状态: error
2025-06-15 01:36:21.263 | INFO     | __main__:get_Z3_result:356 - 主进程收集结果: /home/nju/Downloads/smt/gnu_angr.tar.gz/single_test/unlink/unlink24924, 状态: error
2025-06-15 01:36:21.263 | INFO     | __main__:get_Z3_result:356 - 主进程收集结果: /home/nju/Downloads/smt/gnu_angr.tar.gz/single_test/md5sum/md5sum18121, 状态: error
2025-06-15 01:36:21.263 | INFO     | __main__:get_Z3_result:356 - 主进程收集结果: /home/nju/Downloads/smt/gnu_angr.tar.gz/single_test/md5sum/md5sum23174, 状态: error
2025-06-15 01:36:21.263 | INFO     | __main__:get_Z3_result:356 - 主进程收集结果: /home/nju/Downloads/smt/gnu_angr.tar.gz/single_test/sleep/sleep27002, 状态: error
2025-06-15 01:36:21.263 | INFO     | __main__:get_Z3_result:356 - 主进程收集结果: /home/nju/Downloads/smt/gnu_angr.tar.gz/single_test/unlink/unlink24743, 状态: error
2025-06-15 01:36:21.263 | INFO     | __main__:get_Z3_result:356 - 主进程收集结果: /home/nju/Downloads/smt/gnu_angr.tar.gz/single_test/readlink/readlink156511, 状态: error
2025-06-15 01:36:21.263 | INFO     | __main__:get_Z3_result:356 - 主进程收集结果: /home/nju/Downloads/smt/gnu_angr.tar.gz/single_test/readlink/readlink153147, 状态: error
2025-06-15 01:36:21.263 | INFO     | __main__:get_Z3_result:356 - 主进程收集结果: /home/nju/Downloads/smt/gnu_angr.tar.gz/single_test/readlink/readlink158702, 状态: error
2025-06-15 01:36:21.263 | INFO     | __main__:get_Z3_result:356 - 主进程收集结果: /home/nju/Downloads/smt/gnu_angr.tar.gz/single_test/readlink/readlink151890, 状态: error
2025-06-15 01:36:21.263 | INFO     | __main__:get_Z3_result:356 - 主进程收集结果: /home/nju/Downloads/smt/gnu_angr.tar.gz/single_test/tty/tty21899, 状态: error
2025-06-15 01:36:21.263 | INFO     | __main__:get_Z3_result:356 - 主进程收集结果: /home/nju/Downloads/smt/gnu_angr.tar.gz/single_test/tty/tty19927, 状态: error
2025-06-15 01:36:21.263 | INFO     | __main__:get_Z3_result:356 - 主进程收集结果: /home/nju/Downloads/smt/gnu_angr.tar.gz/single_test/tty/tty25408, 状态: error
2025-06-15 01:36:21.264 | INFO     | __main__:get_Z3_result:356 - 主进程收集结果: /home/nju/Downloads/smt/gnu_angr.tar.gz/single_test/readlink/readlink118550, 状态: error
2025-06-15 01:36:21.264 | INFO     | __main__:get_Z3_result:356 - 主进程收集结果: /home/nju/Downloads/smt/gnu_angr.tar.gz/single_test/dir/dir475427, 状态: error
2025-06-15 01:36:21.264 | INFO     | __main__:get_Z3_result:356 - 主进程收集结果: /home/nju/Downloads/smt/gnu_angr.tar.gz/single_test/rm/rm300038, 状态: error
2025-06-15 01:36:21.264 | INFO     | __main__:get_Z3_result:356 - 主进程收集结果: /home/nju/Downloads/smt/gnu_angr.tar.gz/single_test/tail/tail175903, 状态: error
2025-06-15 01:36:21.264 | INFO     | __main__:get_Z3_result:356 - 主进程收集结果: /home/nju/Downloads/smt/gnu_angr.tar.gz/single_test/tty/tty25069, 状态: error
2025-06-15 01:36:21.264 | INFO     | __main__:get_Z3_result:356 - 主进程收集结果: /home/nju/Downloads/smt/gnu_angr.tar.gz/single_test/tty/tty28728, 状态: error
2025-06-15 01:36:21.264 | INFO     | __main__:get_Z3_result:356 - 主进程收集结果: /home/nju/Downloads/smt/gnu_angr.tar.gz/single_test/tail/tail209955, 状态: error
2025-06-15 01:36:21.264 | INFO     | __main__:get_Z3_result:356 - 主进程收集结果: /home/nju/Downloads/smt/gnu_angr.tar.gz/single_test/tail/tail151521, 状态: error
2025-06-15 01:36:21.264 | INFO     | __main__:get_Z3_result:356 - 主进程收集结果: /home/nju/Downloads/smt/gnu_angr.tar.gz/single_test/tail/tail152129, 状态: error
2025-06-15 01:36:21.264 | INFO     | __main__:get_Z3_result:356 - 主进程收集结果: /home/nju/Downloads/smt/gnu_angr.tar.gz/single_test/tail/tail209684, 状态: error
2025-06-15 01:36:21.264 | INFO     | __main__:get_Z3_result:356 - 主进程收集结果: /home/nju/Downloads/smt/gnu_angr.tar.gz/single_test/tail/tail175902, 状态: error
2025-06-15 01:36:21.264 | INFO     | __main__:get_Z3_result:356 - 主进程收集结果: /home/nju/Downloads/smt/gnu_angr.tar.gz/single_test/tail/tail210468, 状态: error
2025-06-15 01:36:21.264 | INFO     | __main__:get_Z3_result:356 - 主进程收集结果: /home/nju/Downloads/smt/gnu_angr.tar.gz/single_test/tail/tail209626, 状态: error
2025-06-15 01:36:21.264 | INFO     | __main__:get_Z3_result:356 - 主进程收集结果: /home/nju/Downloads/smt/gnu_angr.tar.gz/single_test/tail/tail209195, 状态: error
2025-06-15 01:36:21.264 | INFO     | __main__:get_Z3_result:356 - 主进程收集结果: /home/nju/Downloads/smt/gnu_angr.tar.gz/single_test/tail/tail209178, 状态: error
2025-06-15 01:36:21.264 | INFO     | __main__:get_Z3_result:356 - 主进程收集结果: /home/nju/Downloads/smt/gnu_angr.tar.gz/single_test/tail/tail94436, 状态: error
2025-06-15 01:36:21.264 | INFO     | __main__:get_Z3_result:356 - 主进程收集结果: /home/nju/Downloads/smt/gnu_angr.tar.gz/single_test/tail/tail151419, 状态: error
2025-06-15 01:36:21.264 | INFO     | __main__:get_Z3_result:356 - 主进程收集结果: /home/nju/Downloads/smt/gnu_angr.tar.gz/single_test/tail/tail151522, 状态: error
2025-06-15 01:36:21.264 | INFO     | __main__:get_Z3_result:356 - 主进程收集结果: /home/nju/Downloads/smt/gnu_angr.tar.gz/single_test/tail/tail151175, 状态: error
2025-06-15 01:36:21.264 | INFO     | __main__:get_Z3_result:356 - 主进程收集结果: /home/nju/Downloads/smt/gnu_angr.tar.gz/single_test/tail/tail175904, 状态: error
2025-06-15 01:36:21.264 | INFO     | __main__:get_Z3_result:356 - 主进程收集结果: /home/nju/Downloads/smt/gnu_angr.tar.gz/single_test/tail/tail152462, 状态: error
2025-06-15 01:36:21.264 | INFO     | __main__:get_Z3_result:356 - 主进程收集结果: /home/nju/Downloads/smt/gnu_angr.tar.gz/single_test/tail/tail152083, 状态: error
2025-06-15 01:36:21.264 | INFO     | __main__:get_Z3_result:356 - 主进程收集结果: /home/nju/Downloads/smt/gnu_angr.tar.gz/single_test/tail/tail209646, 状态: error
2025-06-15 01:36:21.264 | INFO     | __main__:get_Z3_result:356 - 主进程收集结果: /home/nju/Downloads/smt/gnu_angr.tar.gz/single_test/tail/tail199329, 状态: error
2025-06-15 01:36:21.264 | INFO     | __main__:get_Z3_result:356 - 主进程收集结果: /home/nju/Downloads/smt/gnu_angr.tar.gz/single_test/chcon/chcon79141, 状态: error
2025-06-15 01:36:21.264 | INFO     | __main__:get_Z3_result:356 - 主进程收集结果: /home/nju/Downloads/smt/gnu_angr.tar.gz/single_test/chcon/chcon89081, 状态: error
2025-06-15 01:36:21.264 | INFO     | __main__:get_Z3_result:356 - 主进程收集结果: /home/nju/Downloads/smt/gnu_angr.tar.gz/single_test/dirname/dirname22015, 状态: error
2025-06-15 01:36:21.265 | INFO     | __main__:get_Z3_result:356 - 主进程收集结果: /home/nju/Downloads/smt/gnu_angr.tar.gz/single_test/dirname/dirname26493, 状态: error
2025-06-15 01:36:21.265 | INFO     | __main__:get_Z3_result:356 - 主进程收集结果: /home/nju/Downloads/smt/gnu_angr.tar.gz/single_test/tail/tail186577, 状态: error
2025-06-15 01:36:21.265 | INFO     | __main__:get_Z3_result:356 - 主进程收集结果: /home/nju/Downloads/smt/gnu_angr.tar.gz/single_test/chcon/chcon70761, 状态: error
2025-06-15 01:36:21.265 | INFO     | __main__:get_Z3_result:356 - 主进程收集结果: /home/nju/Downloads/smt/gnu_angr.tar.gz/single_test/dirname/dirname25303, 状态: error
2025-06-15 01:36:21.267 | INFO     | __main__:get_Z3_result:361 - 全部结果已保存到 z3_smtimer_results.json
