2025-06-15 01:49:39.526 | INFO     | __main__:get_Z3_result:339 - Z3批量求解任务启动，待处理文件数: 449
2025-06-15 01:49:39.526 | INFO     | __main__:get_Z3_result:345 - 未求解文件数: 449
2025-06-15 01:49:39.532 | INFO     | __main__:process_z3_file:293 - [Worker] 开始处理: /home/nju/Downloads/smt/buzybox_angr.tar.gz/single_test/udhcpc/udhcpc6665859
2025-06-15 01:49:39.532 | INFO     | __main__:process_z3_file:293 - [Worker] 开始处理: /home/nju/Downloads/smt/buzybox_angr.tar.gz/single_test/udhcpc/udhcpc6667828
2025-06-15 01:49:39.532 | INFO     | __main__:process_z3_file:293 - [Worker] 开始处理: /home/nju/Downloads/smt/buzybox_angr.tar.gz/single_test/udhcpc/udhcpc6673731
2025-06-15 01:49:39.532 | INFO     | __main__:process_z3_file:293 - [Worker] 开始处理: /home/nju/Downloads/smt/buzybox_angr.tar.gz/single_test/lsmod/lsmod1457448
2025-06-15 01:49:39.532 | INFO     | __main__:process_z3_file:293 - [Worker] 开始处理: /home/nju/Downloads/smt/buzybox_angr.tar.gz/single_test/lsmod/lsmod1279453
2025-06-15 01:49:39.533 | INFO     | __main__:process_z3_file:293 - [Worker] 开始处理: /home/nju/Downloads/smt/buzybox_angr.tar.gz/single_test/lsmod/lsmod1210212
2025-06-15 01:49:39.533 | INFO     | __main__:process_z3_file:293 - [Worker] 开始处理: /home/nju/Downloads/smt/buzybox_angr.tar.gz/single_test/lsmod/lsmod1477234
2025-06-15 01:49:39.533 | INFO     | __main__:process_z3_file:293 - [Worker] 开始处理: /home/nju/Downloads/smt/buzybox_angr.tar.gz/single_test/lsmod/lsmod1511861
2025-06-15 01:52:48.148 | INFO     | __main__:process_z3_file:320 - [Worker] 完成: /home/nju/Downloads/smt/buzybox_angr.tar.gz/single_test/udhcpc/udhcpc6667828, 结果: sat, 用时: 188.59s
2025-06-15 01:52:48.151 | INFO     | __main__:process_z3_file:293 - [Worker] 开始处理: /home/nju/Downloads/smt/buzybox_angr.tar.gz/single_test/lsmod/lsmod1170660
2025-06-15 01:52:48.151 | INFO     | __main__:get_Z3_result:356 - 主进程收集结果: /home/nju/Downloads/smt/buzybox_angr.tar.gz/single_test/udhcpc/udhcpc6667828, 状态: sat
2025-06-15 01:53:12.684 | INFO     | __main__:process_z3_file:320 - [Worker] 完成: /home/nju/Downloads/smt/buzybox_angr.tar.gz/single_test/udhcpc/udhcpc6665859, 结果: sat, 用时: 213.13s
2025-06-15 01:53:12.685 | INFO     | __main__:process_z3_file:293 - [Worker] 开始处理: /home/nju/Downloads/smt/buzybox_angr.tar.gz/single_test/lsmod/lsmod1180553
2025-06-15 01:53:12.685 | INFO     | __main__:get_Z3_result:356 - 主进程收集结果: /home/nju/Downloads/smt/buzybox_angr.tar.gz/single_test/udhcpc/udhcpc6665859, 状态: sat
2025-06-15 02:05:46.853 | INFO     | __main__:process_z3_file:320 - [Worker] 完成: /home/nju/Downloads/smt/buzybox_angr.tar.gz/single_test/udhcpc/udhcpc6673731, 结果: sat, 用时: 967.30s
2025-06-15 02:05:46.854 | INFO     | __main__:process_z3_file:293 - [Worker] 开始处理: /home/nju/Downloads/smt/buzybox_angr.tar.gz/single_test/lsmod/lsmod1185504
2025-06-15 02:05:46.854 | INFO     | __main__:get_Z3_result:356 - 主进程收集结果: /home/nju/Downloads/smt/buzybox_angr.tar.gz/single_test/udhcpc/udhcpc6673731, 状态: sat
2025-06-15 02:09:39.602 | INFO     | __main__:process_z3_file:320 - [Worker] 完成: /home/nju/Downloads/smt/buzybox_angr.tar.gz/single_test/lsmod/lsmod1210212, 结果: unknown, 用时: 1200.05s
2025-06-15 02:09:39.604 | INFO     | __main__:process_z3_file:293 - [Worker] 开始处理: /home/nju/Downloads/smt/buzybox_angr.tar.gz/single_test/lsmod/lsmod1501963
2025-06-15 02:09:39.604 | INFO     | __main__:get_Z3_result:356 - 主进程收集结果: /home/nju/Downloads/smt/buzybox_angr.tar.gz/single_test/lsmod/lsmod1210212, 状态: unknown
2025-06-15 02:09:39.606 | INFO     | __main__:process_z3_file:320 - [Worker] 完成: /home/nju/Downloads/smt/buzybox_angr.tar.gz/single_test/lsmod/lsmod1279453, 结果: unknown, 用时: 1200.05s
2025-06-15 02:09:39.607 | INFO     | __main__:process_z3_file:293 - [Worker] 开始处理: /home/nju/Downloads/smt/buzybox_angr.tar.gz/single_test/lsmod/lsmod1363508
2025-06-15 02:09:39.607 | INFO     | __main__:get_Z3_result:356 - 主进程收集结果: /home/nju/Downloads/smt/buzybox_angr.tar.gz/single_test/lsmod/lsmod1279453, 状态: unknown
2025-06-15 02:09:39.620 | INFO     | __main__:process_z3_file:320 - [Worker] 完成: /home/nju/Downloads/smt/buzybox_angr.tar.gz/single_test/lsmod/lsmod1511861, 结果: unknown, 用时: 1200.06s
2025-06-15 02:09:39.621 | INFO     | __main__:process_z3_file:293 - [Worker] 开始处理: /home/nju/Downloads/smt/buzybox_angr.tar.gz/single_test/lsmod/lsmod1239887
2025-06-15 02:09:39.621 | INFO     | __main__:get_Z3_result:356 - 主进程收集结果: /home/nju/Downloads/smt/buzybox_angr.tar.gz/single_test/lsmod/lsmod1511861, 状态: unknown
2025-06-15 02:09:39.628 | INFO     | __main__:process_z3_file:320 - [Worker] 完成: /home/nju/Downloads/smt/buzybox_angr.tar.gz/single_test/lsmod/lsmod1457448, 结果: unknown, 用时: 1200.07s
2025-06-15 02:09:39.629 | INFO     | __main__:process_z3_file:293 - [Worker] 开始处理: /home/nju/Downloads/smt/buzybox_angr.tar.gz/single_test/lsmod/lsmod1111306
2025-06-15 02:09:39.629 | INFO     | __main__:get_Z3_result:356 - 主进程收集结果: /home/nju/Downloads/smt/buzybox_angr.tar.gz/single_test/lsmod/lsmod1457448, 状态: unknown
2025-06-15 02:09:40.324 | INFO     | __main__:process_z3_file:320 - [Worker] 完成: /home/nju/Downloads/smt/buzybox_angr.tar.gz/single_test/lsmod/lsmod1477234, 结果: unknown, 用时: 1200.77s
2025-06-15 02:09:40.325 | INFO     | __main__:process_z3_file:293 - [Worker] 开始处理: /home/nju/Downloads/smt/buzybox_angr.tar.gz/single_test/lsmod/lsmod1304150
2025-06-15 02:09:40.325 | INFO     | __main__:get_Z3_result:356 - 主进程收集结果: /home/nju/Downloads/smt/buzybox_angr.tar.gz/single_test/lsmod/lsmod1477234, 状态: unknown
2025-06-15 02:12:48.192 | INFO     | __main__:process_z3_file:320 - [Worker] 完成: /home/nju/Downloads/smt/buzybox_angr.tar.gz/single_test/lsmod/lsmod1170660, 结果: unknown, 用时: 1200.03s
2025-06-15 02:12:48.194 | INFO     | __main__:process_z3_file:293 - [Worker] 开始处理: /home/nju/Downloads/smt/buzybox_angr.tar.gz/single_test/lsmod/lsmod1175597
2025-06-15 02:12:48.194 | INFO     | __main__:get_Z3_result:356 - 主进程收集结果: /home/nju/Downloads/smt/buzybox_angr.tar.gz/single_test/lsmod/lsmod1170660, 状态: unknown
2025-06-15 02:13:12.728 | INFO     | __main__:process_z3_file:320 - [Worker] 完成: /home/nju/Downloads/smt/buzybox_angr.tar.gz/single_test/lsmod/lsmod1180553, 结果: unknown, 用时: 1200.03s
2025-06-15 02:13:12.729 | INFO     | __main__:process_z3_file:293 - [Worker] 开始处理: /home/nju/Downloads/smt/buzybox_angr.tar.gz/single_test/lsmod/lsmod1378334
2025-06-15 02:13:12.729 | INFO     | __main__:get_Z3_result:356 - 主进程收集结果: /home/nju/Downloads/smt/buzybox_angr.tar.gz/single_test/lsmod/lsmod1180553, 状态: unknown
2025-06-15 02:25:46.902 | INFO     | __main__:process_z3_file:320 - [Worker] 完成: /home/nju/Downloads/smt/buzybox_angr.tar.gz/single_test/lsmod/lsmod1185504, 结果: unknown, 用时: 1200.03s
2025-06-15 02:25:46.903 | INFO     | __main__:process_z3_file:293 - [Worker] 开始处理: /home/nju/Downloads/smt/buzybox_angr.tar.gz/single_test/lsmod/lsmod1140979
2025-06-15 02:25:46.903 | INFO     | __main__:get_Z3_result:356 - 主进程收集结果: /home/nju/Downloads/smt/buzybox_angr.tar.gz/single_test/lsmod/lsmod1185504, 状态: unknown
2025-06-15 02:29:39.662 | INFO     | __main__:process_z3_file:320 - [Worker] 完成: /home/nju/Downloads/smt/buzybox_angr.tar.gz/single_test/lsmod/lsmod1239887, 结果: unknown, 用时: 1200.03s
2025-06-15 02:29:39.663 | INFO     | __main__:process_z3_file:293 - [Worker] 开始处理: /home/nju/Downloads/smt/buzybox_angr.tar.gz/single_test/lsmod/lsmod1427784
2025-06-15 02:29:39.663 | INFO     | __main__:get_Z3_result:356 - 主进程收集结果: /home/nju/Downloads/smt/buzybox_angr.tar.gz/single_test/lsmod/lsmod1239887, 状态: unknown
2025-06-15 02:29:39.664 | INFO     | __main__:process_z3_file:320 - [Worker] 完成: /home/nju/Downloads/smt/buzybox_angr.tar.gz/single_test/lsmod/lsmod1501963, 结果: unknown, 用时: 1200.05s
2025-06-15 02:29:39.666 | INFO     | __main__:process_z3_file:293 - [Worker] 开始处理: /home/nju/Downloads/smt/buzybox_angr.tar.gz/single_test/lsmod/lsmod1472283
2025-06-15 02:29:39.666 | INFO     | __main__:get_Z3_result:356 - 主进程收集结果: /home/nju/Downloads/smt/buzybox_angr.tar.gz/single_test/lsmod/lsmod1501963, 状态: unknown
2025-06-15 02:29:39.912 | INFO     | __main__:process_z3_file:320 - [Worker] 完成: /home/nju/Downloads/smt/buzybox_angr.tar.gz/single_test/lsmod/lsmod1111306, 结果: unknown, 用时: 1200.28s
2025-06-15 02:29:39.913 | INFO     | __main__:process_z3_file:293 - [Worker] 开始处理: /home/nju/Downloads/smt/buzybox_angr.tar.gz/single_test/lsmod/lsmod1536565
2025-06-15 02:29:39.913 | INFO     | __main__:get_Z3_result:356 - 主进程收集结果: /home/nju/Downloads/smt/buzybox_angr.tar.gz/single_test/lsmod/lsmod1111306, 状态: unknown
2025-06-15 02:29:40.286 | INFO     | __main__:process_z3_file:320 - [Worker] 完成: /home/nju/Downloads/smt/buzybox_angr.tar.gz/single_test/lsmod/lsmod1363508, 结果: unknown, 用时: 1200.67s
2025-06-15 02:29:40.287 | INFO     | __main__:process_z3_file:293 - [Worker] 开始处理: /home/nju/Downloads/smt/buzybox_angr.tar.gz/single_test/lsmod/lsmod1442610
2025-06-15 02:29:40.287 | INFO     | __main__:get_Z3_result:356 - 主进程收集结果: /home/nju/Downloads/smt/buzybox_angr.tar.gz/single_test/lsmod/lsmod1363508, 状态: unknown
2025-06-15 02:29:40.378 | INFO     | __main__:process_z3_file:320 - [Worker] 完成: /home/nju/Downloads/smt/buzybox_angr.tar.gz/single_test/lsmod/lsmod1304150, 结果: unknown, 用时: 1200.04s
2025-06-15 02:29:40.379 | INFO     | __main__:process_z3_file:293 - [Worker] 开始处理: /home/nju/Downloads/smt/buzybox_angr.tar.gz/single_test/lsmod/lsmod1487115
2025-06-15 02:29:40.379 | INFO     | __main__:get_Z3_result:356 - 主进程收集结果: /home/nju/Downloads/smt/buzybox_angr.tar.gz/single_test/lsmod/lsmod1304150, 状态: unknown
2025-06-15 02:32:48.229 | INFO     | __main__:process_z3_file:320 - [Worker] 完成: /home/nju/Downloads/smt/buzybox_angr.tar.gz/single_test/lsmod/lsmod1175597, 结果: unknown, 用时: 1200.03s
2025-06-15 02:32:48.230 | INFO     | __main__:process_z3_file:293 - [Worker] 开始处理: /home/nju/Downloads/smt/buzybox_angr.tar.gz/single_test/lsmod/lsmod1432726
2025-06-15 02:32:48.230 | INFO     | __main__:get_Z3_result:356 - 主进程收集结果: /home/nju/Downloads/smt/buzybox_angr.tar.gz/single_test/lsmod/lsmod1175597, 状态: unknown
2025-06-15 02:33:12.796 | INFO     | __main__:process_z3_file:320 - [Worker] 完成: /home/nju/Downloads/smt/buzybox_angr.tar.gz/single_test/lsmod/lsmod1378334, 结果: unknown, 用时: 1200.05s
2025-06-15 02:33:12.797 | INFO     | __main__:process_z3_file:293 - [Worker] 开始处理: /home/nju/Downloads/smt/buzybox_angr.tar.gz/single_test/lsmod/lsmod1516806
2025-06-15 02:33:12.798 | INFO     | __main__:get_Z3_result:356 - 主进程收集结果: /home/nju/Downloads/smt/buzybox_angr.tar.gz/single_test/lsmod/lsmod1378334, 状态: unknown
2025-06-15 02:45:46.948 | INFO     | __main__:process_z3_file:320 - [Worker] 完成: /home/nju/Downloads/smt/buzybox_angr.tar.gz/single_test/lsmod/lsmod1140979, 结果: unknown, 用时: 1200.03s
2025-06-15 02:45:46.950 | INFO     | __main__:process_z3_file:293 - [Worker] 开始处理: /home/nju/Downloads/smt/buzybox_angr.tar.gz/single_test/lsmod/lsmod1531625
2025-06-15 02:45:46.950 | INFO     | __main__:get_Z3_result:356 - 主进程收集结果: /home/nju/Downloads/smt/buzybox_angr.tar.gz/single_test/lsmod/lsmod1140979, 状态: unknown
2025-06-15 02:49:40.355 | INFO     | __main__:process_z3_file:320 - [Worker] 完成: /home/nju/Downloads/smt/buzybox_angr.tar.gz/single_test/lsmod/lsmod1442610, 结果: unknown, 用时: 1200.05s
2025-06-15 02:49:40.356 | INFO     | __main__:process_z3_file:293 - [Worker] 开始处理: /home/nju/Downloads/smt/buzybox_angr.tar.gz/single_test/lsmod/lsmod1190446
2025-06-15 02:49:40.356 | INFO     | __main__:get_Z3_result:356 - 主进程收集结果: /home/nju/Downloads/smt/buzybox_angr.tar.gz/single_test/lsmod/lsmod1442610, 状态: unknown
2025-06-15 02:49:40.383 | INFO     | __main__:process_z3_file:320 - [Worker] 完成: /home/nju/Downloads/smt/buzybox_angr.tar.gz/single_test/lsmod/lsmod1472283, 结果: unknown, 用时: 1200.70s
2025-06-15 02:49:40.384 | INFO     | __main__:process_z3_file:293 - [Worker] 开始处理: /home/nju/Downloads/smt/buzybox_angr.tar.gz/single_test/lsmod/lsmod1155821
2025-06-15 02:49:40.384 | INFO     | __main__:get_Z3_result:356 - 主进程收集结果: /home/nju/Downloads/smt/buzybox_angr.tar.gz/single_test/lsmod/lsmod1472283, 状态: unknown
2025-06-15 02:49:40.493 | INFO     | __main__:process_z3_file:320 - [Worker] 完成: /home/nju/Downloads/smt/buzybox_angr.tar.gz/single_test/lsmod/lsmod1427784, 结果: unknown, 用时: 1200.81s
2025-06-15 02:49:40.494 | INFO     | __main__:process_z3_file:293 - [Worker] 开始处理: /home/nju/Downloads/smt/buzybox_angr.tar.gz/single_test/lsmod/lsmod1106358
2025-06-15 02:49:40.494 | INFO     | __main__:get_Z3_result:356 - 主进程收集结果: /home/nju/Downloads/smt/buzybox_angr.tar.gz/single_test/lsmod/lsmod1427784, 状态: unknown
2025-06-15 02:49:40.747 | INFO     | __main__:process_z3_file:320 - [Worker] 完成: /home/nju/Downloads/smt/buzybox_angr.tar.gz/single_test/lsmod/lsmod1536565, 结果: unknown, 用时: 1200.82s
2025-06-15 02:49:40.748 | INFO     | __main__:process_z3_file:293 - [Worker] 开始处理: /home/nju/Downloads/smt/buzybox_angr.tar.gz/single_test/lsmod/lsmod1447559
2025-06-15 02:49:40.749 | INFO     | __main__:get_Z3_result:356 - 主进程收集结果: /home/nju/Downloads/smt/buzybox_angr.tar.gz/single_test/lsmod/lsmod1536565, 状态: unknown
2025-06-15 02:49:41.121 | INFO     | __main__:process_z3_file:320 - [Worker] 完成: /home/nju/Downloads/smt/buzybox_angr.tar.gz/single_test/lsmod/lsmod1487115, 结果: unknown, 用时: 1200.73s
2025-06-15 02:49:41.123 | INFO     | __main__:process_z3_file:293 - [Worker] 开始处理: /home/nju/Downloads/smt/buzybox_angr.tar.gz/single_test/lsmod/lsmod1299201
2025-06-15 02:49:41.123 | INFO     | __main__:get_Z3_result:356 - 主进程收集结果: /home/nju/Downloads/smt/buzybox_angr.tar.gz/single_test/lsmod/lsmod1487115, 状态: unknown
2025-06-15 02:52:48.894 | INFO     | __main__:process_z3_file:320 - [Worker] 完成: /home/nju/Downloads/smt/buzybox_angr.tar.gz/single_test/lsmod/lsmod1432726, 结果: unknown, 用时: 1200.64s
2025-06-15 02:52:48.896 | INFO     | __main__:process_z3_file:293 - [Worker] 开始处理: /home/nju/Downloads/smt/buzybox_angr.tar.gz/single_test/lsmod/lsmod1407998
2025-06-15 02:52:48.896 | INFO     | __main__:get_Z3_result:356 - 主进程收集结果: /home/nju/Downloads/smt/buzybox_angr.tar.gz/single_test/lsmod/lsmod1432726, 状态: unknown
2025-06-15 02:53:12.870 | INFO     | __main__:process_z3_file:320 - [Worker] 完成: /home/nju/Downloads/smt/buzybox_angr.tar.gz/single_test/lsmod/lsmod1516806, 结果: unknown, 用时: 1200.06s
2025-06-15 02:53:12.871 | INFO     | __main__:process_z3_file:293 - [Worker] 开始处理: /home/nju/Downloads/smt/buzybox_angr.tar.gz/single_test/lsmod/lsmod1195380
2025-06-15 02:53:12.871 | INFO     | __main__:get_Z3_result:356 - 主进程收集结果: /home/nju/Downloads/smt/buzybox_angr.tar.gz/single_test/lsmod/lsmod1516806, 状态: unknown
2025-06-15 03:05:47.034 | INFO     | __main__:process_z3_file:320 - [Worker] 完成: /home/nju/Downloads/smt/buzybox_angr.tar.gz/single_test/lsmod/lsmod1531625, 结果: unknown, 用时: 1200.06s
2025-06-15 03:05:47.035 | INFO     | __main__:process_z3_file:293 - [Worker] 开始处理: /home/nju/Downloads/smt/buzybox_angr.tar.gz/single_test/lsmod/lsmod1412940
2025-06-15 03:05:47.035 | INFO     | __main__:get_Z3_result:356 - 主进程收集结果: /home/nju/Downloads/smt/buzybox_angr.tar.gz/single_test/lsmod/lsmod1531625, 状态: unknown
2025-06-15 03:09:40.424 | INFO     | __main__:process_z3_file:320 - [Worker] 完成: /home/nju/Downloads/smt/buzybox_angr.tar.gz/single_test/lsmod/lsmod1155821, 结果: unknown, 用时: 1200.03s
2025-06-15 03:09:40.425 | INFO     | __main__:process_z3_file:293 - [Worker] 开始处理: /home/nju/Downloads/smt/buzybox_angr.tar.gz/single_test/lsmod/lsmod1353611
2025-06-15 03:09:40.425 | INFO     | __main__:get_Z3_result:356 - 主进程收集结果: /home/nju/Downloads/smt/buzybox_angr.tar.gz/single_test/lsmod/lsmod1155821, 状态: unknown
2025-06-15 03:09:40.529 | INFO     | __main__:process_z3_file:320 - [Worker] 完成: /home/nju/Downloads/smt/buzybox_angr.tar.gz/single_test/lsmod/lsmod1106358, 结果: unknown, 用时: 1200.03s
2025-06-15 03:09:40.531 | INFO     | __main__:process_z3_file:293 - [Worker] 开始处理: /home/nju/Downloads/smt/buzybox_angr.tar.gz/single_test/lsmod/lsmod1403060
2025-06-15 03:09:40.531 | INFO     | __main__:get_Z3_result:356 - 主进程收集结果: /home/nju/Downloads/smt/buzybox_angr.tar.gz/single_test/lsmod/lsmod1106358, 状态: unknown
2025-06-15 03:09:40.726 | INFO     | __main__:process_z3_file:320 - [Worker] 完成: /home/nju/Downloads/smt/buzybox_angr.tar.gz/single_test/lsmod/lsmod1190446, 结果: unknown, 用时: 1200.36s
2025-06-15 03:09:40.728 | INFO     | __main__:process_z3_file:293 - [Worker] 开始处理: /home/nju/Downloads/smt/buzybox_angr.tar.gz/single_test/lsmod/lsmod1096465
2025-06-15 03:09:40.728 | INFO     | __main__:get_Z3_result:356 - 主进程收集结果: /home/nju/Downloads/smt/buzybox_angr.tar.gz/single_test/lsmod/lsmod1190446, 状态: unknown
2025-06-15 03:09:41.186 | INFO     | __main__:process_z3_file:320 - [Worker] 完成: /home/nju/Downloads/smt/buzybox_angr.tar.gz/single_test/lsmod/lsmod1299201, 结果: unknown, 用时: 1200.05s
2025-06-15 03:09:41.187 | INFO     | __main__:process_z3_file:293 - [Worker] 开始处理: /home/nju/Downloads/smt/buzybox_angr.tar.gz/single_test/lsmod/lsmod1284381
2025-06-15 03:09:41.187 | INFO     | __main__:get_Z3_result:356 - 主进程收集结果: /home/nju/Downloads/smt/buzybox_angr.tar.gz/single_test/lsmod/lsmod1299201, 状态: unknown
2025-06-15 03:09:41.609 | INFO     | __main__:process_z3_file:320 - [Worker] 完成: /home/nju/Downloads/smt/buzybox_angr.tar.gz/single_test/lsmod/lsmod1447559, 结果: unknown, 用时: 1200.84s
2025-06-15 03:09:41.611 | INFO     | __main__:process_z3_file:293 - [Worker] 开始处理: /home/nju/Downloads/smt/buzybox_angr.tar.gz/single_test/lsmod/lsmod1482183
2025-06-15 03:09:41.611 | INFO     | __main__:get_Z3_result:356 - 主进程收集结果: /home/nju/Downloads/smt/buzybox_angr.tar.gz/single_test/lsmod/lsmod1447559, 状态: unknown
2025-06-15 03:12:48.970 | INFO     | __main__:process_z3_file:320 - [Worker] 完成: /home/nju/Downloads/smt/buzybox_angr.tar.gz/single_test/lsmod/lsmod1407998, 结果: unknown, 用时: 1200.05s
2025-06-15 03:12:48.971 | INFO     | __main__:process_z3_file:293 - [Worker] 开始处理: /home/nju/Downloads/smt/buzybox_angr.tar.gz/single_test/lsmod/lsmod1234944
2025-06-15 03:12:48.971 | INFO     | __main__:get_Z3_result:356 - 主进程收集结果: /home/nju/Downloads/smt/buzybox_angr.tar.gz/single_test/lsmod/lsmod1407998, 状态: unknown
2025-06-15 03:13:13.244 | INFO     | __main__:process_z3_file:320 - [Worker] 完成: /home/nju/Downloads/smt/buzybox_angr.tar.gz/single_test/lsmod/lsmod1195380, 结果: unknown, 用时: 1200.36s
2025-06-15 03:13:13.245 | INFO     | __main__:process_z3_file:293 - [Worker] 开始处理: /home/nju/Downloads/smt/buzybox_angr.tar.gz/single_test/lsmod/lsmod1338770
2025-06-15 03:13:13.245 | INFO     | __main__:get_Z3_result:356 - 主进程收集结果: /home/nju/Downloads/smt/buzybox_angr.tar.gz/single_test/lsmod/lsmod1195380, 状态: unknown
2025-06-15 03:25:47.111 | INFO     | __main__:process_z3_file:320 - [Worker] 完成: /home/nju/Downloads/smt/buzybox_angr.tar.gz/single_test/lsmod/lsmod1412940, 结果: unknown, 用时: 1200.06s
2025-06-15 03:25:47.113 | INFO     | __main__:process_z3_file:293 - [Worker] 开始处理: /home/nju/Downloads/smt/buzybox_angr.tar.gz/single_test/lsmod/lsmod1254732
2025-06-15 03:25:47.113 | INFO     | __main__:get_Z3_result:356 - 主进程收集结果: /home/nju/Downloads/smt/buzybox_angr.tar.gz/single_test/lsmod/lsmod1412940, 状态: unknown
2025-06-15 03:29:40.491 | INFO     | __main__:process_z3_file:320 - [Worker] 完成: /home/nju/Downloads/smt/buzybox_angr.tar.gz/single_test/lsmod/lsmod1353611, 结果: unknown, 用时: 1200.05s
2025-06-15 03:29:40.492 | INFO     | __main__:process_z3_file:293 - [Worker] 开始处理: /home/nju/Downloads/smt/buzybox_angr.tar.gz/single_test/lsmod/lsmod1314036
2025-06-15 03:29:40.493 | INFO     | __main__:get_Z3_result:356 - 主进程收集结果: /home/nju/Downloads/smt/buzybox_angr.tar.gz/single_test/lsmod/lsmod1353611, 状态: unknown
2025-06-15 03:29:40.606 | INFO     | __main__:process_z3_file:320 - [Worker] 完成: /home/nju/Downloads/smt/buzybox_angr.tar.gz/single_test/lsmod/lsmod1403060, 结果: unknown, 用时: 1200.07s
2025-06-15 03:29:40.608 | INFO     | __main__:process_z3_file:293 - [Worker] 开始处理: /home/nju/Downloads/smt/buzybox_angr.tar.gz/single_test/lsmod/lsmod1462393
2025-06-15 03:29:40.608 | INFO     | __main__:get_Z3_result:356 - 主进程收集结果: /home/nju/Downloads/smt/buzybox_angr.tar.gz/single_test/lsmod/lsmod1403060, 状态: unknown
2025-06-15 03:29:40.756 | INFO     | __main__:process_z3_file:320 - [Worker] 完成: /home/nju/Downloads/smt/buzybox_angr.tar.gz/single_test/lsmod/lsmod1096465, 结果: unknown, 用时: 1200.02s
2025-06-15 03:29:40.758 | INFO     | __main__:process_z3_file:293 - [Worker] 开始处理: /home/nju/Downloads/smt/buzybox_angr.tar.gz/single_test/lsmod/lsmod1373393
2025-06-15 03:29:40.758 | INFO     | __main__:get_Z3_result:356 - 主进程收集结果: /home/nju/Downloads/smt/buzybox_angr.tar.gz/single_test/lsmod/lsmod1096465, 状态: unknown
2025-06-15 03:29:41.778 | INFO     | __main__:process_z3_file:320 - [Worker] 完成: /home/nju/Downloads/smt/buzybox_angr.tar.gz/single_test/lsmod/lsmod1284381, 结果: unknown, 用时: 1200.57s
2025-06-15 03:29:41.779 | INFO     | __main__:process_z3_file:293 - [Worker] 开始处理: /home/nju/Downloads/smt/buzybox_angr.tar.gz/single_test/lsmod/lsmod1215157
2025-06-15 03:29:41.779 | INFO     | __main__:get_Z3_result:356 - 主进程收集结果: /home/nju/Downloads/smt/buzybox_angr.tar.gz/single_test/lsmod/lsmod1284381, 状态: unknown
2025-06-15 03:29:42.456 | INFO     | __main__:process_z3_file:320 - [Worker] 完成: /home/nju/Downloads/smt/buzybox_angr.tar.gz/single_test/lsmod/lsmod1482183, 结果: unknown, 用时: 1200.83s
2025-06-15 03:29:42.457 | INFO     | __main__:process_z3_file:293 - [Worker] 开始处理: /home/nju/Downloads/smt/buzybox_angr.tar.gz/single_test/lsmod/lsmod1121208
2025-06-15 03:29:42.457 | INFO     | __main__:get_Z3_result:356 - 主进程收集结果: /home/nju/Downloads/smt/buzybox_angr.tar.gz/single_test/lsmod/lsmod1482183, 状态: unknown
2025-06-15 03:32:49.015 | INFO     | __main__:process_z3_file:320 - [Worker] 完成: /home/nju/Downloads/smt/buzybox_angr.tar.gz/single_test/lsmod/lsmod1234944, 结果: unknown, 用时: 1200.04s
2025-06-15 03:32:49.016 | INFO     | __main__:process_z3_file:293 - [Worker] 开始处理: /home/nju/Downloads/smt/buzybox_angr.tar.gz/single_test/lsmod/lsmod1506917
2025-06-15 03:32:49.016 | INFO     | __main__:get_Z3_result:356 - 主进程收集结果: /home/nju/Downloads/smt/buzybox_angr.tar.gz/single_test/lsmod/lsmod1234944, 状态: unknown
2025-06-15 03:33:13.307 | INFO     | __main__:process_z3_file:320 - [Worker] 完成: /home/nju/Downloads/smt/buzybox_angr.tar.gz/single_test/lsmod/lsmod1338770, 结果: unknown, 用时: 1200.05s
2025-06-15 03:33:13.308 | INFO     | __main__:process_z3_file:293 - [Worker] 开始处理: /home/nju/Downloads/smt/buzybox_angr.tar.gz/single_test/lsmod/lsmod1229995
2025-06-15 03:33:13.308 | INFO     | __main__:get_Z3_result:356 - 主进程收集结果: /home/nju/Downloads/smt/buzybox_angr.tar.gz/single_test/lsmod/lsmod1338770, 状态: unknown
2025-06-15 03:45:47.172 | INFO     | __main__:process_z3_file:320 - [Worker] 完成: /home/nju/Downloads/smt/buzybox_angr.tar.gz/single_test/lsmod/lsmod1254732, 结果: unknown, 用时: 1200.04s
2025-06-15 03:45:47.173 | INFO     | __main__:process_z3_file:293 - [Worker] 开始处理: /home/nju/Downloads/smt/buzybox_angr.tar.gz/single_test/lsmod/lsmod1422833
2025-06-15 03:45:47.173 | INFO     | __main__:get_Z3_result:356 - 主进程收集结果: /home/nju/Downloads/smt/buzybox_angr.tar.gz/single_test/lsmod/lsmod1254732, 状态: unknown
2025-06-15 03:49:40.670 | INFO     | __main__:process_z3_file:320 - [Worker] 完成: /home/nju/Downloads/smt/buzybox_angr.tar.gz/single_test/lsmod/lsmod1462393, 结果: unknown, 用时: 1200.05s
2025-06-15 03:49:40.671 | INFO     | __main__:process_z3_file:293 - [Worker] 开始处理: /home/nju/Downloads/smt/buzybox_angr.tar.gz/single_test/lsmod/lsmod1526680
2025-06-15 03:49:40.671 | INFO     | __main__:get_Z3_result:356 - 主进程收集结果: /home/nju/Downloads/smt/buzybox_angr.tar.gz/single_test/lsmod/lsmod1462393, 状态: unknown
2025-06-15 03:49:41.086 | INFO     | __main__:process_z3_file:320 - [Worker] 完成: /home/nju/Downloads/smt/buzybox_angr.tar.gz/single_test/lsmod/lsmod1314036, 结果: unknown, 用时: 1200.58s
2025-06-15 03:49:41.088 | INFO     | __main__:process_z3_file:293 - [Worker] 开始处理: /home/nju/Downloads/smt/buzybox_angr.tar.gz/single_test/readahead/readahead646947
2025-06-15 03:49:41.088 | INFO     | __main__:get_Z3_result:356 - 主进程收集结果: /home/nju/Downloads/smt/buzybox_angr.tar.gz/single_test/lsmod/lsmod1314036, 状态: unknown
2025-06-15 03:49:41.396 | INFO     | __main__:process_z3_file:320 - [Worker] 完成: /home/nju/Downloads/smt/buzybox_angr.tar.gz/single_test/lsmod/lsmod1373393, 结果: unknown, 用时: 1200.62s
2025-06-15 03:49:41.397 | INFO     | __main__:process_z3_file:293 - [Worker] 开始处理: /home/nju/Downloads/smt/buzybox_angr.tar.gz/single_test/readahead/readahead647013
2025-06-15 03:49:41.397 | INFO     | __main__:get_Z3_result:356 - 主进程收集结果: /home/nju/Downloads/smt/buzybox_angr.tar.gz/single_test/lsmod/lsmod1373393, 状态: unknown
2025-06-15 03:49:41.834 | INFO     | __main__:process_z3_file:320 - [Worker] 完成: /home/nju/Downloads/smt/buzybox_angr.tar.gz/single_test/lsmod/lsmod1215157, 结果: unknown, 用时: 1200.04s
2025-06-15 03:49:41.835 | INFO     | __main__:process_z3_file:293 - [Worker] 开始处理: /home/nju/Downloads/smt/buzybox_angr.tar.gz/single_test/readahead/readahead671140
2025-06-15 03:49:41.835 | INFO     | __main__:get_Z3_result:356 - 主进程收集结果: /home/nju/Downloads/smt/buzybox_angr.tar.gz/single_test/lsmod/lsmod1215157, 状态: unknown
2025-06-15 03:49:42.533 | INFO     | __main__:process_z3_file:320 - [Worker] 完成: /home/nju/Downloads/smt/buzybox_angr.tar.gz/single_test/lsmod/lsmod1121208, 结果: unknown, 用时: 1200.06s
2025-06-15 03:49:42.534 | INFO     | __main__:process_z3_file:293 - [Worker] 开始处理: /home/nju/Downloads/smt/buzybox_angr.tar.gz/single_test/mkfs.ext/mkfs.ext21453754
2025-06-15 03:49:42.534 | INFO     | __main__:get_Z3_result:356 - 主进程收集结果: /home/nju/Downloads/smt/buzybox_angr.tar.gz/single_test/lsmod/lsmod1121208, 状态: unknown
2025-06-15 03:52:49.098 | INFO     | __main__:process_z3_file:320 - [Worker] 完成: /home/nju/Downloads/smt/buzybox_angr.tar.gz/single_test/lsmod/lsmod1506917, 结果: unknown, 用时: 1200.06s
2025-06-15 03:52:49.099 | INFO     | __main__:process_z3_file:293 - [Worker] 开始处理: /home/nju/Downloads/smt/buzybox_angr.tar.gz/single_test/mkfs.ext/mkfs.ext21453745
2025-06-15 03:52:49.100 | INFO     | __main__:get_Z3_result:356 - 主进程收集结果: /home/nju/Downloads/smt/buzybox_angr.tar.gz/single_test/lsmod/lsmod1506917, 状态: unknown
2025-06-15 03:53:13.364 | INFO     | __main__:process_z3_file:320 - [Worker] 完成: /home/nju/Downloads/smt/buzybox_angr.tar.gz/single_test/lsmod/lsmod1229995, 结果: unknown, 用时: 1200.04s
2025-06-15 03:53:13.366 | INFO     | __main__:process_z3_file:293 - [Worker] 开始处理: /home/nju/Downloads/smt/buzybox_angr.tar.gz/single_test/mkfs.ext/mkfs.ext21453817
2025-06-15 03:53:13.366 | INFO     | __main__:get_Z3_result:356 - 主进程收集结果: /home/nju/Downloads/smt/buzybox_angr.tar.gz/single_test/lsmod/lsmod1229995, 状态: unknown
2025-06-15 04:05:47.256 | INFO     | __main__:process_z3_file:320 - [Worker] 完成: /home/nju/Downloads/smt/buzybox_angr.tar.gz/single_test/lsmod/lsmod1422833, 结果: unknown, 用时: 1200.07s
2025-06-15 04:05:47.257 | INFO     | __main__:process_z3_file:293 - [Worker] 开始处理: /home/nju/Downloads/smt/buzybox_angr.tar.gz/single_test/fsync/fsync846198
2025-06-15 04:05:47.258 | INFO     | __main__:get_Z3_result:356 - 主进程收集结果: /home/nju/Downloads/smt/buzybox_angr.tar.gz/single_test/lsmod/lsmod1422833, 状态: unknown
2025-06-15 04:09:40.771 | INFO     | __main__:process_z3_file:320 - [Worker] 完成: /home/nju/Downloads/smt/buzybox_angr.tar.gz/single_test/lsmod/lsmod1526680, 结果: unknown, 用时: 1200.08s
2025-06-15 04:09:40.773 | INFO     | __main__:process_z3_file:293 - [Worker] 开始处理: /home/nju/Downloads/smt/buzybox_angr.tar.gz/single_test/fsync/fsync846135
2025-06-15 04:09:40.773 | INFO     | __main__:get_Z3_result:356 - 主进程收集结果: /home/nju/Downloads/smt/buzybox_angr.tar.gz/single_test/lsmod/lsmod1526680, 状态: unknown
2025-06-15 04:09:41.114 | INFO     | __main__:process_z3_file:320 - [Worker] 完成: /home/nju/Downloads/smt/buzybox_angr.tar.gz/single_test/readahead/readahead646947, 结果: unknown, 用时: 1200.01s
2025-06-15 04:09:41.115 | INFO     | __main__:process_z3_file:293 - [Worker] 开始处理: /home/nju/Downloads/smt/buzybox_angr.tar.gz/single_test/mt/mt733326
2025-06-15 04:09:41.115 | INFO     | __main__:get_Z3_result:356 - 主进程收集结果: /home/nju/Downloads/smt/buzybox_angr.tar.gz/single_test/readahead/readahead646947, 状态: unknown
2025-06-15 04:09:41.418 | INFO     | __main__:process_z3_file:320 - [Worker] 完成: /home/nju/Downloads/smt/buzybox_angr.tar.gz/single_test/readahead/readahead647013, 结果: unknown, 用时: 1200.01s
2025-06-15 04:09:41.419 | INFO     | __main__:process_z3_file:293 - [Worker] 开始处理: /home/nju/Downloads/smt/buzybox_angr.tar.gz/single_test/mt/mt733254
2025-06-15 04:09:41.420 | INFO     | __main__:get_Z3_result:356 - 主进程收集结果: /home/nju/Downloads/smt/buzybox_angr.tar.gz/single_test/readahead/readahead647013, 状态: unknown
2025-06-15 04:09:41.859 | INFO     | __main__:process_z3_file:320 - [Worker] 完成: /home/nju/Downloads/smt/buzybox_angr.tar.gz/single_test/readahead/readahead671140, 结果: unknown, 用时: 1200.01s
2025-06-15 04:09:41.860 | INFO     | __main__:process_z3_file:293 - [Worker] 开始处理: /home/nju/Downloads/smt/buzybox_angr.tar.gz/single_test/mkdir/mkdir1346991
2025-06-15 04:09:41.860 | INFO     | __main__:get_Z3_result:356 - 主进程收集结果: /home/nju/Downloads/smt/buzybox_angr.tar.gz/single_test/readahead/readahead671140, 状态: unknown
2025-06-15 04:09:42.553 | INFO     | __main__:process_z3_file:320 - [Worker] 完成: /home/nju/Downloads/smt/buzybox_angr.tar.gz/single_test/mkfs.ext/mkfs.ext21453754, 结果: unknown, 用时: 1200.01s
2025-06-15 04:09:42.555 | INFO     | __main__:process_z3_file:293 - [Worker] 开始处理: /home/nju/Downloads/smt/buzybox_angr.tar.gz/single_test/mkdir/mkdir1347063
2025-06-15 04:09:42.555 | INFO     | __main__:get_Z3_result:356 - 主进程收集结果: /home/nju/Downloads/smt/buzybox_angr.tar.gz/single_test/mkfs.ext/mkfs.ext21453754, 状态: unknown
2025-06-15 04:12:49.123 | INFO     | __main__:process_z3_file:320 - [Worker] 完成: /home/nju/Downloads/smt/buzybox_angr.tar.gz/single_test/mkfs.ext/mkfs.ext21453745, 结果: unknown, 用时: 1200.01s
2025-06-15 04:12:49.125 | INFO     | __main__:process_z3_file:293 - [Worker] 开始处理: /home/nju/Downloads/smt/buzybox_angr.tar.gz/single_test/mkdir/mkdir1347000
2025-06-15 04:12:49.125 | INFO     | __main__:get_Z3_result:356 - 主进程收集结果: /home/nju/Downloads/smt/buzybox_angr.tar.gz/single_test/mkfs.ext/mkfs.ext21453745, 状态: unknown
2025-06-15 04:13:13.388 | INFO     | __main__:process_z3_file:320 - [Worker] 完成: /home/nju/Downloads/smt/buzybox_angr.tar.gz/single_test/mkfs.ext/mkfs.ext21453817, 结果: unknown, 用时: 1200.01s
2025-06-15 04:13:13.390 | INFO     | __main__:process_z3_file:293 - [Worker] 开始处理: /home/nju/Downloads/smt/buzybox_angr.tar.gz/single_test/fgconsole/fgconsole999278
2025-06-15 04:13:13.390 | INFO     | __main__:get_Z3_result:356 - 主进程收集结果: /home/nju/Downloads/smt/buzybox_angr.tar.gz/single_test/mkfs.ext/mkfs.ext21453817, 状态: unknown
2025-06-15 04:25:47.270 | INFO     | __main__:process_z3_file:320 - [Worker] 完成: /home/nju/Downloads/smt/buzybox_angr.tar.gz/single_test/fsync/fsync846198, 结果: unknown, 用时: 1200.01s
2025-06-15 04:25:47.272 | INFO     | __main__:process_z3_file:293 - [Worker] 开始处理: /home/nju/Downloads/smt/buzybox_angr.tar.gz/single_test/fgconsole/fgconsole999341
2025-06-15 04:25:47.272 | INFO     | __main__:get_Z3_result:356 - 主进程收集结果: /home/nju/Downloads/smt/buzybox_angr.tar.gz/single_test/fsync/fsync846198, 状态: unknown
2025-06-15 04:29:40.789 | INFO     | __main__:process_z3_file:320 - [Worker] 完成: /home/nju/Downloads/smt/buzybox_angr.tar.gz/single_test/fsync/fsync846135, 结果: unknown, 用时: 1200.01s
2025-06-15 04:29:40.791 | INFO     | __main__:process_z3_file:293 - [Worker] 开始处理: /home/nju/Downloads/smt/buzybox_angr.tar.gz/single_test/ifconfig/ifconfig872949
2025-06-15 04:29:40.791 | INFO     | __main__:get_Z3_result:356 - 主进程收集结果: /home/nju/Downloads/smt/buzybox_angr.tar.gz/single_test/fsync/fsync846135, 状态: unknown
2025-06-15 04:29:41.137 | INFO     | __main__:process_z3_file:320 - [Worker] 完成: /home/nju/Downloads/smt/buzybox_angr.tar.gz/single_test/mt/mt733326, 结果: unknown, 用时: 1200.01s
2025-06-15 04:29:41.139 | INFO     | __main__:process_z3_file:293 - [Worker] 开始处理: /home/nju/Downloads/smt/buzybox_angr.tar.gz/single_test/ifconfig/ifconfig873021
2025-06-15 04:29:41.139 | INFO     | __main__:get_Z3_result:356 - 主进程收集结果: /home/nju/Downloads/smt/buzybox_angr.tar.gz/single_test/mt/mt733326, 状态: unknown
2025-06-15 04:29:41.461 | INFO     | __main__:process_z3_file:320 - [Worker] 完成: /home/nju/Downloads/smt/buzybox_angr.tar.gz/single_test/mt/mt733254, 结果: unknown, 用时: 1200.03s
2025-06-15 04:29:41.463 | INFO     | __main__:process_z3_file:293 - [Worker] 开始处理: /home/nju/Downloads/smt/buzybox_angr.tar.gz/single_test/ifconfig/ifconfig872958
2025-06-15 04:29:41.463 | INFO     | __main__:get_Z3_result:356 - 主进程收集结果: /home/nju/Downloads/smt/buzybox_angr.tar.gz/single_test/mt/mt733254, 状态: unknown
2025-06-15 04:29:41.874 | INFO     | __main__:process_z3_file:320 - [Worker] 完成: /home/nju/Downloads/smt/buzybox_angr.tar.gz/single_test/mkdir/mkdir1346991, 结果: unknown, 用时: 1200.01s
2025-06-15 04:29:41.876 | INFO     | __main__:process_z3_file:293 - [Worker] 开始处理: /home/nju/Downloads/smt/buzybox_angr.tar.gz/single_test/ifconfig/ifconfig873019
2025-06-15 04:29:41.876 | INFO     | __main__:get_Z3_result:356 - 主进程收集结果: /home/nju/Downloads/smt/buzybox_angr.tar.gz/single_test/mkdir/mkdir1346991, 状态: unknown
2025-06-15 04:29:42.566 | INFO     | __main__:process_z3_file:320 - [Worker] 完成: /home/nju/Downloads/smt/buzybox_angr.tar.gz/single_test/mkdir/mkdir1347063, 结果: unknown, 用时: 1200.01s
2025-06-15 04:29:42.568 | INFO     | __main__:process_z3_file:293 - [Worker] 开始处理: /home/nju/Downloads/smt/buzybox_angr.tar.gz/single_test/rpm2cpio/rpm2cpio828811
2025-06-15 04:29:42.568 | INFO     | __main__:get_Z3_result:356 - 主进程收集结果: /home/nju/Downloads/smt/buzybox_angr.tar.gz/single_test/mkdir/mkdir1347063, 状态: unknown
2025-06-15 04:32:49.140 | INFO     | __main__:process_z3_file:320 - [Worker] 完成: /home/nju/Downloads/smt/buzybox_angr.tar.gz/single_test/mkdir/mkdir1347000, 结果: unknown, 用时: 1200.01s
2025-06-15 04:32:49.141 | INFO     | __main__:process_z3_file:293 - [Worker] 开始处理: /home/nju/Downloads/smt/buzybox_angr.tar.gz/single_test/rpm2cpio/rpm2cpio828886
2025-06-15 04:32:49.141 | INFO     | __main__:get_Z3_result:356 - 主进程收集结果: /home/nju/Downloads/smt/buzybox_angr.tar.gz/single_test/mkdir/mkdir1347000, 状态: unknown
2025-06-15 04:33:13.415 | INFO     | __main__:process_z3_file:320 - [Worker] 完成: /home/nju/Downloads/smt/buzybox_angr.tar.gz/single_test/fgconsole/fgconsole999278, 结果: unknown, 用时: 1200.01s
2025-06-15 04:33:13.416 | INFO     | __main__:process_z3_file:293 - [Worker] 开始处理: /home/nju/Downloads/smt/buzybox_angr.tar.gz/single_test/rpm2cpio/rpm2cpio828881
2025-06-15 04:33:13.416 | INFO     | __main__:get_Z3_result:356 - 主进程收集结果: /home/nju/Downloads/smt/buzybox_angr.tar.gz/single_test/fgconsole/fgconsole999278, 状态: unknown
2025-06-15 04:45:47.292 | INFO     | __main__:process_z3_file:320 - [Worker] 完成: /home/nju/Downloads/smt/buzybox_angr.tar.gz/single_test/fgconsole/fgconsole999341, 结果: unknown, 用时: 1200.01s
2025-06-15 04:45:47.294 | INFO     | __main__:process_z3_file:293 - [Worker] 开始处理: /home/nju/Downloads/smt/buzybox_angr.tar.gz/single_test/setpriv/setpriv1407616
2025-06-15 04:45:47.294 | INFO     | __main__:get_Z3_result:356 - 主进程收集结果: /home/nju/Downloads/smt/buzybox_angr.tar.gz/single_test/fgconsole/fgconsole999341, 状态: unknown
2025-06-15 04:49:40.816 | INFO     | __main__:process_z3_file:320 - [Worker] 完成: /home/nju/Downloads/smt/buzybox_angr.tar.gz/single_test/ifconfig/ifconfig872949, 结果: unknown, 用时: 1200.01s
2025-06-15 04:49:40.818 | INFO     | __main__:process_z3_file:293 - [Worker] 开始处理: /home/nju/Downloads/smt/buzybox_angr.tar.gz/single_test/setconsole/setconsole1166473
2025-06-15 04:49:40.818 | INFO     | __main__:get_Z3_result:356 - 主进程收集结果: /home/nju/Downloads/smt/buzybox_angr.tar.gz/single_test/ifconfig/ifconfig872949, 状态: unknown
2025-06-15 04:49:41.159 | INFO     | __main__:process_z3_file:320 - [Worker] 完成: /home/nju/Downloads/smt/buzybox_angr.tar.gz/single_test/ifconfig/ifconfig873021, 结果: unknown, 用时: 1200.01s
2025-06-15 04:49:41.160 | INFO     | __main__:process_z3_file:293 - [Worker] 开始处理: /home/nju/Downloads/smt/buzybox_angr.tar.gz/single_test/mkfs.vfat/mkfs.vfat1323131
2025-06-15 04:49:41.160 | INFO     | __main__:get_Z3_result:356 - 主进程收集结果: /home/nju/Downloads/smt/buzybox_angr.tar.gz/single_test/ifconfig/ifconfig873021, 状态: unknown
2025-06-15 04:49:41.490 | INFO     | __main__:process_z3_file:320 - [Worker] 完成: /home/nju/Downloads/smt/buzybox_angr.tar.gz/single_test/ifconfig/ifconfig872958, 结果: unknown, 用时: 1200.01s
2025-06-15 04:49:41.492 | INFO     | __main__:process_z3_file:293 - [Worker] 开始处理: /home/nju/Downloads/smt/buzybox_angr.tar.gz/single_test/setarch/setarch1109535
2025-06-15 04:49:41.492 | INFO     | __main__:get_Z3_result:356 - 主进程收集结果: /home/nju/Downloads/smt/buzybox_angr.tar.gz/single_test/ifconfig/ifconfig872958, 状态: unknown
2025-06-15 04:49:41.898 | INFO     | __main__:process_z3_file:320 - [Worker] 完成: /home/nju/Downloads/smt/buzybox_angr.tar.gz/single_test/ifconfig/ifconfig873019, 结果: unknown, 用时: 1200.01s
2025-06-15 04:49:41.900 | INFO     | __main__:process_z3_file:293 - [Worker] 开始处理: /home/nju/Downloads/smt/buzybox_angr.tar.gz/single_test/setarch/setarch1109607
2025-06-15 04:49:41.900 | INFO     | __main__:get_Z3_result:356 - 主进程收集结果: /home/nju/Downloads/smt/buzybox_angr.tar.gz/single_test/ifconfig/ifconfig873019, 状态: unknown
2025-06-15 04:49:42.591 | INFO     | __main__:process_z3_file:320 - [Worker] 完成: /home/nju/Downloads/smt/buzybox_angr.tar.gz/single_test/rpm2cpio/rpm2cpio828811, 结果: unknown, 用时: 1200.01s
2025-06-15 04:49:42.593 | INFO     | __main__:process_z3_file:293 - [Worker] 开始处理: /home/nju/Downloads/smt/buzybox_angr.tar.gz/single_test/fstrim/fstrim1103136
2025-06-15 04:49:42.593 | INFO     | __main__:get_Z3_result:356 - 主进程收集结果: /home/nju/Downloads/smt/buzybox_angr.tar.gz/single_test/rpm2cpio/rpm2cpio828811, 状态: unknown
2025-06-15 04:52:49.164 | INFO     | __main__:process_z3_file:320 - [Worker] 完成: /home/nju/Downloads/smt/buzybox_angr.tar.gz/single_test/rpm2cpio/rpm2cpio828886, 结果: unknown, 用时: 1200.01s
2025-06-15 04:52:49.166 | INFO     | __main__:process_z3_file:293 - [Worker] 开始处理: /home/nju/Downloads/smt/buzybox_angr.tar.gz/single_test/fstrim/fstrim1103139
2025-06-15 04:52:49.166 | INFO     | __main__:get_Z3_result:356 - 主进程收集结果: /home/nju/Downloads/smt/buzybox_angr.tar.gz/single_test/rpm2cpio/rpm2cpio828886, 状态: unknown
2025-06-15 04:53:13.437 | INFO     | __main__:process_z3_file:320 - [Worker] 完成: /home/nju/Downloads/smt/buzybox_angr.tar.gz/single_test/rpm2cpio/rpm2cpio828881, 结果: unknown, 用时: 1200.01s
2025-06-15 04:53:13.438 | INFO     | __main__:process_z3_file:293 - [Worker] 开始处理: /home/nju/Downloads/smt/buzybox_angr.tar.gz/single_test/fstrim/fstrim1103909
2025-06-15 04:53:13.438 | INFO     | __main__:get_Z3_result:356 - 主进程收集结果: /home/nju/Downloads/smt/buzybox_angr.tar.gz/single_test/rpm2cpio/rpm2cpio828881, 状态: unknown
2025-06-15 04:57:10.111 | INFO     | __main__:process_z3_file:320 - [Worker] 完成: /home/nju/Downloads/smt/buzybox_angr.tar.gz/single_test/fstrim/fstrim1103136, 结果: unsat, 用时: 447.50s
2025-06-15 04:57:10.113 | INFO     | __main__:process_z3_file:293 - [Worker] 开始处理: /home/nju/Downloads/smt/gnu_angr.tar.gz/single_test/who/who255008
2025-06-15 04:57:10.113 | INFO     | __main__:get_Z3_result:356 - 主进程收集结果: /home/nju/Downloads/smt/buzybox_angr.tar.gz/single_test/fstrim/fstrim1103136, 状态: unsat
2025-06-15 05:05:47.317 | INFO     | __main__:process_z3_file:320 - [Worker] 完成: /home/nju/Downloads/smt/buzybox_angr.tar.gz/single_test/setpriv/setpriv1407616, 结果: unknown, 用时: 1200.01s
2025-06-15 05:05:47.319 | INFO     | __main__:process_z3_file:293 - [Worker] 开始处理: /home/nju/Downloads/smt/gnu_angr.tar.gz/single_test/who/who254686
2025-06-15 05:05:47.319 | INFO     | __main__:get_Z3_result:356 - 主进程收集结果: /home/nju/Downloads/smt/buzybox_angr.tar.gz/single_test/setpriv/setpriv1407616, 状态: unknown
2025-06-15 05:06:47.718 | INFO     | __main__:process_z3_file:320 - [Worker] 完成: /home/nju/Downloads/smt/buzybox_angr.tar.gz/single_test/fstrim/fstrim1103909, 结果: unsat, 用时: 814.27s
2025-06-15 05:06:47.720 | INFO     | __main__:process_z3_file:293 - [Worker] 开始处理: /home/nju/Downloads/smt/gnu_angr.tar.gz/single_test/nice/nice39017
2025-06-15 05:06:47.720 | INFO     | __main__:get_Z3_result:356 - 主进程收集结果: /home/nju/Downloads/smt/buzybox_angr.tar.gz/single_test/fstrim/fstrim1103909, 状态: unsat
2025-06-15 05:09:40.839 | INFO     | __main__:process_z3_file:320 - [Worker] 完成: /home/nju/Downloads/smt/buzybox_angr.tar.gz/single_test/setconsole/setconsole1166473, 结果: unknown, 用时: 1200.01s
2025-06-15 05:09:40.841 | INFO     | __main__:process_z3_file:293 - [Worker] 开始处理: /home/nju/Downloads/smt/gnu_angr.tar.gz/single_test/nice/nice39663
2025-06-15 05:09:40.841 | INFO     | __main__:get_Z3_result:356 - 主进程收集结果: /home/nju/Downloads/smt/buzybox_angr.tar.gz/single_test/setconsole/setconsole1166473, 状态: unknown
2025-06-15 05:09:41.182 | INFO     | __main__:process_z3_file:320 - [Worker] 完成: /home/nju/Downloads/smt/buzybox_angr.tar.gz/single_test/mkfs.vfat/mkfs.vfat1323131, 结果: unknown, 用时: 1200.01s
2025-06-15 05:09:41.183 | INFO     | __main__:process_z3_file:293 - [Worker] 开始处理: /home/nju/Downloads/smt/gnu_angr.tar.gz/single_test/nice/nice37295
2025-06-15 05:09:41.183 | INFO     | __main__:get_Z3_result:356 - 主进程收集结果: /home/nju/Downloads/smt/buzybox_angr.tar.gz/single_test/mkfs.vfat/mkfs.vfat1323131, 状态: unknown
2025-06-15 05:09:41.519 | INFO     | __main__:process_z3_file:320 - [Worker] 完成: /home/nju/Downloads/smt/buzybox_angr.tar.gz/single_test/setarch/setarch1109535, 结果: unknown, 用时: 1200.01s
2025-06-15 05:09:41.521 | INFO     | __main__:process_z3_file:293 - [Worker] 开始处理: /home/nju/Downloads/smt/gnu_angr.tar.gz/single_test/nice/nice32882
2025-06-15 05:09:41.521 | INFO     | __main__:get_Z3_result:356 - 主进程收集结果: /home/nju/Downloads/smt/buzybox_angr.tar.gz/single_test/setarch/setarch1109535, 状态: unknown
2025-06-15 05:09:41.922 | INFO     | __main__:process_z3_file:320 - [Worker] 完成: /home/nju/Downloads/smt/buzybox_angr.tar.gz/single_test/setarch/setarch1109607, 结果: unknown, 用时: 1200.01s
2025-06-15 05:09:41.923 | INFO     | __main__:process_z3_file:293 - [Worker] 开始处理: /home/nju/Downloads/smt/gnu_angr.tar.gz/single_test/nice/nice38061
2025-06-15 05:09:41.924 | INFO     | __main__:get_Z3_result:356 - 主进程收集结果: /home/nju/Downloads/smt/buzybox_angr.tar.gz/single_test/setarch/setarch1109607, 状态: unknown
2025-06-15 05:12:49.188 | INFO     | __main__:process_z3_file:320 - [Worker] 完成: /home/nju/Downloads/smt/buzybox_angr.tar.gz/single_test/fstrim/fstrim1103139, 结果: unknown, 用时: 1200.01s
2025-06-15 05:12:49.189 | INFO     | __main__:process_z3_file:293 - [Worker] 开始处理: /home/nju/Downloads/smt/gnu_angr.tar.gz/single_test/basename/basename19689
2025-06-15 05:12:49.189 | INFO     | __main__:get_Z3_result:356 - 主进程收集结果: /home/nju/Downloads/smt/buzybox_angr.tar.gz/single_test/fstrim/fstrim1103139, 状态: unknown
2025-06-15 05:17:10.128 | INFO     | __main__:process_z3_file:320 - [Worker] 完成: /home/nju/Downloads/smt/gnu_angr.tar.gz/single_test/who/who255008, 结果: unknown, 用时: 1200.01s
2025-06-15 05:17:10.129 | INFO     | __main__:process_z3_file:293 - [Worker] 开始处理: /home/nju/Downloads/smt/gnu_angr.tar.gz/single_test/basename/basename22075
2025-06-15 05:17:10.129 | INFO     | __main__:get_Z3_result:356 - 主进程收集结果: /home/nju/Downloads/smt/gnu_angr.tar.gz/single_test/who/who255008, 状态: unknown
2025-06-15 05:25:47.334 | INFO     | __main__:process_z3_file:320 - [Worker] 完成: /home/nju/Downloads/smt/gnu_angr.tar.gz/single_test/who/who254686, 结果: unknown, 用时: 1200.01s
2025-06-15 05:25:47.335 | INFO     | __main__:process_z3_file:293 - [Worker] 开始处理: /home/nju/Downloads/smt/gnu_angr.tar.gz/single_test/basename/basename19244
2025-06-15 05:25:47.335 | INFO     | __main__:get_Z3_result:356 - 主进程收集结果: /home/nju/Downloads/smt/gnu_angr.tar.gz/single_test/who/who254686, 状态: unknown
2025-06-15 05:26:47.739 | INFO     | __main__:process_z3_file:320 - [Worker] 完成: /home/nju/Downloads/smt/gnu_angr.tar.gz/single_test/nice/nice39017, 结果: unknown, 用时: 1200.01s
2025-06-15 05:26:47.740 | INFO     | __main__:process_z3_file:293 - [Worker] 开始处理: /home/nju/Downloads/smt/gnu_angr.tar.gz/single_test/basename/basename19052
2025-06-15 05:26:47.740 | INFO     | __main__:get_Z3_result:356 - 主进程收集结果: /home/nju/Downloads/smt/gnu_angr.tar.gz/single_test/nice/nice39017, 状态: unknown
2025-06-15 05:29:40.858 | INFO     | __main__:process_z3_file:320 - [Worker] 完成: /home/nju/Downloads/smt/gnu_angr.tar.gz/single_test/nice/nice39663, 结果: unknown, 用时: 1200.01s
2025-06-15 05:29:40.859 | INFO     | __main__:process_z3_file:293 - [Worker] 开始处理: /home/nju/Downloads/smt/gnu_angr.tar.gz/single_test/basename/basename21802
2025-06-15 05:29:40.859 | INFO     | __main__:get_Z3_result:356 - 主进程收集结果: /home/nju/Downloads/smt/gnu_angr.tar.gz/single_test/nice/nice39663, 状态: unknown
2025-06-15 05:29:41.201 | INFO     | __main__:process_z3_file:320 - [Worker] 完成: /home/nju/Downloads/smt/gnu_angr.tar.gz/single_test/nice/nice37295, 结果: unknown, 用时: 1200.01s
2025-06-15 05:29:41.202 | INFO     | __main__:process_z3_file:293 - [Worker] 开始处理: /home/nju/Downloads/smt/gnu_angr.tar.gz/single_test/ginstall/ginstall308725
2025-06-15 05:29:41.202 | INFO     | __main__:get_Z3_result:356 - 主进程收集结果: /home/nju/Downloads/smt/gnu_angr.tar.gz/single_test/nice/nice37295, 状态: unknown
2025-06-15 05:29:41.595 | INFO     | __main__:process_z3_file:320 - [Worker] 完成: /home/nju/Downloads/smt/gnu_angr.tar.gz/single_test/nice/nice32882, 结果: unknown, 用时: 1200.07s
2025-06-15 05:29:41.596 | INFO     | __main__:process_z3_file:293 - [Worker] 开始处理: /home/nju/Downloads/smt/gnu_angr.tar.gz/single_test/ginstall/ginstall309854
2025-06-15 05:29:41.596 | INFO     | __main__:get_Z3_result:356 - 主进程收集结果: /home/nju/Downloads/smt/gnu_angr.tar.gz/single_test/nice/nice32882, 状态: unknown
2025-06-15 05:29:42.018 | INFO     | __main__:process_z3_file:320 - [Worker] 完成: /home/nju/Downloads/smt/gnu_angr.tar.gz/single_test/nice/nice38061, 结果: unknown, 用时: 1200.09s
2025-06-15 05:29:42.019 | INFO     | __main__:process_z3_file:293 - [Worker] 开始处理: /home/nju/Downloads/smt/gnu_angr.tar.gz/single_test/ginstall/ginstall308856
2025-06-15 05:29:42.019 | INFO     | __main__:get_Z3_result:356 - 主进程收集结果: /home/nju/Downloads/smt/gnu_angr.tar.gz/single_test/nice/nice38061, 状态: unknown
2025-06-15 05:31:24.069 | INFO     | __main__:process_z3_file:320 - [Worker] 完成: /home/nju/Downloads/smt/gnu_angr.tar.gz/single_test/ginstall/ginstall308856, 结果: sat, 用时: 102.05s
2025-06-15 05:31:24.070 | INFO     | __main__:process_z3_file:293 - [Worker] 开始处理: /home/nju/Downloads/smt/gnu_angr.tar.gz/single_test/fold/fold230668
2025-06-15 05:31:24.070 | INFO     | __main__:get_Z3_result:356 - 主进程收集结果: /home/nju/Downloads/smt/gnu_angr.tar.gz/single_test/ginstall/ginstall308856, 状态: sat
2025-06-15 05:32:49.202 | INFO     | __main__:process_z3_file:320 - [Worker] 完成: /home/nju/Downloads/smt/gnu_angr.tar.gz/single_test/basename/basename19689, 结果: unknown, 用时: 1200.01s
2025-06-15 05:32:49.204 | INFO     | __main__:process_z3_file:293 - [Worker] 开始处理: /home/nju/Downloads/smt/gnu_angr.tar.gz/single_test/fold/fold153268
2025-06-15 05:32:49.204 | INFO     | __main__:get_Z3_result:356 - 主进程收集结果: /home/nju/Downloads/smt/gnu_angr.tar.gz/single_test/basename/basename19689, 状态: unknown
2025-06-15 05:35:54.842 | INFO     | __main__:process_z3_file:320 - [Worker] 完成: /home/nju/Downloads/smt/gnu_angr.tar.gz/single_test/ginstall/ginstall308725, 结果: sat, 用时: 373.63s
2025-06-15 05:35:54.844 | INFO     | __main__:process_z3_file:293 - [Worker] 开始处理: /home/nju/Downloads/smt/gnu_angr.tar.gz/single_test/uptime/uptime55312
2025-06-15 05:35:54.844 | INFO     | __main__:get_Z3_result:356 - 主进程收集结果: /home/nju/Downloads/smt/gnu_angr.tar.gz/single_test/ginstall/ginstall308725, 状态: sat
2025-06-15 05:35:56.288 | INFO     | __main__:process_z3_file:320 - [Worker] 完成: /home/nju/Downloads/smt/gnu_angr.tar.gz/single_test/ginstall/ginstall309854, 结果: sat, 用时: 374.69s
2025-06-15 05:35:56.289 | INFO     | __main__:process_z3_file:293 - [Worker] 开始处理: /home/nju/Downloads/smt/gnu_angr.tar.gz/single_test/uptime/uptime56542
2025-06-15 05:35:56.289 | INFO     | __main__:get_Z3_result:356 - 主进程收集结果: /home/nju/Downloads/smt/gnu_angr.tar.gz/single_test/ginstall/ginstall309854, 状态: sat
2025-06-15 05:37:10.142 | INFO     | __main__:process_z3_file:320 - [Worker] 完成: /home/nju/Downloads/smt/gnu_angr.tar.gz/single_test/basename/basename22075, 结果: unknown, 用时: 1200.01s
2025-06-15 05:37:10.144 | INFO     | __main__:process_z3_file:293 - [Worker] 开始处理: /home/nju/Downloads/smt/gnu_angr.tar.gz/single_test/uname/uname48647
2025-06-15 05:37:10.144 | INFO     | __main__:get_Z3_result:356 - 主进程收集结果: /home/nju/Downloads/smt/gnu_angr.tar.gz/single_test/basename/basename22075, 状态: unknown
2025-06-15 05:45:47.348 | INFO     | __main__:process_z3_file:320 - [Worker] 完成: /home/nju/Downloads/smt/gnu_angr.tar.gz/single_test/basename/basename19244, 结果: unknown, 用时: 1200.01s
2025-06-15 05:45:47.349 | INFO     | __main__:process_z3_file:293 - [Worker] 开始处理: /home/nju/Downloads/smt/gnu_angr.tar.gz/single_test/uname/uname48291
2025-06-15 05:45:47.349 | INFO     | __main__:get_Z3_result:356 - 主进程收集结果: /home/nju/Downloads/smt/gnu_angr.tar.gz/single_test/basename/basename19244, 状态: unknown
2025-06-15 05:46:47.755 | INFO     | __main__:process_z3_file:320 - [Worker] 完成: /home/nju/Downloads/smt/gnu_angr.tar.gz/single_test/basename/basename19052, 结果: unknown, 用时: 1200.01s
2025-06-15 05:46:47.757 | INFO     | __main__:process_z3_file:293 - [Worker] 开始处理: /home/nju/Downloads/smt/gnu_angr.tar.gz/single_test/arch/arch25355
2025-06-15 05:46:47.757 | INFO     | __main__:get_Z3_result:356 - 主进程收集结果: /home/nju/Downloads/smt/gnu_angr.tar.gz/single_test/basename/basename19052, 状态: unknown
2025-06-15 05:49:40.873 | INFO     | __main__:process_z3_file:320 - [Worker] 完成: /home/nju/Downloads/smt/gnu_angr.tar.gz/single_test/basename/basename21802, 结果: unknown, 用时: 1200.01s
2025-06-15 05:49:40.874 | INFO     | __main__:process_z3_file:293 - [Worker] 开始处理: /home/nju/Downloads/smt/gnu_angr.tar.gz/single_test/arch/arch24613
2025-06-15 05:49:40.874 | INFO     | __main__:get_Z3_result:356 - 主进程收集结果: /home/nju/Downloads/smt/gnu_angr.tar.gz/single_test/basename/basename21802, 状态: unknown
2025-06-15 05:51:24.087 | INFO     | __main__:process_z3_file:320 - [Worker] 完成: /home/nju/Downloads/smt/gnu_angr.tar.gz/single_test/fold/fold230668, 结果: unknown, 用时: 1200.01s
2025-06-15 05:51:24.089 | INFO     | __main__:process_z3_file:293 - [Worker] 开始处理: /home/nju/Downloads/smt/gnu_angr.tar.gz/single_test/link/link36461
2025-06-15 05:51:24.089 | INFO     | __main__:get_Z3_result:356 - 主进程收集结果: /home/nju/Downloads/smt/gnu_angr.tar.gz/single_test/fold/fold230668, 状态: unknown
2025-06-15 05:52:49.477 | INFO     | __main__:process_z3_file:320 - [Worker] 完成: /home/nju/Downloads/smt/gnu_angr.tar.gz/single_test/fold/fold153268, 结果: unknown, 用时: 1200.27s
2025-06-15 05:52:49.478 | INFO     | __main__:process_z3_file:293 - [Worker] 开始处理: /home/nju/Downloads/smt/gnu_angr.tar.gz/single_test/link/link35823
2025-06-15 05:52:49.478 | INFO     | __main__:get_Z3_result:356 - 主进程收集结果: /home/nju/Downloads/smt/gnu_angr.tar.gz/single_test/fold/fold153268, 状态: unknown
2025-06-15 05:55:54.866 | INFO     | __main__:process_z3_file:320 - [Worker] 完成: /home/nju/Downloads/smt/gnu_angr.tar.gz/single_test/uptime/uptime55312, 结果: unknown, 用时: 1200.02s
2025-06-15 05:55:54.867 | INFO     | __main__:process_z3_file:293 - [Worker] 开始处理: /home/nju/Downloads/smt/gnu_angr.tar.gz/single_test/link/link37290
2025-06-15 05:55:54.867 | INFO     | __main__:get_Z3_result:356 - 主进程收集结果: /home/nju/Downloads/smt/gnu_angr.tar.gz/single_test/uptime/uptime55312, 状态: unknown
2025-06-15 05:55:56.367 | INFO     | __main__:process_z3_file:320 - [Worker] 完成: /home/nju/Downloads/smt/gnu_angr.tar.gz/single_test/uptime/uptime56542, 结果: unknown, 用时: 1200.07s
2025-06-15 05:55:56.368 | INFO     | __main__:process_z3_file:293 - [Worker] 开始处理: /home/nju/Downloads/smt/gnu_angr.tar.gz/single_test/link/link29962
2025-06-15 05:55:56.368 | INFO     | __main__:get_Z3_result:356 - 主进程收集结果: /home/nju/Downloads/smt/gnu_angr.tar.gz/single_test/uptime/uptime56542, 状态: unknown
2025-06-15 05:57:10.161 | INFO     | __main__:process_z3_file:320 - [Worker] 完成: /home/nju/Downloads/smt/gnu_angr.tar.gz/single_test/uname/uname48647, 结果: unknown, 用时: 1200.01s
2025-06-15 05:57:10.163 | INFO     | __main__:process_z3_file:293 - [Worker] 开始处理: /home/nju/Downloads/smt/gnu_angr.tar.gz/single_test/tsort/tsort29595
2025-06-15 05:57:10.163 | INFO     | __main__:get_Z3_result:356 - 主进程收集结果: /home/nju/Downloads/smt/gnu_angr.tar.gz/single_test/uname/uname48647, 状态: unknown
2025-06-15 06:05:47.433 | INFO     | __main__:process_z3_file:320 - [Worker] 完成: /home/nju/Downloads/smt/gnu_angr.tar.gz/single_test/uname/uname48291, 结果: unknown, 用时: 1200.08s
2025-06-15 06:05:47.434 | INFO     | __main__:process_z3_file:293 - [Worker] 开始处理: /home/nju/Downloads/smt/gnu_angr.tar.gz/single_test/tsort/tsort29116
2025-06-15 06:05:47.434 | INFO     | __main__:get_Z3_result:356 - 主进程收集结果: /home/nju/Downloads/smt/gnu_angr.tar.gz/single_test/uname/uname48291, 状态: unknown
2025-06-15 06:06:47.772 | INFO     | __main__:process_z3_file:320 - [Worker] 完成: /home/nju/Downloads/smt/gnu_angr.tar.gz/single_test/arch/arch25355, 结果: unknown, 用时: 1200.01s
2025-06-15 06:06:47.774 | INFO     | __main__:process_z3_file:293 - [Worker] 开始处理: /home/nju/Downloads/smt/gnu_angr.tar.gz/single_test/tsort/tsort25085
2025-06-15 06:06:47.774 | INFO     | __main__:get_Z3_result:356 - 主进程收集结果: /home/nju/Downloads/smt/gnu_angr.tar.gz/single_test/arch/arch25355, 状态: unknown
2025-06-15 06:09:40.891 | INFO     | __main__:process_z3_file:320 - [Worker] 完成: /home/nju/Downloads/smt/gnu_angr.tar.gz/single_test/arch/arch24613, 结果: unknown, 用时: 1200.01s
2025-06-15 06:09:40.893 | INFO     | __main__:process_z3_file:293 - [Worker] 开始处理: /home/nju/Downloads/smt/gnu_angr.tar.gz/single_test/tsort/tsort24598
2025-06-15 06:09:40.893 | INFO     | __main__:get_Z3_result:356 - 主进程收集结果: /home/nju/Downloads/smt/gnu_angr.tar.gz/single_test/arch/arch24613, 状态: unknown
2025-06-15 06:11:24.105 | INFO     | __main__:process_z3_file:320 - [Worker] 完成: /home/nju/Downloads/smt/gnu_angr.tar.gz/single_test/link/link36461, 结果: unknown, 用时: 1200.01s
2025-06-15 06:11:24.106 | INFO     | __main__:process_z3_file:293 - [Worker] 开始处理: /home/nju/Downloads/smt/gnu_angr.tar.gz/single_test/tr/tr150754
2025-06-15 06:11:24.106 | INFO     | __main__:get_Z3_result:356 - 主进程收集结果: /home/nju/Downloads/smt/gnu_angr.tar.gz/single_test/link/link36461, 状态: unknown
2025-06-15 06:12:49.605 | INFO     | __main__:process_z3_file:320 - [Worker] 完成: /home/nju/Downloads/smt/gnu_angr.tar.gz/single_test/link/link35823, 结果: unknown, 用时: 1200.12s
2025-06-15 06:12:49.606 | INFO     | __main__:process_z3_file:293 - [Worker] 开始处理: /home/nju/Downloads/smt/gnu_angr.tar.gz/single_test/tr/tr148311
2025-06-15 06:12:49.607 | INFO     | __main__:get_Z3_result:356 - 主进程收集结果: /home/nju/Downloads/smt/gnu_angr.tar.gz/single_test/link/link35823, 状态: unknown
2025-06-15 06:15:54.888 | INFO     | __main__:process_z3_file:320 - [Worker] 完成: /home/nju/Downloads/smt/gnu_angr.tar.gz/single_test/link/link37290, 结果: unknown, 用时: 1200.02s
2025-06-15 06:15:54.889 | INFO     | __main__:process_z3_file:293 - [Worker] 开始处理: /home/nju/Downloads/smt/gnu_angr.tar.gz/single_test/tr/tr136713
2025-06-15 06:15:54.889 | INFO     | __main__:get_Z3_result:356 - 主进程收集结果: /home/nju/Downloads/smt/gnu_angr.tar.gz/single_test/link/link37290, 状态: unknown
2025-06-15 06:15:56.397 | INFO     | __main__:process_z3_file:320 - [Worker] 完成: /home/nju/Downloads/smt/gnu_angr.tar.gz/single_test/link/link29962, 结果: unknown, 用时: 1200.02s
2025-06-15 06:15:56.398 | INFO     | __main__:process_z3_file:293 - [Worker] 开始处理: /home/nju/Downloads/smt/gnu_angr.tar.gz/single_test/tr/tr124688
2025-06-15 06:15:56.398 | INFO     | __main__:get_Z3_result:356 - 主进程收集结果: /home/nju/Downloads/smt/gnu_angr.tar.gz/single_test/link/link29962, 状态: unknown
2025-06-15 06:17:10.281 | INFO     | __main__:process_z3_file:320 - [Worker] 完成: /home/nju/Downloads/smt/gnu_angr.tar.gz/single_test/tsort/tsort29595, 结果: unknown, 用时: 1200.11s
2025-06-15 06:17:10.282 | INFO     | __main__:process_z3_file:293 - [Worker] 开始处理: /home/nju/Downloads/smt/gnu_angr.tar.gz/single_test/tr/tr112801
2025-06-15 06:17:10.282 | INFO     | __main__:get_Z3_result:356 - 主进程收集结果: /home/nju/Downloads/smt/gnu_angr.tar.gz/single_test/tsort/tsort29595, 状态: unknown
2025-06-15 06:25:47.457 | INFO     | __main__:process_z3_file:320 - [Worker] 完成: /home/nju/Downloads/smt/gnu_angr.tar.gz/single_test/tsort/tsort29116, 结果: unknown, 用时: 1200.02s
2025-06-15 06:25:47.458 | INFO     | __main__:process_z3_file:293 - [Worker] 开始处理: /home/nju/Downloads/smt/gnu_angr.tar.gz/single_test/seq/seq128942
2025-06-15 06:25:47.458 | INFO     | __main__:get_Z3_result:356 - 主进程收集结果: /home/nju/Downloads/smt/gnu_angr.tar.gz/single_test/tsort/tsort29116, 状态: unknown
2025-06-15 06:26:47.795 | INFO     | __main__:process_z3_file:320 - [Worker] 完成: /home/nju/Downloads/smt/gnu_angr.tar.gz/single_test/tsort/tsort25085, 结果: unknown, 用时: 1200.02s
2025-06-15 06:26:47.796 | INFO     | __main__:process_z3_file:293 - [Worker] 开始处理: /home/nju/Downloads/smt/gnu_angr.tar.gz/single_test/seq/seq147493
2025-06-15 06:26:47.796 | INFO     | __main__:get_Z3_result:356 - 主进程收集结果: /home/nju/Downloads/smt/gnu_angr.tar.gz/single_test/tsort/tsort25085, 状态: unknown
2025-06-15 06:28:01.493 | INFO     | __main__:process_z3_file:320 - [Worker] 完成: /home/nju/Downloads/smt/gnu_angr.tar.gz/single_test/seq/seq147493, 结果: sat, 用时: 73.69s
2025-06-15 06:28:01.495 | INFO     | __main__:process_z3_file:293 - [Worker] 开始处理: /home/nju/Downloads/smt/gnu_angr.tar.gz/single_test/seq/seq135098
2025-06-15 06:28:01.495 | INFO     | __main__:get_Z3_result:356 - 主进程收集结果: /home/nju/Downloads/smt/gnu_angr.tar.gz/single_test/seq/seq147493, 状态: sat
2025-06-15 06:28:30.030 | INFO     | __main__:process_z3_file:320 - [Worker] 完成: /home/nju/Downloads/smt/gnu_angr.tar.gz/single_test/seq/seq135098, 结果: sat, 用时: 28.53s
2025-06-15 06:28:30.032 | INFO     | __main__:process_z3_file:293 - [Worker] 开始处理: /home/nju/Downloads/smt/gnu_angr.tar.gz/single_test/seq/seq133661
2025-06-15 06:28:30.032 | INFO     | __main__:get_Z3_result:356 - 主进程收集结果: /home/nju/Downloads/smt/gnu_angr.tar.gz/single_test/seq/seq135098, 状态: sat
2025-06-15 06:29:40.912 | INFO     | __main__:process_z3_file:320 - [Worker] 完成: /home/nju/Downloads/smt/gnu_angr.tar.gz/single_test/tsort/tsort24598, 结果: unknown, 用时: 1200.01s
2025-06-15 06:29:40.913 | INFO     | __main__:process_z3_file:293 - [Worker] 开始处理: /home/nju/Downloads/smt/gnu_angr.tar.gz/single_test/seq/seq123971
2025-06-15 06:29:40.913 | INFO     | __main__:get_Z3_result:356 - 主进程收集结果: /home/nju/Downloads/smt/gnu_angr.tar.gz/single_test/tsort/tsort24598, 状态: unknown
2025-06-15 06:31:24.129 | INFO     | __main__:process_z3_file:320 - [Worker] 完成: /home/nju/Downloads/smt/gnu_angr.tar.gz/single_test/tr/tr150754, 结果: unknown, 用时: 1200.02s
2025-06-15 06:31:24.133 | INFO     | __main__:process_z3_file:293 - [Worker] 开始处理: /home/nju/Downloads/smt/gnu_angr.tar.gz/single_test/seq/seq123936
2025-06-15 06:31:24.133 | INFO     | __main__:get_Z3_result:356 - 主进程收集结果: /home/nju/Downloads/smt/gnu_angr.tar.gz/single_test/tr/tr150754, 状态: unknown
2025-06-15 06:32:35.052 | INFO     | __main__:process_z3_file:320 - [Worker] 完成: /home/nju/Downloads/smt/gnu_angr.tar.gz/single_test/seq/seq123936, 结果: sat, 用时: 70.91s
2025-06-15 06:32:35.053 | INFO     | __main__:process_z3_file:293 - [Worker] 开始处理: /home/nju/Downloads/smt/gnu_angr.tar.gz/single_test/seq/seq97941
2025-06-15 06:32:35.053 | INFO     | __main__:get_Z3_result:356 - 主进程收集结果: /home/nju/Downloads/smt/gnu_angr.tar.gz/single_test/seq/seq123936, 状态: sat
2025-06-15 06:32:49.897 | INFO     | __main__:process_z3_file:320 - [Worker] 完成: /home/nju/Downloads/smt/gnu_angr.tar.gz/single_test/tr/tr148311, 结果: unknown, 用时: 1200.28s
2025-06-15 06:32:49.899 | INFO     | __main__:process_z3_file:293 - [Worker] 开始处理: /home/nju/Downloads/smt/gnu_angr.tar.gz/single_test/seq/seq143569
2025-06-15 06:32:49.899 | INFO     | __main__:get_Z3_result:356 - 主进程收集结果: /home/nju/Downloads/smt/gnu_angr.tar.gz/single_test/tr/tr148311, 状态: unknown
2025-06-15 06:33:03.398 | INFO     | __main__:process_z3_file:320 - [Worker] 完成: /home/nju/Downloads/smt/gnu_angr.tar.gz/single_test/seq/seq133661, 结果: sat, 用时: 273.36s
2025-06-15 06:33:03.400 | INFO     | __main__:process_z3_file:293 - [Worker] 开始处理: /home/nju/Downloads/smt/gnu_angr.tar.gz/single_test/seq/seq140263
2025-06-15 06:33:03.400 | INFO     | __main__:get_Z3_result:356 - 主进程收集结果: /home/nju/Downloads/smt/gnu_angr.tar.gz/single_test/seq/seq133661, 状态: sat
2025-06-15 06:33:03.993 | INFO     | __main__:process_z3_file:320 - [Worker] 完成: /home/nju/Downloads/smt/gnu_angr.tar.gz/single_test/seq/seq97941, 结果: sat, 用时: 28.93s
2025-06-15 06:33:03.994 | INFO     | __main__:process_z3_file:293 - [Worker] 开始处理: /home/nju/Downloads/smt/gnu_angr.tar.gz/single_test/seq/seq112594
2025-06-15 06:33:03.994 | INFO     | __main__:get_Z3_result:356 - 主进程收集结果: /home/nju/Downloads/smt/gnu_angr.tar.gz/single_test/seq/seq97941, 状态: sat
2025-06-15 06:35:41.481 | INFO     | __main__:process_z3_file:320 - [Worker] 完成: /home/nju/Downloads/smt/gnu_angr.tar.gz/single_test/seq/seq140263, 结果: sat, 用时: 158.07s
2025-06-15 06:35:41.483 | INFO     | __main__:process_z3_file:293 - [Worker] 开始处理: /home/nju/Downloads/smt/gnu_angr.tar.gz/single_test/seq/seq123917
2025-06-15 06:35:41.483 | INFO     | __main__:get_Z3_result:356 - 主进程收集结果: /home/nju/Downloads/smt/gnu_angr.tar.gz/single_test/seq/seq140263, 状态: sat
2025-06-15 06:35:54.927 | INFO     | __main__:process_z3_file:320 - [Worker] 完成: /home/nju/Downloads/smt/gnu_angr.tar.gz/single_test/tr/tr136713, 结果: unknown, 用时: 1200.03s
2025-06-15 06:35:54.929 | INFO     | __main__:process_z3_file:293 - [Worker] 开始处理: /home/nju/Downloads/smt/gnu_angr.tar.gz/single_test/seq/seq154526
2025-06-15 06:35:54.929 | INFO     | __main__:get_Z3_result:356 - 主进程收集结果: /home/nju/Downloads/smt/gnu_angr.tar.gz/single_test/tr/tr136713, 状态: unknown
2025-06-15 06:35:56.435 | INFO     | __main__:process_z3_file:320 - [Worker] 完成: /home/nju/Downloads/smt/gnu_angr.tar.gz/single_test/tr/tr124688, 结果: unknown, 用时: 1200.03s
2025-06-15 06:35:56.436 | INFO     | __main__:process_z3_file:293 - [Worker] 开始处理: /home/nju/Downloads/smt/gnu_angr.tar.gz/single_test/seq/seq123962
2025-06-15 06:35:56.437 | INFO     | __main__:get_Z3_result:356 - 主进程收集结果: /home/nju/Downloads/smt/gnu_angr.tar.gz/single_test/tr/tr124688, 状态: unknown
2025-06-15 06:36:43.197 | INFO     | __main__:process_z3_file:320 - [Worker] 完成: /home/nju/Downloads/smt/gnu_angr.tar.gz/single_test/seq/seq154526, 结果: sat, 用时: 48.26s
2025-06-15 06:36:43.199 | INFO     | __main__:process_z3_file:293 - [Worker] 开始处理: /home/nju/Downloads/smt/gnu_angr.tar.gz/single_test/seq/seq128910
2025-06-15 06:36:43.199 | INFO     | __main__:get_Z3_result:356 - 主进程收集结果: /home/nju/Downloads/smt/gnu_angr.tar.gz/single_test/seq/seq154526, 状态: sat
2025-06-15 06:37:10.316 | INFO     | __main__:process_z3_file:320 - [Worker] 完成: /home/nju/Downloads/smt/gnu_angr.tar.gz/single_test/tr/tr112801, 结果: unknown, 用时: 1200.03s
2025-06-15 06:37:10.318 | INFO     | __main__:process_z3_file:293 - [Worker] 开始处理: /home/nju/Downloads/smt/gnu_angr.tar.gz/single_test/seq/seq140289
2025-06-15 06:37:10.318 | INFO     | __main__:get_Z3_result:356 - 主进程收集结果: /home/nju/Downloads/smt/gnu_angr.tar.gz/single_test/tr/tr112801, 状态: unknown
2025-06-15 06:37:47.539 | INFO     | __main__:process_z3_file:320 - [Worker] 完成: /home/nju/Downloads/smt/gnu_angr.tar.gz/single_test/seq/seq123917, 结果: sat, 用时: 126.05s
2025-06-15 06:37:47.541 | INFO     | __main__:process_z3_file:293 - [Worker] 开始处理: /home/nju/Downloads/smt/gnu_angr.tar.gz/single_test/seq/seq119532
2025-06-15 06:37:47.541 | INFO     | __main__:get_Z3_result:356 - 主进程收集结果: /home/nju/Downloads/smt/gnu_angr.tar.gz/single_test/seq/seq123917, 状态: sat
2025-06-15 06:37:51.351 | INFO     | __main__:process_z3_file:320 - [Worker] 完成: /home/nju/Downloads/smt/gnu_angr.tar.gz/single_test/seq/seq112594, 结果: sat, 用时: 287.35s
2025-06-15 06:37:51.352 | INFO     | __main__:process_z3_file:293 - [Worker] 开始处理: /home/nju/Downloads/smt/gnu_angr.tar.gz/single_test/seq/seq147523
2025-06-15 06:37:51.352 | INFO     | __main__:get_Z3_result:356 - 主进程收集结果: /home/nju/Downloads/smt/gnu_angr.tar.gz/single_test/seq/seq112594, 状态: sat
2025-06-15 06:38:05.704 | INFO     | __main__:process_z3_file:320 - [Worker] 完成: /home/nju/Downloads/smt/gnu_angr.tar.gz/single_test/seq/seq143569, 结果: sat, 用时: 315.80s
2025-06-15 06:38:05.706 | INFO     | __main__:process_z3_file:293 - [Worker] 开始处理: /home/nju/Downloads/smt/gnu_angr.tar.gz/single_test/seq/seq123968
2025-06-15 06:38:05.706 | INFO     | __main__:get_Z3_result:356 - 主进程收集结果: /home/nju/Downloads/smt/gnu_angr.tar.gz/single_test/seq/seq143569, 状态: sat
2025-06-15 06:39:14.943 | INFO     | __main__:process_z3_file:320 - [Worker] 完成: /home/nju/Downloads/smt/gnu_angr.tar.gz/single_test/seq/seq119532, 结果: sat, 用时: 87.39s
2025-06-15 06:39:14.945 | INFO     | __main__:process_z3_file:293 - [Worker] 开始处理: /home/nju/Downloads/smt/gnu_angr.tar.gz/single_test/seq/seq128939
2025-06-15 06:39:14.945 | INFO     | __main__:get_Z3_result:356 - 主进程收集结果: /home/nju/Downloads/smt/gnu_angr.tar.gz/single_test/seq/seq119532, 状态: sat
2025-06-15 06:39:42.564 | INFO     | __main__:process_z3_file:320 - [Worker] 完成: /home/nju/Downloads/smt/gnu_angr.tar.gz/single_test/seq/seq128910, 结果: sat, 用时: 179.36s
2025-06-15 06:39:42.566 | INFO     | __main__:process_z3_file:293 - [Worker] 开始处理: /home/nju/Downloads/smt/gnu_angr.tar.gz/single_test/seq/seq143577
2025-06-15 06:39:42.566 | INFO     | __main__:get_Z3_result:356 - 主进程收集结果: /home/nju/Downloads/smt/gnu_angr.tar.gz/single_test/seq/seq128910, 状态: sat
2025-06-15 06:42:22.859 | INFO     | __main__:process_z3_file:320 - [Worker] 完成: /home/nju/Downloads/smt/gnu_angr.tar.gz/single_test/seq/seq123968, 结果: sat, 用时: 257.14s
2025-06-15 06:42:22.861 | INFO     | __main__:process_z3_file:293 - [Worker] 开始处理: /home/nju/Downloads/smt/gnu_angr.tar.gz/single_test/seq/seq123945
2025-06-15 06:42:22.861 | INFO     | __main__:get_Z3_result:356 - 主进程收集结果: /home/nju/Downloads/smt/gnu_angr.tar.gz/single_test/seq/seq123968, 状态: sat
2025-06-15 06:42:23.915 | INFO     | __main__:process_z3_file:320 - [Worker] 完成: /home/nju/Downloads/smt/gnu_angr.tar.gz/single_test/seq/seq123962, 结果: sat, 用时: 387.47s
2025-06-15 06:42:23.917 | INFO     | __main__:process_z3_file:293 - [Worker] 开始处理: /home/nju/Downloads/smt/gnu_angr.tar.gz/single_test/seq/seq143566
2025-06-15 06:42:23.917 | INFO     | __main__:get_Z3_result:356 - 主进程收集结果: /home/nju/Downloads/smt/gnu_angr.tar.gz/single_test/seq/seq123962, 状态: sat
2025-06-15 06:43:30.716 | INFO     | __main__:process_z3_file:320 - [Worker] 完成: /home/nju/Downloads/smt/gnu_angr.tar.gz/single_test/seq/seq143577, 结果: sat, 用时: 228.14s
2025-06-15 06:43:30.717 | INFO     | __main__:process_z3_file:293 - [Worker] 开始处理: /home/nju/Downloads/smt/gnu_angr.tar.gz/single_test/seq/seq70322
2025-06-15 06:43:30.717 | INFO     | __main__:get_Z3_result:356 - 主进程收集结果: /home/nju/Downloads/smt/gnu_angr.tar.gz/single_test/seq/seq143577, 状态: sat
2025-06-15 06:43:48.676 | INFO     | __main__:process_z3_file:320 - [Worker] 完成: /home/nju/Downloads/smt/gnu_angr.tar.gz/single_test/seq/seq143566, 结果: sat, 用时: 84.75s
2025-06-15 06:43:48.677 | INFO     | __main__:process_z3_file:293 - [Worker] 开始处理: /home/nju/Downloads/smt/gnu_angr.tar.gz/single_test/seq/seq95270
2025-06-15 06:43:48.677 | INFO     | __main__:get_Z3_result:356 - 主进程收集结果: /home/nju/Downloads/smt/gnu_angr.tar.gz/single_test/seq/seq143566, 状态: sat
2025-06-15 06:45:44.728 | INFO     | __main__:process_z3_file:320 - [Worker] 完成: /home/nju/Downloads/smt/gnu_angr.tar.gz/single_test/seq/seq128942, 结果: sat, 用时: 1197.26s
2025-06-15 06:45:44.730 | INFO     | __main__:process_z3_file:293 - [Worker] 开始处理: /home/nju/Downloads/smt/gnu_angr.tar.gz/single_test/seq/seq97947
2025-06-15 06:45:44.731 | INFO     | __main__:get_Z3_result:356 - 主进程收集结果: /home/nju/Downloads/smt/gnu_angr.tar.gz/single_test/seq/seq128942, 状态: sat
2025-06-15 06:45:53.471 | INFO     | __main__:process_z3_file:320 - [Worker] 完成: /home/nju/Downloads/smt/gnu_angr.tar.gz/single_test/seq/seq123945, 结果: sat, 用时: 210.60s
2025-06-15 06:45:53.473 | INFO     | __main__:process_z3_file:293 - [Worker] 开始处理: /home/nju/Downloads/smt/gnu_angr.tar.gz/single_test/seq/seq143550
2025-06-15 06:45:53.473 | INFO     | __main__:get_Z3_result:356 - 主进程收集结果: /home/nju/Downloads/smt/gnu_angr.tar.gz/single_test/seq/seq123945, 状态: sat
2025-06-15 06:46:04.794 | INFO     | __main__:process_z3_file:320 - [Worker] 完成: /home/nju/Downloads/smt/gnu_angr.tar.gz/single_test/seq/seq143550, 结果: sat, 用时: 11.31s
2025-06-15 06:46:04.796 | INFO     | __main__:process_z3_file:293 - [Worker] 开始处理: /home/nju/Downloads/smt/gnu_angr.tar.gz/single_test/seq/seq152932
2025-06-15 06:46:04.796 | INFO     | __main__:get_Z3_result:356 - 主进程收集结果: /home/nju/Downloads/smt/gnu_angr.tar.gz/single_test/seq/seq143550, 状态: sat
2025-06-15 06:46:08.244 | INFO     | __main__:process_z3_file:320 - [Worker] 完成: /home/nju/Downloads/smt/gnu_angr.tar.gz/single_test/seq/seq152932, 结果: sat, 用时: 3.44s
2025-06-15 06:46:08.246 | INFO     | __main__:process_z3_file:293 - [Worker] 开始处理: /home/nju/Downloads/smt/gnu_angr.tar.gz/single_test/seq/seq57231
2025-06-15 06:46:08.246 | INFO     | __main__:get_Z3_result:356 - 主进程收集结果: /home/nju/Downloads/smt/gnu_angr.tar.gz/single_test/seq/seq152932, 状态: sat
2025-06-15 06:49:42.713 | INFO     | __main__:process_z3_file:320 - [Worker] 完成: /home/nju/Downloads/smt/gnu_angr.tar.gz/single_test/seq/seq123971, 结果: unknown, 用时: 1201.80s
2025-06-15 06:49:42.715 | INFO     | __main__:process_z3_file:293 - [Worker] 开始处理: /home/nju/Downloads/smt/gnu_angr.tar.gz/single_test/seq/seq95766
2025-06-15 06:49:42.715 | INFO     | __main__:get_Z3_result:356 - 主进程收集结果: /home/nju/Downloads/smt/gnu_angr.tar.gz/single_test/seq/seq123971, 状态: unknown
2025-06-15 06:57:12.029 | INFO     | __main__:process_z3_file:320 - [Worker] 完成: /home/nju/Downloads/smt/gnu_angr.tar.gz/single_test/seq/seq140289, 结果: unknown, 用时: 1201.70s
2025-06-15 06:57:12.030 | INFO     | __main__:process_z3_file:293 - [Worker] 开始处理: /home/nju/Downloads/smt/gnu_angr.tar.gz/single_test/seq/seq123963
2025-06-15 06:57:12.030 | INFO     | __main__:get_Z3_result:356 - 主进程收集结果: /home/nju/Downloads/smt/gnu_angr.tar.gz/single_test/seq/seq140289, 状态: unknown
2025-06-15 06:57:51.498 | INFO     | __main__:process_z3_file:320 - [Worker] 完成: /home/nju/Downloads/smt/gnu_angr.tar.gz/single_test/seq/seq147523, 结果: unknown, 用时: 1200.14s
2025-06-15 06:57:51.500 | INFO     | __main__:process_z3_file:293 - [Worker] 开始处理: /home/nju/Downloads/smt/gnu_angr.tar.gz/single_test/seq/seq92701
2025-06-15 06:57:51.500 | INFO     | __main__:get_Z3_result:356 - 主进程收集结果: /home/nju/Downloads/smt/gnu_angr.tar.gz/single_test/seq/seq147523, 状态: unknown
2025-06-15 06:59:15.102 | INFO     | __main__:process_z3_file:320 - [Worker] 完成: /home/nju/Downloads/smt/gnu_angr.tar.gz/single_test/seq/seq128939, 结果: unknown, 用时: 1200.15s
2025-06-15 06:59:15.105 | INFO     | __main__:process_z3_file:293 - [Worker] 开始处理: /home/nju/Downloads/smt/gnu_angr.tar.gz/single_test/seq/seq135101
2025-06-15 06:59:15.105 | INFO     | __main__:get_Z3_result:356 - 主进程收集结果: /home/nju/Downloads/smt/gnu_angr.tar.gz/single_test/seq/seq128939, 状态: unknown
2025-06-15 07:03:30.762 | INFO     | __main__:process_z3_file:320 - [Worker] 完成: /home/nju/Downloads/smt/gnu_angr.tar.gz/single_test/seq/seq70322, 结果: unknown, 用时: 1200.04s
2025-06-15 07:03:30.763 | INFO     | __main__:process_z3_file:293 - [Worker] 开始处理: /home/nju/Downloads/smt/gnu_angr.tar.gz/single_test/seq/seq123953
2025-06-15 07:03:30.763 | INFO     | __main__:get_Z3_result:356 - 主进程收集结果: /home/nju/Downloads/smt/gnu_angr.tar.gz/single_test/seq/seq70322, 状态: unknown
2025-06-15 07:03:48.972 | INFO     | __main__:process_z3_file:320 - [Worker] 完成: /home/nju/Downloads/smt/gnu_angr.tar.gz/single_test/seq/seq95270, 结果: unknown, 用时: 1200.29s
2025-06-15 07:03:48.974 | INFO     | __main__:process_z3_file:293 - [Worker] 开始处理: /home/nju/Downloads/smt/gnu_angr.tar.gz/single_test/seq/seq147517
2025-06-15 07:03:48.974 | INFO     | __main__:get_Z3_result:356 - 主进程收集结果: /home/nju/Downloads/smt/gnu_angr.tar.gz/single_test/seq/seq95270, 状态: unknown
2025-06-15 07:05:44.837 | INFO     | __main__:process_z3_file:320 - [Worker] 完成: /home/nju/Downloads/smt/gnu_angr.tar.gz/single_test/seq/seq97947, 结果: unknown, 用时: 1200.10s
2025-06-15 07:05:44.840 | INFO     | __main__:process_z3_file:293 - [Worker] 开始处理: /home/nju/Downloads/smt/gnu_angr.tar.gz/single_test/seq/seq147509
2025-06-15 07:05:44.840 | INFO     | __main__:get_Z3_result:356 - 主进程收集结果: /home/nju/Downloads/smt/gnu_angr.tar.gz/single_test/seq/seq97947, 状态: unknown
2025-06-15 07:06:08.296 | INFO     | __main__:process_z3_file:320 - [Worker] 完成: /home/nju/Downloads/smt/gnu_angr.tar.gz/single_test/seq/seq57231, 结果: unknown, 用时: 1200.04s
2025-06-15 07:06:08.298 | INFO     | __main__:process_z3_file:293 - [Worker] 开始处理: /home/nju/Downloads/smt/gnu_angr.tar.gz/single_test/seq/seq147512
2025-06-15 07:06:08.298 | INFO     | __main__:get_Z3_result:356 - 主进程收集结果: /home/nju/Downloads/smt/gnu_angr.tar.gz/single_test/seq/seq57231, 状态: unknown
2025-06-15 07:06:36.074 | INFO     | __main__:process_z3_file:320 - [Worker] 完成: /home/nju/Downloads/smt/gnu_angr.tar.gz/single_test/seq/seq123953, 结果: sat, 用时: 185.30s
2025-06-15 07:06:36.075 | INFO     | __main__:process_z3_file:293 - [Worker] 开始处理: /home/nju/Downloads/smt/gnu_angr.tar.gz/single_test/seq/seq97946
2025-06-15 07:06:36.076 | INFO     | __main__:get_Z3_result:356 - 主进程收集结果: /home/nju/Downloads/smt/gnu_angr.tar.gz/single_test/seq/seq123953, 状态: sat
2025-06-15 07:09:33.536 | INFO     | __main__:process_z3_file:320 - [Worker] 完成: /home/nju/Downloads/smt/gnu_angr.tar.gz/single_test/seq/seq147509, 结果: sat, 用时: 228.69s
2025-06-15 07:09:33.537 | INFO     | __main__:process_z3_file:293 - [Worker] 开始处理: /home/nju/Downloads/smt/gnu_angr.tar.gz/single_test/seq/seq147531
2025-06-15 07:09:33.537 | INFO     | __main__:get_Z3_result:356 - 主进程收集结果: /home/nju/Downloads/smt/gnu_angr.tar.gz/single_test/seq/seq147509, 状态: sat
2025-06-15 07:09:42.794 | INFO     | __main__:process_z3_file:320 - [Worker] 完成: /home/nju/Downloads/smt/gnu_angr.tar.gz/single_test/seq/seq95766, 结果: unknown, 用时: 1200.07s
2025-06-15 07:09:42.795 | INFO     | __main__:process_z3_file:293 - [Worker] 开始处理: /home/nju/Downloads/smt/gnu_angr.tar.gz/single_test/seq/seq143576
2025-06-15 07:09:42.796 | INFO     | __main__:get_Z3_result:356 - 主进程收集结果: /home/nju/Downloads/smt/gnu_angr.tar.gz/single_test/seq/seq95766, 状态: unknown
2025-06-15 07:15:24.429 | INFO     | __main__:process_z3_file:320 - [Worker] 完成: /home/nju/Downloads/smt/gnu_angr.tar.gz/single_test/seq/seq143576, 结果: sat, 用时: 341.63s
2025-06-15 07:15:24.432 | INFO     | __main__:process_z3_file:293 - [Worker] 开始处理: /home/nju/Downloads/smt/gnu_angr.tar.gz/single_test/seq/seq91027
2025-06-15 07:15:24.432 | INFO     | __main__:get_Z3_result:356 - 主进程收集结果: /home/nju/Downloads/smt/gnu_angr.tar.gz/single_test/seq/seq143576, 状态: sat
2025-06-15 07:17:12.164 | INFO     | __main__:process_z3_file:320 - [Worker] 完成: /home/nju/Downloads/smt/gnu_angr.tar.gz/single_test/seq/seq123963, 结果: unknown, 用时: 1200.13s
2025-06-15 07:17:12.166 | INFO     | __main__:process_z3_file:293 - [Worker] 开始处理: /home/nju/Downloads/smt/gnu_angr.tar.gz/single_test/seq/seq140243
2025-06-15 07:17:12.166 | INFO     | __main__:get_Z3_result:356 - 主进程收集结果: /home/nju/Downloads/smt/gnu_angr.tar.gz/single_test/seq/seq123963, 状态: unknown
2025-06-15 07:17:52.688 | INFO     | __main__:process_z3_file:320 - [Worker] 完成: /home/nju/Downloads/smt/gnu_angr.tar.gz/single_test/seq/seq92701, 结果: unknown, 用时: 1201.18s
2025-06-15 07:17:52.690 | INFO     | __main__:process_z3_file:293 - [Worker] 开始处理: /home/nju/Downloads/smt/gnu_angr.tar.gz/single_test/seq/seq147510
2025-06-15 07:17:52.690 | INFO     | __main__:get_Z3_result:356 - 主进程收集结果: /home/nju/Downloads/smt/gnu_angr.tar.gz/single_test/seq/seq92701, 状态: unknown
2025-06-15 07:18:05.472 | INFO     | __main__:process_z3_file:320 - [Worker] 完成: /home/nju/Downloads/smt/gnu_angr.tar.gz/single_test/seq/seq140243, 结果: sat, 用时: 53.30s
2025-06-15 07:18:05.474 | INFO     | __main__:process_z3_file:293 - [Worker] 开始处理: /home/nju/Downloads/smt/gnu_angr.tar.gz/single_test/seq/seq147536
2025-06-15 07:18:05.474 | INFO     | __main__:get_Z3_result:356 - 主进程收集结果: /home/nju/Downloads/smt/gnu_angr.tar.gz/single_test/seq/seq140243, 状态: sat
2025-06-15 07:18:50.432 | INFO     | __main__:process_z3_file:320 - [Worker] 完成: /home/nju/Downloads/smt/gnu_angr.tar.gz/single_test/seq/seq147512, 结果: sat, 用时: 762.13s
2025-06-15 07:18:50.434 | INFO     | __main__:process_z3_file:293 - [Worker] 开始处理: /home/nju/Downloads/smt/gnu_angr.tar.gz/single_test/seq/seq147486
2025-06-15 07:18:50.434 | INFO     | __main__:get_Z3_result:356 - 主进程收集结果: /home/nju/Downloads/smt/gnu_angr.tar.gz/single_test/seq/seq147512, 状态: sat
2025-06-15 07:18:51.678 | INFO     | __main__:process_z3_file:320 - [Worker] 完成: /home/nju/Downloads/smt/gnu_angr.tar.gz/single_test/seq/seq147486, 结果: sat, 用时: 1.24s
2025-06-15 07:18:51.679 | INFO     | __main__:process_z3_file:293 - [Worker] 开始处理: /home/nju/Downloads/smt/gnu_angr.tar.gz/single_test/seq/seq89619
2025-06-15 07:18:51.680 | INFO     | __main__:get_Z3_result:356 - 主进程收集结果: /home/nju/Downloads/smt/gnu_angr.tar.gz/single_test/seq/seq147486, 状态: sat
2025-06-15 07:19:15.243 | INFO     | __main__:process_z3_file:320 - [Worker] 完成: /home/nju/Downloads/smt/gnu_angr.tar.gz/single_test/seq/seq135101, 结果: unknown, 用时: 1200.13s
2025-06-15 07:19:15.245 | INFO     | __main__:process_z3_file:293 - [Worker] 开始处理: /home/nju/Downloads/smt/gnu_angr.tar.gz/single_test/seq/seq133615
2025-06-15 07:19:15.245 | INFO     | __main__:get_Z3_result:356 - 主进程收集结果: /home/nju/Downloads/smt/gnu_angr.tar.gz/single_test/seq/seq135101, 状态: unknown
2025-06-15 07:20:41.383 | INFO     | __main__:process_z3_file:320 - [Worker] 完成: /home/nju/Downloads/smt/gnu_angr.tar.gz/single_test/seq/seq147510, 结果: sat, 用时: 168.68s
2025-06-15 07:20:41.385 | INFO     | __main__:process_z3_file:293 - [Worker] 开始处理: /home/nju/Downloads/smt/gnu_angr.tar.gz/single_test/seq/seq133612
2025-06-15 07:20:41.385 | INFO     | __main__:get_Z3_result:356 - 主进程收集结果: /home/nju/Downloads/smt/gnu_angr.tar.gz/single_test/seq/seq147510, 状态: sat
2025-06-15 07:21:30.275 | INFO     | __main__:process_z3_file:320 - [Worker] 完成: /home/nju/Downloads/smt/gnu_angr.tar.gz/single_test/seq/seq133615, 结果: sat, 用时: 135.02s
2025-06-15 07:21:30.278 | INFO     | __main__:process_z3_file:293 - [Worker] 开始处理: /home/nju/Downloads/smt/gnu_angr.tar.gz/single_test/seq/seq133613
2025-06-15 07:21:30.278 | INFO     | __main__:get_Z3_result:356 - 主进程收集结果: /home/nju/Downloads/smt/gnu_angr.tar.gz/single_test/seq/seq133615, 状态: sat
2025-06-15 07:23:37.822 | INFO     | __main__:process_z3_file:320 - [Worker] 完成: /home/nju/Downloads/smt/gnu_angr.tar.gz/single_test/seq/seq133613, 结果: sat, 用时: 127.54s
2025-06-15 07:23:37.824 | INFO     | __main__:process_z3_file:293 - [Worker] 开始处理: /home/nju/Downloads/smt/gnu_angr.tar.gz/single_test/seq/seq147515
2025-06-15 07:23:37.824 | INFO     | __main__:get_Z3_result:356 - 主进程收集结果: /home/nju/Downloads/smt/gnu_angr.tar.gz/single_test/seq/seq133613, 状态: sat
2025-06-15 07:23:49.100 | INFO     | __main__:process_z3_file:320 - [Worker] 完成: /home/nju/Downloads/smt/gnu_angr.tar.gz/single_test/seq/seq147517, 结果: unknown, 用时: 1200.12s
2025-06-15 07:23:49.101 | INFO     | __main__:process_z3_file:293 - [Worker] 开始处理: /home/nju/Downloads/smt/gnu_angr.tar.gz/single_test/seq/seq78796
2025-06-15 07:23:49.102 | INFO     | __main__:get_Z3_result:356 - 主进程收集结果: /home/nju/Downloads/smt/gnu_angr.tar.gz/single_test/seq/seq147517, 状态: unknown
2025-06-15 07:24:07.079 | INFO     | __main__:process_z3_file:320 - [Worker] 完成: /home/nju/Downloads/smt/gnu_angr.tar.gz/single_test/seq/seq147531, 结果: sat, 用时: 873.53s
2025-06-15 07:24:07.080 | INFO     | __main__:process_z3_file:293 - [Worker] 开始处理: /home/nju/Downloads/smt/gnu_angr.tar.gz/single_test/seq/seq143541
2025-06-15 07:24:07.080 | INFO     | __main__:get_Z3_result:356 - 主进程收集结果: /home/nju/Downloads/smt/gnu_angr.tar.gz/single_test/seq/seq147531, 状态: sat
2025-06-15 07:25:35.303 | INFO     | __main__:process_z3_file:320 - [Worker] 完成: /home/nju/Downloads/smt/gnu_angr.tar.gz/single_test/seq/seq133612, 结果: sat, 用时: 293.91s
2025-06-15 07:25:35.304 | INFO     | __main__:process_z3_file:293 - [Worker] 开始处理: /home/nju/Downloads/smt/gnu_angr.tar.gz/single_test/seq/seq143578
2025-06-15 07:25:35.304 | INFO     | __main__:get_Z3_result:356 - 主进程收集结果: /home/nju/Downloads/smt/gnu_angr.tar.gz/single_test/seq/seq133612, 状态: sat
2025-06-15 07:26:36.190 | INFO     | __main__:process_z3_file:320 - [Worker] 完成: /home/nju/Downloads/smt/gnu_angr.tar.gz/single_test/seq/seq97946, 结果: unknown, 用时: 1200.11s
2025-06-15 07:26:36.192 | INFO     | __main__:process_z3_file:293 - [Worker] 开始处理: /home/nju/Downloads/smt/gnu_angr.tar.gz/single_test/seq/seq133719
2025-06-15 07:26:36.192 | INFO     | __main__:get_Z3_result:356 - 主进程收集结果: /home/nju/Downloads/smt/gnu_angr.tar.gz/single_test/seq/seq97946, 状态: unknown
2025-06-15 07:28:39.712 | INFO     | __main__:process_z3_file:320 - [Worker] 完成: /home/nju/Downloads/smt/gnu_angr.tar.gz/single_test/seq/seq143541, 结果: sat, 用时: 272.62s
2025-06-15 07:28:39.713 | INFO     | __main__:process_z3_file:293 - [Worker] 开始处理: /home/nju/Downloads/smt/gnu_angr.tar.gz/single_test/seq/seq84743
2025-06-15 07:28:39.713 | INFO     | __main__:get_Z3_result:356 - 主进程收集结果: /home/nju/Downloads/smt/gnu_angr.tar.gz/single_test/seq/seq143541, 状态: sat
2025-06-15 07:32:52.137 | INFO     | __main__:process_z3_file:320 - [Worker] 完成: /home/nju/Downloads/smt/gnu_angr.tar.gz/single_test/seq/seq147515, 结果: sat, 用时: 554.31s
2025-06-15 07:32:52.139 | INFO     | __main__:process_z3_file:293 - [Worker] 开始处理: /home/nju/Downloads/smt/gnu_angr.tar.gz/single_test/seq/seq140290
2025-06-15 07:32:52.139 | INFO     | __main__:get_Z3_result:356 - 主进程收集结果: /home/nju/Downloads/smt/gnu_angr.tar.gz/single_test/seq/seq147515, 状态: sat
2025-06-15 07:35:06.295 | INFO     | __main__:process_z3_file:320 - [Worker] 完成: /home/nju/Downloads/smt/gnu_angr.tar.gz/single_test/seq/seq133719, 结果: sat, 用时: 510.10s
2025-06-15 07:35:06.297 | INFO     | __main__:process_z3_file:293 - [Worker] 开始处理: /home/nju/Downloads/smt/gnu_angr.tar.gz/single_test/seq/seq140287
2025-06-15 07:35:06.297 | INFO     | __main__:get_Z3_result:356 - 主进程收集结果: /home/nju/Downloads/smt/gnu_angr.tar.gz/single_test/seq/seq133719, 状态: sat
2025-06-15 07:35:25.093 | INFO     | __main__:process_z3_file:320 - [Worker] 完成: /home/nju/Downloads/smt/gnu_angr.tar.gz/single_test/seq/seq91027, 结果: unknown, 用时: 1200.65s
2025-06-15 07:35:25.095 | INFO     | __main__:process_z3_file:293 - [Worker] 开始处理: /home/nju/Downloads/smt/gnu_angr.tar.gz/single_test/seq/seq152931
2025-06-15 07:35:25.095 | INFO     | __main__:get_Z3_result:356 - 主进程收集结果: /home/nju/Downloads/smt/gnu_angr.tar.gz/single_test/seq/seq91027, 状态: unknown
2025-06-15 07:37:15.977 | INFO     | __main__:process_z3_file:320 - [Worker] 完成: /home/nju/Downloads/smt/gnu_angr.tar.gz/single_test/seq/seq140287, 结果: sat, 用时: 129.67s
2025-06-15 07:37:15.978 | INFO     | __main__:process_z3_file:293 - [Worker] 开始处理: /home/nju/Downloads/smt/gnu_angr.tar.gz/single_test/seq/seq110808
2025-06-15 07:37:15.978 | INFO     | __main__:get_Z3_result:356 - 主进程收集结果: /home/nju/Downloads/smt/gnu_angr.tar.gz/single_test/seq/seq140287, 状态: sat
2025-06-15 07:37:47.469 | INFO     | __main__:process_z3_file:320 - [Worker] 完成: /home/nju/Downloads/smt/gnu_angr.tar.gz/single_test/seq/seq143578, 结果: sat, 用时: 732.16s
2025-06-15 07:37:47.471 | INFO     | __main__:process_z3_file:293 - [Worker] 开始处理: /home/nju/Downloads/smt/gnu_angr.tar.gz/single_test/seq/seq108159
2025-06-15 07:37:47.471 | INFO     | __main__:get_Z3_result:356 - 主进程收集结果: /home/nju/Downloads/smt/gnu_angr.tar.gz/single_test/seq/seq143578, 状态: sat
2025-06-15 07:38:05.651 | INFO     | __main__:process_z3_file:320 - [Worker] 完成: /home/nju/Downloads/smt/gnu_angr.tar.gz/single_test/seq/seq147536, 结果: unknown, 用时: 1200.17s
2025-06-15 07:38:05.653 | INFO     | __main__:process_z3_file:293 - [Worker] 开始处理: /home/nju/Downloads/smt/gnu_angr.tar.gz/single_test/seq/seq79911
2025-06-15 07:38:05.653 | INFO     | __main__:get_Z3_result:356 - 主进程收集结果: /home/nju/Downloads/smt/gnu_angr.tar.gz/single_test/seq/seq147536, 状态: unknown
2025-06-15 07:38:51.811 | INFO     | __main__:process_z3_file:320 - [Worker] 完成: /home/nju/Downloads/smt/gnu_angr.tar.gz/single_test/seq/seq89619, 结果: unknown, 用时: 1200.13s
2025-06-15 07:38:51.817 | INFO     | __main__:process_z3_file:293 - [Worker] 开始处理: /home/nju/Downloads/smt/gnu_angr.tar.gz/single_test/seq/seq76557
2025-06-15 07:38:51.817 | INFO     | __main__:get_Z3_result:356 - 主进程收集结果: /home/nju/Downloads/smt/gnu_angr.tar.gz/single_test/seq/seq89619, 状态: unknown
2025-06-15 07:43:49.177 | INFO     | __main__:process_z3_file:320 - [Worker] 完成: /home/nju/Downloads/smt/gnu_angr.tar.gz/single_test/seq/seq78796, 结果: unknown, 用时: 1200.07s
2025-06-15 07:43:49.179 | INFO     | __main__:process_z3_file:293 - [Worker] 开始处理: /home/nju/Downloads/smt/gnu_angr.tar.gz/single_test/seq/seq133619
2025-06-15 07:43:49.179 | INFO     | __main__:get_Z3_result:356 - 主进程收集结果: /home/nju/Downloads/smt/gnu_angr.tar.gz/single_test/seq/seq78796, 状态: unknown
2025-06-15 07:45:24.646 | INFO     | __main__:process_z3_file:320 - [Worker] 完成: /home/nju/Downloads/smt/gnu_angr.tar.gz/single_test/seq/seq133619, 结果: sat, 用时: 95.46s
2025-06-15 07:45:24.648 | INFO     | __main__:process_z3_file:293 - [Worker] 开始处理: /home/nju/Downloads/smt/gnu_angr.tar.gz/single_test/seq/seq83563
2025-06-15 07:45:24.648 | INFO     | __main__:get_Z3_result:356 - 主进程收集结果: /home/nju/Downloads/smt/gnu_angr.tar.gz/single_test/seq/seq133619, 状态: sat
2025-06-15 07:48:39.758 | INFO     | __main__:process_z3_file:320 - [Worker] 完成: /home/nju/Downloads/smt/gnu_angr.tar.gz/single_test/seq/seq84743, 结果: unknown, 用时: 1200.04s
2025-06-15 07:48:39.759 | INFO     | __main__:process_z3_file:293 - [Worker] 开始处理: /home/nju/Downloads/smt/gnu_angr.tar.gz/single_test/seq/seq128897
2025-06-15 07:48:39.759 | INFO     | __main__:get_Z3_result:356 - 主进程收集结果: /home/nju/Downloads/smt/gnu_angr.tar.gz/single_test/seq/seq84743, 状态: unknown
2025-06-15 07:49:46.880 | INFO     | __main__:process_z3_file:320 - [Worker] 完成: /home/nju/Downloads/smt/gnu_angr.tar.gz/single_test/seq/seq128897, 结果: sat, 用时: 67.11s
2025-06-15 07:49:46.882 | INFO     | __main__:process_z3_file:293 - [Worker] 开始处理: /home/nju/Downloads/smt/gnu_angr.tar.gz/single_test/seq/seq133646
2025-06-15 07:49:46.882 | INFO     | __main__:get_Z3_result:356 - 主进程收集结果: /home/nju/Downloads/smt/gnu_angr.tar.gz/single_test/seq/seq128897, 状态: sat
2025-06-15 07:50:55.709 | INFO     | __main__:process_z3_file:320 - [Worker] 完成: /home/nju/Downloads/smt/gnu_angr.tar.gz/single_test/seq/seq133646, 结果: sat, 用时: 68.82s
2025-06-15 07:50:55.710 | INFO     | __main__:process_z3_file:293 - [Worker] 开始处理: /home/nju/Downloads/smt/gnu_angr.tar.gz/single_test/seq/seq147528
2025-06-15 07:50:55.710 | INFO     | __main__:get_Z3_result:356 - 主进程收集结果: /home/nju/Downloads/smt/gnu_angr.tar.gz/single_test/seq/seq133646, 状态: sat
2025-06-15 07:52:52.293 | INFO     | __main__:process_z3_file:320 - [Worker] 完成: /home/nju/Downloads/smt/gnu_angr.tar.gz/single_test/seq/seq140290, 结果: unknown, 用时: 1200.15s
2025-06-15 07:52:52.295 | INFO     | __main__:process_z3_file:293 - [Worker] 开始处理: /home/nju/Downloads/smt/gnu_angr.tar.gz/single_test/seq/seq133656
2025-06-15 07:52:52.295 | INFO     | __main__:get_Z3_result:356 - 主进程收集结果: /home/nju/Downloads/smt/gnu_angr.tar.gz/single_test/seq/seq140290, 状态: unknown
2025-06-15 07:55:25.134 | INFO     | __main__:process_z3_file:320 - [Worker] 完成: /home/nju/Downloads/smt/gnu_angr.tar.gz/single_test/seq/seq152931, 结果: unknown, 用时: 1200.03s
2025-06-15 07:55:25.135 | INFO     | __main__:process_z3_file:293 - [Worker] 开始处理: /home/nju/Downloads/smt/gnu_angr.tar.gz/single_test/seq/seq51873
2025-06-15 07:55:25.135 | INFO     | __main__:get_Z3_result:356 - 主进程收集结果: /home/nju/Downloads/smt/gnu_angr.tar.gz/single_test/seq/seq152931, 状态: unknown
2025-06-15 07:56:25.181 | INFO     | __main__:process_z3_file:320 - [Worker] 完成: /home/nju/Downloads/smt/gnu_angr.tar.gz/single_test/seq/seq147528, 结果: sat, 用时: 329.46s
2025-06-15 07:56:25.183 | INFO     | __main__:process_z3_file:293 - [Worker] 开始处理: /home/nju/Downloads/smt/gnu_angr.tar.gz/single_test/seq/seq147511
2025-06-15 07:56:25.183 | INFO     | __main__:get_Z3_result:356 - 主进程收集结果: /home/nju/Downloads/smt/gnu_angr.tar.gz/single_test/seq/seq147528, 状态: sat
2025-06-15 07:57:16.727 | INFO     | __main__:process_z3_file:320 - [Worker] 完成: /home/nju/Downloads/smt/gnu_angr.tar.gz/single_test/seq/seq110808, 结果: unknown, 用时: 1200.74s
2025-06-15 07:57:16.729 | INFO     | __main__:process_z3_file:293 - [Worker] 开始处理: /home/nju/Downloads/smt/gnu_angr.tar.gz/single_test/seq/seq128944
2025-06-15 07:57:16.729 | INFO     | __main__:get_Z3_result:356 - 主进程收集结果: /home/nju/Downloads/smt/gnu_angr.tar.gz/single_test/seq/seq110808, 状态: unknown
2025-06-15 07:57:48.759 | INFO     | __main__:process_z3_file:320 - [Worker] 完成: /home/nju/Downloads/smt/gnu_angr.tar.gz/single_test/seq/seq108159, 结果: unknown, 用时: 1201.28s
2025-06-15 07:57:48.761 | INFO     | __main__:get_Z3_result:356 - 主进程收集结果: /home/nju/Downloads/smt/gnu_angr.tar.gz/single_test/seq/seq108159, 状态: unknown
2025-06-15 07:57:48.761 | INFO     | __main__:process_z3_file:293 - [Worker] 开始处理: /home/nju/Downloads/smt/gnu_angr.tar.gz/single_test/seq/seq143568
2025-06-15 07:58:05.694 | INFO     | __main__:process_z3_file:320 - [Worker] 完成: /home/nju/Downloads/smt/gnu_angr.tar.gz/single_test/seq/seq79911, 结果: unknown, 用时: 1200.03s
2025-06-15 07:58:05.695 | INFO     | __main__:process_z3_file:293 - [Worker] 开始处理: /home/nju/Downloads/smt/gnu_angr.tar.gz/single_test/seq/seq119553
2025-06-15 07:58:05.695 | INFO     | __main__:get_Z3_result:356 - 主进程收集结果: /home/nju/Downloads/smt/gnu_angr.tar.gz/single_test/seq/seq79911, 状态: unknown
2025-06-15 07:58:12.406 | INFO     | __main__:process_z3_file:320 - [Worker] 完成: /home/nju/Downloads/smt/gnu_angr.tar.gz/single_test/seq/seq143568, 结果: sat, 用时: 23.64s
2025-06-15 07:58:12.408 | INFO     | __main__:process_z3_file:293 - [Worker] 开始处理: /home/nju/Downloads/smt/gnu_angr.tar.gz/single_test/seq/seq108160
2025-06-15 07:58:12.408 | INFO     | __main__:get_Z3_result:356 - 主进程收集结果: /home/nju/Downloads/smt/gnu_angr.tar.gz/single_test/seq/seq143568, 状态: sat
2025-06-15 07:58:52.084 | INFO     | __main__:process_z3_file:320 - [Worker] 完成: /home/nju/Downloads/smt/gnu_angr.tar.gz/single_test/seq/seq76557, 结果: unknown, 用时: 1200.26s
2025-06-15 07:58:52.086 | INFO     | __main__:process_z3_file:293 - [Worker] 开始处理: /home/nju/Downloads/smt/gnu_angr.tar.gz/single_test/seq/seq141765
2025-06-15 07:58:52.086 | INFO     | __main__:get_Z3_result:356 - 主进程收集结果: /home/nju/Downloads/smt/gnu_angr.tar.gz/single_test/seq/seq76557, 状态: unknown
2025-06-15 08:03:16.837 | INFO     | __main__:process_z3_file:320 - [Worker] 完成: /home/nju/Downloads/smt/gnu_angr.tar.gz/single_test/seq/seq147511, 结果: sat, 用时: 411.65s
2025-06-15 08:03:16.839 | INFO     | __main__:process_z3_file:293 - [Worker] 开始处理: /home/nju/Downloads/smt/gnu_angr.tar.gz/single_test/seq/seq117719
2025-06-15 08:03:16.839 | INFO     | __main__:get_Z3_result:356 - 主进程收集结果: /home/nju/Downloads/smt/gnu_angr.tar.gz/single_test/seq/seq147511, 状态: sat
2025-06-15 08:04:11.804 | INFO     | __main__:process_z3_file:320 - [Worker] 完成: /home/nju/Downloads/smt/gnu_angr.tar.gz/single_test/seq/seq133656, 结果: sat, 用时: 679.50s
2025-06-15 08:04:11.806 | INFO     | __main__:process_z3_file:293 - [Worker] 开始处理: /home/nju/Downloads/smt/gnu_angr.tar.gz/single_test/seq/seq128938
2025-06-15 08:04:11.806 | INFO     | __main__:get_Z3_result:356 - 主进程收集结果: /home/nju/Downloads/smt/gnu_angr.tar.gz/single_test/seq/seq133656, 状态: sat
2025-06-15 08:05:25.409 | INFO     | __main__:process_z3_file:320 - [Worker] 完成: /home/nju/Downloads/smt/gnu_angr.tar.gz/single_test/seq/seq83563, 结果: unknown, 用时: 1200.76s
2025-06-15 08:05:25.411 | INFO     | __main__:process_z3_file:293 - [Worker] 开始处理: /home/nju/Downloads/smt/gnu_angr.tar.gz/single_test/seq/seq133629
2025-06-15 08:05:25.411 | INFO     | __main__:get_Z3_result:356 - 主进程收集结果: /home/nju/Downloads/smt/gnu_angr.tar.gz/single_test/seq/seq83563, 状态: unknown
2025-06-15 08:05:47.142 | INFO     | __main__:process_z3_file:320 - [Worker] 完成: /home/nju/Downloads/smt/gnu_angr.tar.gz/single_test/seq/seq141765, 结果: sat, 用时: 415.05s
2025-06-15 08:05:47.144 | INFO     | __main__:process_z3_file:293 - [Worker] 开始处理: /home/nju/Downloads/smt/gnu_angr.tar.gz/single_test/seq/seq143585
2025-06-15 08:05:47.144 | INFO     | __main__:get_Z3_result:356 - 主进程收集结果: /home/nju/Downloads/smt/gnu_angr.tar.gz/single_test/seq/seq141765, 状态: sat
2025-06-15 08:13:29.533 | INFO     | __main__:process_z3_file:320 - [Worker] 完成: /home/nju/Downloads/smt/gnu_angr.tar.gz/single_test/seq/seq133629, 结果: sat, 用时: 484.12s
2025-06-15 08:13:29.535 | INFO     | __main__:process_z3_file:293 - [Worker] 开始处理: /home/nju/Downloads/smt/gnu_angr.tar.gz/single_test/seq/seq133659
2025-06-15 08:13:29.536 | INFO     | __main__:get_Z3_result:356 - 主进程收集结果: /home/nju/Downloads/smt/gnu_angr.tar.gz/single_test/seq/seq133629, 状态: sat
2025-06-15 08:14:55.088 | INFO     | __main__:process_z3_file:320 - [Worker] 完成: /home/nju/Downloads/smt/gnu_angr.tar.gz/single_test/seq/seq128938, 结果: sat, 用时: 643.27s
2025-06-15 08:14:55.090 | INFO     | __main__:process_z3_file:293 - [Worker] 开始处理: /home/nju/Downloads/smt/gnu_angr.tar.gz/single_test/seq/seq121176
2025-06-15 08:14:55.090 | INFO     | __main__:get_Z3_result:356 - 主进程收集结果: /home/nju/Downloads/smt/gnu_angr.tar.gz/single_test/seq/seq128938, 状态: sat
2025-06-15 08:15:25.160 | INFO     | __main__:process_z3_file:320 - [Worker] 完成: /home/nju/Downloads/smt/gnu_angr.tar.gz/single_test/seq/seq51873, 结果: unknown, 用时: 1200.02s
2025-06-15 08:15:25.162 | INFO     | __main__:process_z3_file:293 - [Worker] 开始处理: /home/nju/Downloads/smt/gnu_angr.tar.gz/single_test/seq/seq123955
2025-06-15 08:15:25.162 | INFO     | __main__:get_Z3_result:356 - 主进程收集结果: /home/nju/Downloads/smt/gnu_angr.tar.gz/single_test/seq/seq51873, 状态: unknown
2025-06-15 08:16:51.641 | INFO     | __main__:process_z3_file:320 - [Worker] 完成: /home/nju/Downloads/smt/gnu_angr.tar.gz/single_test/seq/seq123955, 结果: sat, 用时: 86.47s
2025-06-15 08:16:51.643 | INFO     | __main__:process_z3_file:293 - [Worker] 开始处理: /home/nju/Downloads/smt/gnu_angr.tar.gz/single_test/seq/seq116464
2025-06-15 08:16:51.643 | INFO     | __main__:get_Z3_result:356 - 主进程收集结果: /home/nju/Downloads/smt/gnu_angr.tar.gz/single_test/seq/seq123955, 状态: sat
2025-06-15 08:17:11.417 | INFO     | __main__:process_z3_file:320 - [Worker] 完成: /home/nju/Downloads/smt/gnu_angr.tar.gz/single_test/seq/seq116464, 结果: sat, 用时: 19.77s
2025-06-15 08:17:11.418 | INFO     | __main__:process_z3_file:293 - [Worker] 开始处理: /home/nju/Downloads/smt/gnu_angr.tar.gz/single_test/seq/seq155511
2025-06-15 08:17:11.418 | INFO     | __main__:get_Z3_result:356 - 主进程收集结果: /home/nju/Downloads/smt/gnu_angr.tar.gz/single_test/seq/seq116464, 状态: sat
2025-06-15 08:17:16.900 | INFO     | __main__:process_z3_file:320 - [Worker] 完成: /home/nju/Downloads/smt/gnu_angr.tar.gz/single_test/seq/seq128944, 结果: unknown, 用时: 1200.16s
2025-06-15 08:17:16.901 | INFO     | __main__:process_z3_file:293 - [Worker] 开始处理: /home/nju/Downloads/smt/gnu_angr.tar.gz/single_test/seq/seq83564
2025-06-15 08:17:16.901 | INFO     | __main__:get_Z3_result:356 - 主进程收集结果: /home/nju/Downloads/smt/gnu_angr.tar.gz/single_test/seq/seq128944, 状态: unknown
2025-06-15 08:18:05.846 | INFO     | __main__:process_z3_file:320 - [Worker] 完成: /home/nju/Downloads/smt/gnu_angr.tar.gz/single_test/seq/seq119553, 结果: unknown, 用时: 1200.14s
2025-06-15 08:18:05.848 | INFO     | __main__:process_z3_file:293 - [Worker] 开始处理: /home/nju/Downloads/smt/gnu_angr.tar.gz/single_test/seq/seq140537
2025-06-15 08:18:05.848 | INFO     | __main__:get_Z3_result:356 - 主进程收集结果: /home/nju/Downloads/smt/gnu_angr.tar.gz/single_test/seq/seq119553, 状态: unknown
2025-06-15 08:18:12.524 | INFO     | __main__:process_z3_file:320 - [Worker] 完成: /home/nju/Downloads/smt/gnu_angr.tar.gz/single_test/seq/seq108160, 结果: unknown, 用时: 1200.11s
2025-06-15 08:18:12.526 | INFO     | __main__:process_z3_file:293 - [Worker] 开始处理: /home/nju/Downloads/smt/gnu_angr.tar.gz/single_test/seq/seq141711
2025-06-15 08:18:12.526 | INFO     | __main__:get_Z3_result:356 - 主进程收集结果: /home/nju/Downloads/smt/gnu_angr.tar.gz/single_test/seq/seq108160, 状态: unknown
2025-06-15 08:19:30.174 | INFO     | __main__:process_z3_file:320 - [Worker] 完成: /home/nju/Downloads/smt/gnu_angr.tar.gz/single_test/seq/seq155511, 结果: sat, 用时: 138.75s
2025-06-15 08:19:30.176 | INFO     | __main__:process_z3_file:293 - [Worker] 开始处理: /home/nju/Downloads/smt/gnu_angr.tar.gz/single_test/seq/seq119554
2025-06-15 08:19:30.176 | INFO     | __main__:get_Z3_result:356 - 主进程收集结果: /home/nju/Downloads/smt/gnu_angr.tar.gz/single_test/seq/seq155511, 状态: sat
2025-06-15 08:19:54.504 | INFO     | __main__:process_z3_file:320 - [Worker] 完成: /home/nju/Downloads/smt/gnu_angr.tar.gz/single_test/seq/seq133659, 结果: sat, 用时: 384.96s
2025-06-15 08:19:54.506 | INFO     | __main__:process_z3_file:293 - [Worker] 开始处理: /home/nju/Downloads/smt/gnu_angr.tar.gz/single_test/seq/seq116468
2025-06-15 08:19:54.506 | INFO     | __main__:get_Z3_result:356 - 主进程收集结果: /home/nju/Downloads/smt/gnu_angr.tar.gz/single_test/seq/seq133659, 状态: sat
2025-06-15 08:23:16.944 | INFO     | __main__:process_z3_file:320 - [Worker] 完成: /home/nju/Downloads/smt/gnu_angr.tar.gz/single_test/seq/seq117719, 结果: unknown, 用时: 1200.10s
2025-06-15 08:23:16.945 | INFO     | __main__:process_z3_file:293 - [Worker] 开始处理: /home/nju/Downloads/smt/gnu_angr.tar.gz/single_test/seq/seq123923
2025-06-15 08:23:16.945 | INFO     | __main__:get_Z3_result:356 - 主进程收集结果: /home/nju/Downloads/smt/gnu_angr.tar.gz/single_test/seq/seq117719, 状态: unknown
2025-06-15 08:23:50.935 | INFO     | __main__:process_z3_file:320 - [Worker] 完成: /home/nju/Downloads/smt/gnu_angr.tar.gz/single_test/seq/seq123923, 结果: sat, 用时: 33.98s
2025-06-15 08:23:50.937 | INFO     | __main__:process_z3_file:293 - [Worker] 开始处理: /home/nju/Downloads/smt/gnu_angr.tar.gz/single_test/seq/seq133663
2025-06-15 08:23:50.937 | INFO     | __main__:get_Z3_result:356 - 主进程收集结果: /home/nju/Downloads/smt/gnu_angr.tar.gz/single_test/seq/seq123923, 状态: sat
2025-06-15 08:23:53.563 | INFO     | __main__:process_z3_file:320 - [Worker] 完成: /home/nju/Downloads/smt/gnu_angr.tar.gz/single_test/seq/seq116468, 结果: sat, 用时: 239.05s
2025-06-15 08:23:53.565 | INFO     | __main__:process_z3_file:293 - [Worker] 开始处理: /home/nju/Downloads/smt/gnu_angr.tar.gz/single_test/seq/seq128896
2025-06-15 08:23:53.565 | INFO     | __main__:get_Z3_result:356 - 主进程收集结果: /home/nju/Downloads/smt/gnu_angr.tar.gz/single_test/seq/seq116468, 状态: sat
2025-06-15 08:24:41.461 | INFO     | __main__:process_z3_file:320 - [Worker] 完成: /home/nju/Downloads/smt/gnu_angr.tar.gz/single_test/seq/seq128896, 结果: sat, 用时: 47.89s
2025-06-15 08:24:41.463 | INFO     | __main__:process_z3_file:293 - [Worker] 开始处理: /home/nju/Downloads/smt/gnu_angr.tar.gz/single_test/seq/seq147589
2025-06-15 08:24:41.463 | INFO     | __main__:get_Z3_result:356 - 主进程收集结果: /home/nju/Downloads/smt/gnu_angr.tar.gz/single_test/seq/seq128896, 状态: sat
2025-06-15 08:25:46.376 | INFO     | __main__:process_z3_file:320 - [Worker] 完成: /home/nju/Downloads/smt/gnu_angr.tar.gz/single_test/seq/seq147589, 结果: sat, 用时: 64.91s
2025-06-15 08:25:46.379 | INFO     | __main__:process_z3_file:293 - [Worker] 开始处理: /home/nju/Downloads/smt/gnu_angr.tar.gz/single_test/seq/seq141710
2025-06-15 08:25:46.379 | INFO     | __main__:get_Z3_result:356 - 主进程收集结果: /home/nju/Downloads/smt/gnu_angr.tar.gz/single_test/seq/seq147589, 状态: sat
2025-06-15 08:25:47.312 | INFO     | __main__:process_z3_file:320 - [Worker] 完成: /home/nju/Downloads/smt/gnu_angr.tar.gz/single_test/seq/seq143585, 结果: unknown, 用时: 1200.16s
2025-06-15 08:25:47.313 | INFO     | __main__:process_z3_file:293 - [Worker] 开始处理: /home/nju/Downloads/smt/gnu_angr.tar.gz/single_test/seq/seq124024
2025-06-15 08:25:47.313 | INFO     | __main__:get_Z3_result:356 - 主进程收集结果: /home/nju/Downloads/smt/gnu_angr.tar.gz/single_test/seq/seq143585, 状态: unknown
2025-06-15 08:26:44.946 | INFO     | __main__:process_z3_file:320 - [Worker] 完成: /home/nju/Downloads/smt/gnu_angr.tar.gz/single_test/seq/seq124024, 结果: sat, 用时: 57.62s
2025-06-15 08:26:44.948 | INFO     | __main__:process_z3_file:293 - [Worker] 开始处理: /home/nju/Downloads/smt/gnu_angr.tar.gz/single_test/seq/seq133660
2025-06-15 08:26:44.948 | INFO     | __main__:get_Z3_result:356 - 主进程收集结果: /home/nju/Downloads/smt/gnu_angr.tar.gz/single_test/seq/seq124024, 状态: sat
2025-06-15 08:32:09.123 | INFO     | __main__:process_z3_file:320 - [Worker] 完成: /home/nju/Downloads/smt/gnu_angr.tar.gz/single_test/seq/seq133663, 结果: sat, 用时: 498.18s
2025-06-15 08:32:09.125 | INFO     | __main__:process_z3_file:293 - [Worker] 开始处理: /home/nju/Downloads/smt/gnu_angr.tar.gz/single_test/seq/seq147500
2025-06-15 08:32:09.125 | INFO     | __main__:get_Z3_result:356 - 主进程收集结果: /home/nju/Downloads/smt/gnu_angr.tar.gz/single_test/seq/seq133663, 状态: sat
2025-06-15 08:32:48.738 | INFO     | __main__:process_z3_file:320 - [Worker] 完成: /home/nju/Downloads/smt/gnu_angr.tar.gz/single_test/seq/seq141710, 结果: sat, 用时: 422.35s
2025-06-15 08:32:48.740 | INFO     | __main__:process_z3_file:293 - [Worker] 开始处理: /home/nju/Downloads/smt/gnu_angr.tar.gz/single_test/seq/seq79291
2025-06-15 08:32:48.740 | INFO     | __main__:get_Z3_result:356 - 主进程收集结果: /home/nju/Downloads/smt/gnu_angr.tar.gz/single_test/seq/seq141710, 状态: sat
2025-06-15 08:34:56.461 | INFO     | __main__:process_z3_file:320 - [Worker] 完成: /home/nju/Downloads/smt/gnu_angr.tar.gz/single_test/seq/seq121176, 结果: unknown, 用时: 1201.36s
2025-06-15 08:34:56.463 | INFO     | __main__:process_z3_file:293 - [Worker] 开始处理: /home/nju/Downloads/smt/gnu_angr.tar.gz/single_test/mktemp/mktemp68729
2025-06-15 08:34:56.463 | INFO     | __main__:get_Z3_result:356 - 主进程收集结果: /home/nju/Downloads/smt/gnu_angr.tar.gz/single_test/seq/seq121176, 状态: unknown
2025-06-15 08:35:20.311 | INFO     | __main__:process_z3_file:320 - [Worker] 完成: /home/nju/Downloads/smt/gnu_angr.tar.gz/single_test/seq/seq147500, 结果: sat, 用时: 191.18s
2025-06-15 08:35:20.312 | INFO     | __main__:process_z3_file:293 - [Worker] 开始处理: /home/nju/Downloads/smt/gnu_angr.tar.gz/single_test/mktemp/mktemp70107
2025-06-15 08:35:20.312 | INFO     | __main__:get_Z3_result:356 - 主进程收集结果: /home/nju/Downloads/smt/gnu_angr.tar.gz/single_test/seq/seq147500, 状态: sat
2025-06-15 08:37:16.985 | INFO     | __main__:process_z3_file:320 - [Worker] 完成: /home/nju/Downloads/smt/gnu_angr.tar.gz/single_test/seq/seq83564, 结果: unknown, 用时: 1200.08s
2025-06-15 08:37:16.987 | INFO     | __main__:process_z3_file:293 - [Worker] 开始处理: /home/nju/Downloads/smt/gnu_angr.tar.gz/single_test/mktemp/mktemp72695
2025-06-15 08:37:16.987 | INFO     | __main__:get_Z3_result:356 - 主进程收集结果: /home/nju/Downloads/smt/gnu_angr.tar.gz/single_test/seq/seq83564, 状态: unknown
2025-06-15 08:38:05.935 | INFO     | __main__:process_z3_file:320 - [Worker] 完成: /home/nju/Downloads/smt/gnu_angr.tar.gz/single_test/seq/seq140537, 结果: unknown, 用时: 1200.08s
2025-06-15 08:38:05.937 | INFO     | __main__:process_z3_file:293 - [Worker] 开始处理: /home/nju/Downloads/smt/gnu_angr.tar.gz/single_test/expr/expr217198
2025-06-15 08:38:05.937 | INFO     | __main__:get_Z3_result:356 - 主进程收集结果: /home/nju/Downloads/smt/gnu_angr.tar.gz/single_test/seq/seq140537, 状态: unknown
2025-06-15 08:38:08.481 | INFO     | __main__:process_z3_file:320 - [Worker] 完成: /home/nju/Downloads/smt/gnu_angr.tar.gz/single_test/expr/expr217198, 结果: sat, 用时: 2.53s
2025-06-15 08:38:08.482 | INFO     | __main__:process_z3_file:293 - [Worker] 开始处理: /home/nju/Downloads/smt/gnu_angr.tar.gz/single_test/expr/expr278325
2025-06-15 08:38:08.483 | INFO     | __main__:get_Z3_result:356 - 主进程收集结果: /home/nju/Downloads/smt/gnu_angr.tar.gz/single_test/expr/expr217198, 状态: sat
2025-06-15 08:38:12.557 | INFO     | __main__:process_z3_file:320 - [Worker] 完成: /home/nju/Downloads/smt/gnu_angr.tar.gz/single_test/seq/seq141711, 结果: unknown, 用时: 1200.03s
2025-06-15 08:38:12.559 | INFO     | __main__:process_z3_file:293 - [Worker] 开始处理: /home/nju/Downloads/smt/gnu_angr.tar.gz/single_test/expr/expr228934
2025-06-15 08:38:12.559 | INFO     | __main__:get_Z3_result:356 - 主进程收集结果: /home/nju/Downloads/smt/gnu_angr.tar.gz/single_test/seq/seq141711, 状态: unknown
2025-06-15 08:39:30.316 | INFO     | __main__:process_z3_file:320 - [Worker] 完成: /home/nju/Downloads/smt/gnu_angr.tar.gz/single_test/seq/seq119554, 结果: unknown, 用时: 1200.13s
2025-06-15 08:39:30.318 | INFO     | __main__:process_z3_file:293 - [Worker] 开始处理: /home/nju/Downloads/smt/gnu_angr.tar.gz/single_test/expr/expr277232
2025-06-15 08:39:30.318 | INFO     | __main__:get_Z3_result:356 - 主进程收集结果: /home/nju/Downloads/smt/gnu_angr.tar.gz/single_test/seq/seq119554, 状态: unknown
2025-06-15 08:41:01.433 | INFO     | __main__:process_z3_file:320 - [Worker] 完成: /home/nju/Downloads/smt/gnu_angr.tar.gz/single_test/expr/expr228934, 结果: sat, 用时: 168.87s
2025-06-15 08:41:01.434 | INFO     | __main__:process_z3_file:293 - [Worker] 开始处理: /home/nju/Downloads/smt/gnu_angr.tar.gz/single_test/expr/expr274909
2025-06-15 08:41:01.434 | INFO     | __main__:get_Z3_result:356 - 主进程收集结果: /home/nju/Downloads/smt/gnu_angr.tar.gz/single_test/expr/expr228934, 状态: sat
2025-06-15 08:43:26.389 | INFO     | __main__:process_z3_file:320 - [Worker] 完成: /home/nju/Downloads/smt/gnu_angr.tar.gz/single_test/seq/seq133660, 结果: sat, 用时: 1001.43s
2025-06-15 08:43:26.391 | INFO     | __main__:process_z3_file:293 - [Worker] 开始处理: /home/nju/Downloads/smt/gnu_angr.tar.gz/single_test/expr/expr225589
2025-06-15 08:43:26.391 | INFO     | __main__:get_Z3_result:356 - 主进程收集结果: /home/nju/Downloads/smt/gnu_angr.tar.gz/single_test/seq/seq133660, 状态: sat
2025-06-15 08:52:48.809 | INFO     | __main__:process_z3_file:320 - [Worker] 完成: /home/nju/Downloads/smt/gnu_angr.tar.gz/single_test/seq/seq79291, 结果: unknown, 用时: 1200.06s
2025-06-15 08:52:48.810 | INFO     | __main__:process_z3_file:293 - [Worker] 开始处理: /home/nju/Downloads/smt/gnu_angr.tar.gz/single_test/expr/expr276430
2025-06-15 08:52:48.810 | INFO     | __main__:get_Z3_result:356 - 主进程收集结果: /home/nju/Downloads/smt/gnu_angr.tar.gz/single_test/seq/seq79291, 状态: unknown
2025-06-15 08:53:51.365 | INFO     | __main__:process_z3_file:320 - [Worker] 完成: /home/nju/Downloads/smt/gnu_angr.tar.gz/single_test/expr/expr277232, 结果: sat, 用时: 861.04s
2025-06-15 08:53:51.367 | INFO     | __main__:process_z3_file:293 - [Worker] 开始处理: /home/nju/Downloads/smt/gnu_angr.tar.gz/single_test/expr/expr277231
2025-06-15 08:53:51.367 | INFO     | __main__:get_Z3_result:356 - 主进程收集结果: /home/nju/Downloads/smt/gnu_angr.tar.gz/single_test/expr/expr277232, 状态: sat
2025-06-15 08:54:56.482 | INFO     | __main__:process_z3_file:320 - [Worker] 完成: /home/nju/Downloads/smt/gnu_angr.tar.gz/single_test/mktemp/mktemp68729, 结果: unknown, 用时: 1200.01s
2025-06-15 08:54:56.483 | INFO     | __main__:process_z3_file:293 - [Worker] 开始处理: /home/nju/Downloads/smt/gnu_angr.tar.gz/single_test/expr/expr270722
2025-06-15 08:54:56.483 | INFO     | __main__:get_Z3_result:356 - 主进程收集结果: /home/nju/Downloads/smt/gnu_angr.tar.gz/single_test/mktemp/mktemp68729, 状态: unknown
2025-06-15 08:55:20.330 | INFO     | __main__:process_z3_file:320 - [Worker] 完成: /home/nju/Downloads/smt/gnu_angr.tar.gz/single_test/mktemp/mktemp70107, 结果: unknown, 用时: 1200.01s
2025-06-15 08:55:20.331 | INFO     | __main__:process_z3_file:293 - [Worker] 开始处理: /home/nju/Downloads/smt/gnu_angr.tar.gz/single_test/expand/expand439103
2025-06-15 08:55:20.331 | INFO     | __main__:get_Z3_result:356 - 主进程收集结果: /home/nju/Downloads/smt/gnu_angr.tar.gz/single_test/mktemp/mktemp70107, 状态: unknown
2025-06-15 08:57:17.077 | INFO     | __main__:process_z3_file:320 - [Worker] 完成: /home/nju/Downloads/smt/gnu_angr.tar.gz/single_test/mktemp/mktemp72695, 结果: unknown, 用时: 1200.08s
2025-06-15 08:57:17.079 | INFO     | __main__:process_z3_file:293 - [Worker] 开始处理: /home/nju/Downloads/smt/gnu_angr.tar.gz/single_test/expand/expand399276
2025-06-15 08:57:17.079 | INFO     | __main__:get_Z3_result:356 - 主进程收集结果: /home/nju/Downloads/smt/gnu_angr.tar.gz/single_test/mktemp/mktemp72695, 状态: unknown
2025-06-15 08:58:08.709 | INFO     | __main__:process_z3_file:320 - [Worker] 完成: /home/nju/Downloads/smt/gnu_angr.tar.gz/single_test/expr/expr278325, 结果: unknown, 用时: 1200.21s
2025-06-15 08:58:08.711 | INFO     | __main__:process_z3_file:293 - [Worker] 开始处理: /home/nju/Downloads/smt/gnu_angr.tar.gz/single_test/expand/expand415535
2025-06-15 08:58:08.711 | INFO     | __main__:get_Z3_result:356 - 主进程收集结果: /home/nju/Downloads/smt/gnu_angr.tar.gz/single_test/expr/expr278325, 状态: unknown
2025-06-15 08:58:23.441 | INFO     | __main__:process_z3_file:320 - [Worker] 完成: /home/nju/Downloads/smt/gnu_angr.tar.gz/single_test/expr/expr225589, 结果: sat, 用时: 897.04s
2025-06-15 08:58:23.442 | INFO     | __main__:process_z3_file:293 - [Worker] 开始处理: /home/nju/Downloads/smt/gnu_angr.tar.gz/single_test/expand/expand419008
2025-06-15 08:58:23.442 | INFO     | __main__:get_Z3_result:356 - 主进程收集结果: /home/nju/Downloads/smt/gnu_angr.tar.gz/single_test/expr/expr225589, 状态: sat
2025-06-15 08:59:11.021 | INFO     | __main__:process_z3_file:320 - [Worker] 完成: /home/nju/Downloads/smt/gnu_angr.tar.gz/single_test/expr/expr270722, 结果: sat, 用时: 254.53s
2025-06-15 08:59:11.022 | INFO     | __main__:process_z3_file:293 - [Worker] 开始处理: /home/nju/Downloads/smt/gnu_angr.tar.gz/single_test/expand/expand380025
2025-06-15 08:59:11.022 | INFO     | __main__:get_Z3_result:356 - 主进程收集结果: /home/nju/Downloads/smt/gnu_angr.tar.gz/single_test/expr/expr270722, 状态: sat
2025-06-15 09:00:56.971 | INFO     | __main__:process_z3_file:320 - [Worker] 完成: /home/nju/Downloads/smt/gnu_angr.tar.gz/single_test/expr/expr276430, 结果: sat, 用时: 488.15s
2025-06-15 09:00:56.973 | INFO     | __main__:process_z3_file:293 - [Worker] 开始处理: /home/nju/Downloads/smt/gnu_angr.tar.gz/single_test/expand/expand429238
2025-06-15 09:00:56.973 | INFO     | __main__:get_Z3_result:356 - 主进程收集结果: /home/nju/Downloads/smt/gnu_angr.tar.gz/single_test/expr/expr276430, 状态: sat
2025-06-15 09:01:01.592 | INFO     | __main__:process_z3_file:320 - [Worker] 完成: /home/nju/Downloads/smt/gnu_angr.tar.gz/single_test/expr/expr274909, 结果: unknown, 用时: 1200.15s
2025-06-15 09:01:01.593 | INFO     | __main__:process_z3_file:293 - [Worker] 开始处理: /home/nju/Downloads/smt/gnu_angr.tar.gz/single_test/expand/expand371319
2025-06-15 09:01:01.593 | INFO     | __main__:get_Z3_result:356 - 主进程收集结果: /home/nju/Downloads/smt/gnu_angr.tar.gz/single_test/expr/expr274909, 状态: unknown
2025-06-15 09:13:21.609 | INFO     | __main__:process_z3_file:320 - [Worker] 完成: /home/nju/Downloads/smt/gnu_angr.tar.gz/single_test/expr/expr277231, 结果: sat, 用时: 1170.23s
2025-06-15 09:13:21.611 | INFO     | __main__:process_z3_file:293 - [Worker] 开始处理: /home/nju/Downloads/smt/gnu_angr.tar.gz/single_test/expand/expand441451
2025-06-15 09:13:21.611 | INFO     | __main__:get_Z3_result:356 - 主进程收集结果: /home/nju/Downloads/smt/gnu_angr.tar.gz/single_test/expr/expr277231, 状态: sat
2025-06-15 09:15:20.389 | INFO     | __main__:process_z3_file:320 - [Worker] 完成: /home/nju/Downloads/smt/gnu_angr.tar.gz/single_test/expand/expand439103, 结果: unknown, 用时: 1200.05s
2025-06-15 09:15:20.391 | INFO     | __main__:process_z3_file:293 - [Worker] 开始处理: /home/nju/Downloads/smt/gnu_angr.tar.gz/single_test/expand/expand439104
2025-06-15 09:15:20.391 | INFO     | __main__:get_Z3_result:356 - 主进程收集结果: /home/nju/Downloads/smt/gnu_angr.tar.gz/single_test/expand/expand439103, 状态: unknown
2025-06-15 09:17:17.740 | INFO     | __main__:process_z3_file:320 - [Worker] 完成: /home/nju/Downloads/smt/gnu_angr.tar.gz/single_test/expand/expand399276, 结果: unknown, 用时: 1200.65s
2025-06-15 09:17:17.742 | INFO     | __main__:process_z3_file:293 - [Worker] 开始处理: /home/nju/Downloads/smt/gnu_angr.tar.gz/single_test/expand/expand429872
2025-06-15 09:17:17.742 | INFO     | __main__:get_Z3_result:356 - 主进程收集结果: /home/nju/Downloads/smt/gnu_angr.tar.gz/single_test/expand/expand399276, 状态: unknown
2025-06-15 09:18:08.752 | INFO     | __main__:process_z3_file:320 - [Worker] 完成: /home/nju/Downloads/smt/gnu_angr.tar.gz/single_test/expand/expand415535, 结果: unknown, 用时: 1200.03s
2025-06-15 09:18:08.754 | INFO     | __main__:process_z3_file:293 - [Worker] 开始处理: /home/nju/Downloads/smt/gnu_angr.tar.gz/single_test/expand/expand421225
2025-06-15 09:18:08.754 | INFO     | __main__:get_Z3_result:356 - 主进程收集结果: /home/nju/Downloads/smt/gnu_angr.tar.gz/single_test/expand/expand415535, 状态: unknown
2025-06-15 09:18:23.503 | INFO     | __main__:process_z3_file:320 - [Worker] 完成: /home/nju/Downloads/smt/gnu_angr.tar.gz/single_test/expand/expand419008, 结果: unknown, 用时: 1200.05s
2025-06-15 09:18:23.509 | INFO     | __main__:get_Z3_result:356 - 主进程收集结果: /home/nju/Downloads/smt/gnu_angr.tar.gz/single_test/expand/expand419008, 状态: unknown
2025-06-15 09:18:23.509 | INFO     | __main__:process_z3_file:293 - [Worker] 开始处理: /home/nju/Downloads/smt/gnu_angr.tar.gz/single_test/expand/expand436124
2025-06-15 09:19:11.047 | INFO     | __main__:process_z3_file:320 - [Worker] 完成: /home/nju/Downloads/smt/gnu_angr.tar.gz/single_test/expand/expand380025, 结果: unknown, 用时: 1200.02s
2025-06-15 09:19:11.049 | INFO     | __main__:process_z3_file:293 - [Worker] 开始处理: /home/nju/Downloads/smt/gnu_angr.tar.gz/single_test/expand/expand435353
2025-06-15 09:19:11.049 | INFO     | __main__:get_Z3_result:356 - 主进程收集结果: /home/nju/Downloads/smt/gnu_angr.tar.gz/single_test/expand/expand380025, 状态: unknown
2025-06-15 09:20:57.032 | INFO     | __main__:process_z3_file:320 - [Worker] 完成: /home/nju/Downloads/smt/gnu_angr.tar.gz/single_test/expand/expand429238, 结果: unknown, 用时: 1200.05s
2025-06-15 09:20:57.034 | INFO     | __main__:process_z3_file:293 - [Worker] 开始处理: /home/nju/Downloads/smt/gnu_angr.tar.gz/single_test/expand/expand416308
2025-06-15 09:20:57.034 | INFO     | __main__:get_Z3_result:356 - 主进程收集结果: /home/nju/Downloads/smt/gnu_angr.tar.gz/single_test/expand/expand429238, 状态: unknown
2025-06-15 09:21:01.634 | INFO     | __main__:process_z3_file:320 - [Worker] 完成: /home/nju/Downloads/smt/gnu_angr.tar.gz/single_test/expand/expand371319, 结果: unknown, 用时: 1200.04s
2025-06-15 09:21:01.635 | INFO     | __main__:process_z3_file:293 - [Worker] 开始处理: /home/nju/Downloads/smt/gnu_angr.tar.gz/single_test/expand/expand386513
2025-06-15 09:21:01.635 | INFO     | __main__:get_Z3_result:356 - 主进程收集结果: /home/nju/Downloads/smt/gnu_angr.tar.gz/single_test/expand/expand371319, 状态: unknown
2025-06-15 09:32:17.564 | INFO     | __main__:process_z3_file:320 - [Worker] 完成: /home/nju/Downloads/smt/gnu_angr.tar.gz/single_test/expand/expand439104, 结果: unsat, 用时: 1017.17s
2025-06-15 09:32:17.565 | INFO     | __main__:process_z3_file:293 - [Worker] 开始处理: /home/nju/Downloads/smt/gnu_angr.tar.gz/single_test/expand/expand383024
2025-06-15 09:32:17.565 | INFO     | __main__:get_Z3_result:356 - 主进程收集结果: /home/nju/Downloads/smt/gnu_angr.tar.gz/single_test/expand/expand439104, 状态: unsat
2025-06-15 09:33:22.296 | INFO     | __main__:process_z3_file:320 - [Worker] 完成: /home/nju/Downloads/smt/gnu_angr.tar.gz/single_test/expand/expand441451, 结果: unknown, 用时: 1200.68s
2025-06-15 09:33:22.298 | INFO     | __main__:process_z3_file:293 - [Worker] 开始处理: /home/nju/Downloads/smt/gnu_angr.tar.gz/single_test/expand/expand385895
2025-06-15 09:33:22.298 | INFO     | __main__:get_Z3_result:356 - 主进程收集结果: /home/nju/Downloads/smt/gnu_angr.tar.gz/single_test/expand/expand441451, 状态: unknown
2025-06-15 09:37:18.341 | INFO     | __main__:process_z3_file:320 - [Worker] 完成: /home/nju/Downloads/smt/gnu_angr.tar.gz/single_test/expand/expand429872, 结果: unknown, 用时: 1200.59s
2025-06-15 09:37:18.343 | INFO     | __main__:process_z3_file:293 - [Worker] 开始处理: /home/nju/Downloads/smt/gnu_angr.tar.gz/single_test/expand/expand416939
2025-06-15 09:37:18.343 | INFO     | __main__:get_Z3_result:356 - 主进程收集结果: /home/nju/Downloads/smt/gnu_angr.tar.gz/single_test/expand/expand429872, 状态: unknown
2025-06-15 09:38:08.838 | INFO     | __main__:process_z3_file:320 - [Worker] 完成: /home/nju/Downloads/smt/gnu_angr.tar.gz/single_test/expand/expand421225, 结果: unknown, 用时: 1200.08s
2025-06-15 09:38:08.840 | INFO     | __main__:process_z3_file:293 - [Worker] 开始处理: /home/nju/Downloads/smt/gnu_angr.tar.gz/single_test/expand/expand437661
2025-06-15 09:38:08.840 | INFO     | __main__:get_Z3_result:356 - 主进程收集结果: /home/nju/Downloads/smt/gnu_angr.tar.gz/single_test/expand/expand421225, 状态: unknown
2025-06-15 09:38:23.859 | INFO     | __main__:process_z3_file:320 - [Worker] 完成: /home/nju/Downloads/smt/gnu_angr.tar.gz/single_test/expand/expand436124, 结果: unknown, 用时: 1200.34s
2025-06-15 09:38:23.860 | INFO     | __main__:process_z3_file:293 - [Worker] 开始处理: /home/nju/Downloads/smt/gnu_angr.tar.gz/single_test/expand/expand442352
2025-06-15 09:38:23.860 | INFO     | __main__:get_Z3_result:356 - 主进程收集结果: /home/nju/Downloads/smt/gnu_angr.tar.gz/single_test/expand/expand436124, 状态: unknown
2025-06-15 09:39:12.246 | INFO     | __main__:process_z3_file:320 - [Worker] 完成: /home/nju/Downloads/smt/gnu_angr.tar.gz/single_test/expand/expand435353, 结果: unknown, 用时: 1201.19s
2025-06-15 09:39:12.247 | INFO     | __main__:process_z3_file:293 - [Worker] 开始处理: /home/nju/Downloads/smt/gnu_angr.tar.gz/single_test/expand/expand382273
2025-06-15 09:39:12.247 | INFO     | __main__:get_Z3_result:356 - 主进程收集结果: /home/nju/Downloads/smt/gnu_angr.tar.gz/single_test/expand/expand435353, 状态: unknown
2025-06-15 09:40:57.114 | INFO     | __main__:process_z3_file:320 - [Worker] 完成: /home/nju/Downloads/smt/gnu_angr.tar.gz/single_test/expand/expand416308, 结果: unknown, 用时: 1200.07s
2025-06-15 09:40:57.115 | INFO     | __main__:process_z3_file:293 - [Worker] 开始处理: /home/nju/Downloads/smt/gnu_angr.tar.gz/single_test/expand/expand409464
2025-06-15 09:40:57.116 | INFO     | __main__:get_Z3_result:356 - 主进程收集结果: /home/nju/Downloads/smt/gnu_angr.tar.gz/single_test/expand/expand416308, 状态: unknown
2025-06-15 09:41:01.693 | INFO     | __main__:process_z3_file:320 - [Worker] 完成: /home/nju/Downloads/smt/gnu_angr.tar.gz/single_test/expand/expand386513, 结果: unknown, 用时: 1200.05s
2025-06-15 09:41:01.695 | INFO     | __main__:process_z3_file:293 - [Worker] 开始处理: /home/nju/Downloads/smt/gnu_angr.tar.gz/single_test/expand/expand430773
2025-06-15 09:41:01.695 | INFO     | __main__:get_Z3_result:356 - 主进程收集结果: /home/nju/Downloads/smt/gnu_angr.tar.gz/single_test/expand/expand386513, 状态: unknown
2025-06-15 09:52:17.598 | INFO     | __main__:process_z3_file:320 - [Worker] 完成: /home/nju/Downloads/smt/gnu_angr.tar.gz/single_test/expand/expand383024, 结果: unknown, 用时: 1200.03s
2025-06-15 09:52:17.600 | INFO     | __main__:process_z3_file:293 - [Worker] 开始处理: /home/nju/Downloads/smt/gnu_angr.tar.gz/single_test/expand/expand405449
2025-06-15 09:52:17.600 | INFO     | __main__:get_Z3_result:356 - 主进程收集结果: /home/nju/Downloads/smt/gnu_angr.tar.gz/single_test/expand/expand383024, 状态: unknown
2025-06-15 09:53:22.340 | INFO     | __main__:process_z3_file:320 - [Worker] 完成: /home/nju/Downloads/smt/gnu_angr.tar.gz/single_test/expand/expand385895, 结果: unknown, 用时: 1200.04s
2025-06-15 09:53:22.341 | INFO     | __main__:process_z3_file:293 - [Worker] 开始处理: /home/nju/Downloads/smt/gnu_angr.tar.gz/single_test/expand/expand444516
2025-06-15 09:53:22.341 | INFO     | __main__:get_Z3_result:356 - 主进程收集结果: /home/nju/Downloads/smt/gnu_angr.tar.gz/single_test/expand/expand385895, 状态: unknown
2025-06-15 09:57:18.410 | INFO     | __main__:process_z3_file:320 - [Worker] 完成: /home/nju/Downloads/smt/gnu_angr.tar.gz/single_test/expand/expand416939, 结果: unknown, 用时: 1200.06s
2025-06-15 09:57:18.412 | INFO     | __main__:process_z3_file:293 - [Worker] 开始处理: /home/nju/Downloads/smt/gnu_angr.tar.gz/single_test/expand/expand419771
2025-06-15 09:57:18.412 | INFO     | __main__:get_Z3_result:356 - 主进程收集结果: /home/nju/Downloads/smt/gnu_angr.tar.gz/single_test/expand/expand416939, 状态: unknown
2025-06-15 09:58:09.109 | INFO     | __main__:process_z3_file:320 - [Worker] 完成: /home/nju/Downloads/smt/gnu_angr.tar.gz/single_test/expand/expand437661, 结果: unknown, 用时: 1200.26s
2025-06-15 09:58:09.111 | INFO     | __main__:process_z3_file:293 - [Worker] 开始处理: /home/nju/Downloads/smt/gnu_angr.tar.gz/single_test/expand/expand406344
2025-06-15 09:58:09.111 | INFO     | __main__:get_Z3_result:356 - 主进程收集结果: /home/nju/Downloads/smt/gnu_angr.tar.gz/single_test/expand/expand437661, 状态: unknown
2025-06-15 09:58:23.929 | INFO     | __main__:process_z3_file:320 - [Worker] 完成: /home/nju/Downloads/smt/gnu_angr.tar.gz/single_test/expand/expand442352, 结果: unknown, 用时: 1200.06s
2025-06-15 09:58:23.930 | INFO     | __main__:process_z3_file:293 - [Worker] 开始处理: /home/nju/Downloads/smt/gnu_angr.tar.gz/single_test/sha1sum/sha1sum66955
2025-06-15 09:58:23.930 | INFO     | __main__:get_Z3_result:356 - 主进程收集结果: /home/nju/Downloads/smt/gnu_angr.tar.gz/single_test/expand/expand442352, 状态: unknown
2025-06-15 09:59:12.296 | INFO     | __main__:process_z3_file:320 - [Worker] 完成: /home/nju/Downloads/smt/gnu_angr.tar.gz/single_test/expand/expand382273, 结果: unknown, 用时: 1200.04s
2025-06-15 09:59:12.297 | INFO     | __main__:process_z3_file:293 - [Worker] 开始处理: /home/nju/Downloads/smt/gnu_angr.tar.gz/single_test/sha1sum/sha1sum80545
2025-06-15 09:59:12.297 | INFO     | __main__:get_Z3_result:356 - 主进程收集结果: /home/nju/Downloads/smt/gnu_angr.tar.gz/single_test/expand/expand382273, 状态: unknown
2025-06-15 10:00:57.886 | INFO     | __main__:process_z3_file:320 - [Worker] 完成: /home/nju/Downloads/smt/gnu_angr.tar.gz/single_test/expand/expand409464, 结果: unknown, 用时: 1200.76s
2025-06-15 10:00:57.888 | INFO     | __main__:process_z3_file:293 - [Worker] 开始处理: /home/nju/Downloads/smt/gnu_angr.tar.gz/single_test/sha1sum/sha1sum47804
2025-06-15 10:00:57.888 | INFO     | __main__:get_Z3_result:356 - 主进程收集结果: /home/nju/Downloads/smt/gnu_angr.tar.gz/single_test/expand/expand409464, 状态: unknown
2025-06-15 10:01:01.763 | INFO     | __main__:process_z3_file:320 - [Worker] 完成: /home/nju/Downloads/smt/gnu_angr.tar.gz/single_test/expand/expand430773, 结果: unknown, 用时: 1200.06s
2025-06-15 10:01:01.765 | INFO     | __main__:process_z3_file:293 - [Worker] 开始处理: /home/nju/Downloads/smt/gnu_angr.tar.gz/single_test/sha1sum/sha1sum81343
2025-06-15 10:01:01.765 | INFO     | __main__:get_Z3_result:356 - 主进程收集结果: /home/nju/Downloads/smt/gnu_angr.tar.gz/single_test/expand/expand430773, 状态: unknown
2025-06-15 10:03:51.719 | INFO     | __main__:process_z3_file:320 - [Worker] 完成: /home/nju/Downloads/smt/gnu_angr.tar.gz/single_test/sha1sum/sha1sum81343, 结果: sat, 用时: 169.95s
2025-06-15 10:03:51.720 | INFO     | __main__:process_z3_file:293 - [Worker] 开始处理: /home/nju/Downloads/smt/gnu_angr.tar.gz/single_test/sha1sum/sha1sum91090
2025-06-15 10:03:51.721 | INFO     | __main__:get_Z3_result:356 - 主进程收集结果: /home/nju/Downloads/smt/gnu_angr.tar.gz/single_test/sha1sum/sha1sum81343, 状态: sat
2025-06-15 10:04:00.817 | INFO     | __main__:process_z3_file:320 - [Worker] 完成: /home/nju/Downloads/smt/gnu_angr.tar.gz/single_test/sha1sum/sha1sum91090, 结果: sat, 用时: 9.09s
2025-06-15 10:04:00.819 | INFO     | __main__:process_z3_file:293 - [Worker] 开始处理: /home/nju/Downloads/smt/gnu_angr.tar.gz/single_test/sha1sum/sha1sum73320
2025-06-15 10:04:00.819 | INFO     | __main__:get_Z3_result:356 - 主进程收集结果: /home/nju/Downloads/smt/gnu_angr.tar.gz/single_test/sha1sum/sha1sum91090, 状态: sat
2025-06-15 10:12:17.883 | INFO     | __main__:process_z3_file:320 - [Worker] 完成: /home/nju/Downloads/smt/gnu_angr.tar.gz/single_test/expand/expand405449, 结果: unknown, 用时: 1200.28s
2025-06-15 10:12:17.885 | INFO     | __main__:process_z3_file:293 - [Worker] 开始处理: /home/nju/Downloads/smt/gnu_angr.tar.gz/single_test/sha1sum/sha1sum79318
2025-06-15 10:12:17.885 | INFO     | __main__:get_Z3_result:356 - 主进程收集结果: /home/nju/Downloads/smt/gnu_angr.tar.gz/single_test/expand/expand405449, 状态: unknown
2025-06-15 10:13:22.428 | INFO     | __main__:process_z3_file:320 - [Worker] 完成: /home/nju/Downloads/smt/gnu_angr.tar.gz/single_test/expand/expand444516, 结果: unknown, 用时: 1200.08s
2025-06-15 10:13:22.430 | INFO     | __main__:process_z3_file:293 - [Worker] 开始处理: /home/nju/Downloads/smt/gnu_angr.tar.gz/single_test/sha1sum/sha1sum85606
2025-06-15 10:13:22.430 | INFO     | __main__:get_Z3_result:356 - 主进程收集结果: /home/nju/Downloads/smt/gnu_angr.tar.gz/single_test/expand/expand444516, 状态: unknown
2025-06-15 10:17:18.789 | INFO     | __main__:process_z3_file:320 - [Worker] 完成: /home/nju/Downloads/smt/gnu_angr.tar.gz/single_test/expand/expand419771, 结果: unknown, 用时: 1200.37s
2025-06-15 10:17:18.791 | INFO     | __main__:process_z3_file:293 - [Worker] 开始处理: /home/nju/Downloads/smt/gnu_angr.tar.gz/single_test/sha1sum/sha1sum76103
2025-06-15 10:17:18.791 | INFO     | __main__:get_Z3_result:356 - 主进程收集结果: /home/nju/Downloads/smt/gnu_angr.tar.gz/single_test/expand/expand419771, 状态: unknown
2025-06-15 10:18:09.416 | INFO     | __main__:process_z3_file:320 - [Worker] 完成: /home/nju/Downloads/smt/gnu_angr.tar.gz/single_test/expand/expand406344, 结果: unknown, 用时: 1200.30s
2025-06-15 10:18:09.418 | INFO     | __main__:process_z3_file:293 - [Worker] 开始处理: /home/nju/Downloads/smt/gnu_angr.tar.gz/single_test/sha1sum/sha1sum45670
2025-06-15 10:18:09.418 | INFO     | __main__:get_Z3_result:356 - 主进程收集结果: /home/nju/Downloads/smt/gnu_angr.tar.gz/single_test/expand/expand406344, 状态: unknown
2025-06-15 10:18:23.952 | INFO     | __main__:process_z3_file:320 - [Worker] 完成: /home/nju/Downloads/smt/gnu_angr.tar.gz/single_test/sha1sum/sha1sum66955, 结果: unknown, 用时: 1200.02s
2025-06-15 10:18:23.953 | INFO     | __main__:process_z3_file:293 - [Worker] 开始处理: /home/nju/Downloads/smt/gnu_angr.tar.gz/single_test/sha1sum/sha1sum91094
2025-06-15 10:18:23.954 | INFO     | __main__:get_Z3_result:356 - 主进程收集结果: /home/nju/Downloads/smt/gnu_angr.tar.gz/single_test/sha1sum/sha1sum66955, 状态: unknown
2025-06-15 10:19:12.515 | INFO     | __main__:process_z3_file:320 - [Worker] 完成: /home/nju/Downloads/smt/gnu_angr.tar.gz/single_test/sha1sum/sha1sum80545, 结果: unknown, 用时: 1200.21s
2025-06-15 10:19:12.517 | INFO     | __main__:process_z3_file:293 - [Worker] 开始处理: /home/nju/Downloads/smt/gnu_angr.tar.gz/single_test/sha1sum/sha1sum54493
2025-06-15 10:19:12.517 | INFO     | __main__:get_Z3_result:356 - 主进程收集结果: /home/nju/Downloads/smt/gnu_angr.tar.gz/single_test/sha1sum/sha1sum80545, 状态: unknown
2025-06-15 10:20:58.002 | INFO     | __main__:process_z3_file:320 - [Worker] 完成: /home/nju/Downloads/smt/gnu_angr.tar.gz/single_test/sha1sum/sha1sum47804, 结果: unknown, 用时: 1200.11s
2025-06-15 10:20:58.004 | INFO     | __main__:process_z3_file:293 - [Worker] 开始处理: /home/nju/Downloads/smt/gnu_angr.tar.gz/single_test/sha1sum/sha1sum86419
2025-06-15 10:20:58.004 | INFO     | __main__:get_Z3_result:356 - 主进程收集结果: /home/nju/Downloads/smt/gnu_angr.tar.gz/single_test/sha1sum/sha1sum47804, 状态: unknown
2025-06-15 10:21:36.314 | INFO     | __main__:process_z3_file:320 - [Worker] 完成: /home/nju/Downloads/smt/gnu_angr.tar.gz/single_test/sha1sum/sha1sum76103, 结果: sat, 用时: 257.52s
2025-06-15 10:21:36.316 | INFO     | __main__:process_z3_file:293 - [Worker] 开始处理: /home/nju/Downloads/smt/gnu_angr.tar.gz/single_test/sha1sum/sha1sum62441
2025-06-15 10:21:36.316 | INFO     | __main__:get_Z3_result:356 - 主进程收集结果: /home/nju/Downloads/smt/gnu_angr.tar.gz/single_test/sha1sum/sha1sum76103, 状态: sat
2025-06-15 10:22:06.612 | INFO     | __main__:process_z3_file:320 - [Worker] 完成: /home/nju/Downloads/smt/gnu_angr.tar.gz/single_test/sha1sum/sha1sum62441, 结果: sat, 用时: 30.29s
2025-06-15 10:22:06.614 | INFO     | __main__:process_z3_file:293 - [Worker] 开始处理: /home/nju/Downloads/smt/gnu_angr.tar.gz/single_test/sha1sum/sha1sum89978
2025-06-15 10:22:06.614 | INFO     | __main__:get_Z3_result:356 - 主进程收集结果: /home/nju/Downloads/smt/gnu_angr.tar.gz/single_test/sha1sum/sha1sum62441, 状态: sat
2025-06-15 10:22:39.677 | INFO     | __main__:process_z3_file:320 - [Worker] 完成: /home/nju/Downloads/smt/gnu_angr.tar.gz/single_test/sha1sum/sha1sum89978, 结果: sat, 用时: 33.06s
2025-06-15 10:22:39.679 | INFO     | __main__:process_z3_file:293 - [Worker] 开始处理: /home/nju/Downloads/smt/gnu_angr.tar.gz/single_test/sha1sum/sha1sum91746
2025-06-15 10:22:39.679 | INFO     | __main__:get_Z3_result:356 - 主进程收集结果: /home/nju/Downloads/smt/gnu_angr.tar.gz/single_test/sha1sum/sha1sum89978, 状态: sat
2025-06-15 10:23:22.354 | INFO     | __main__:process_z3_file:320 - [Worker] 完成: /home/nju/Downloads/smt/gnu_angr.tar.gz/single_test/sha1sum/sha1sum91746, 结果: sat, 用时: 42.67s
2025-06-15 10:23:22.356 | INFO     | __main__:process_z3_file:293 - [Worker] 开始处理: /home/nju/Downloads/smt/gnu_angr.tar.gz/single_test/sha1sum/sha1sum77460
2025-06-15 10:23:22.356 | INFO     | __main__:get_Z3_result:356 - 主进程收集结果: /home/nju/Downloads/smt/gnu_angr.tar.gz/single_test/sha1sum/sha1sum91746, 状态: sat
2025-06-15 10:24:00.945 | INFO     | __main__:process_z3_file:320 - [Worker] 完成: /home/nju/Downloads/smt/gnu_angr.tar.gz/single_test/sha1sum/sha1sum73320, 结果: unknown, 用时: 1200.12s
2025-06-15 10:24:00.947 | INFO     | __main__:process_z3_file:293 - [Worker] 开始处理: /home/nju/Downloads/smt/gnu_angr.tar.gz/single_test/sha1sum/sha1sum81360
2025-06-15 10:24:00.947 | INFO     | __main__:get_Z3_result:356 - 主进程收集结果: /home/nju/Downloads/smt/gnu_angr.tar.gz/single_test/sha1sum/sha1sum73320, 状态: unknown
2025-06-15 10:24:59.872 | INFO     | __main__:process_z3_file:320 - [Worker] 完成: /home/nju/Downloads/smt/gnu_angr.tar.gz/single_test/sha1sum/sha1sum77460, 结果: sat, 用时: 97.51s
2025-06-15 10:24:59.874 | INFO     | __main__:process_z3_file:293 - [Worker] 开始处理: /home/nju/Downloads/smt/gnu_angr.tar.gz/single_test/sha1sum/sha1sum78750
2025-06-15 10:24:59.874 | INFO     | __main__:get_Z3_result:356 - 主进程收集结果: /home/nju/Downloads/smt/gnu_angr.tar.gz/single_test/sha1sum/sha1sum77460, 状态: sat
2025-06-15 10:27:43.556 | INFO     | __main__:process_z3_file:320 - [Worker] 完成: /home/nju/Downloads/smt/gnu_angr.tar.gz/single_test/sha1sum/sha1sum81360, 结果: sat, 用时: 222.60s
2025-06-15 10:27:43.557 | INFO     | __main__:process_z3_file:293 - [Worker] 开始处理: /home/nju/Downloads/smt/gnu_angr.tar.gz/single_test/sha1sum/sha1sum77487
2025-06-15 10:27:43.557 | INFO     | __main__:get_Z3_result:356 - 主进程收集结果: /home/nju/Downloads/smt/gnu_angr.tar.gz/single_test/sha1sum/sha1sum81360, 状态: sat
2025-06-15 10:31:35.977 | INFO     | __main__:process_z3_file:320 - [Worker] 完成: /home/nju/Downloads/smt/gnu_angr.tar.gz/single_test/sha1sum/sha1sum77487, 结果: sat, 用时: 232.41s
2025-06-15 10:31:35.979 | INFO     | __main__:process_z3_file:293 - [Worker] 开始处理: /home/nju/Downloads/smt/gnu_angr.tar.gz/single_test/sha1sum/sha1sum87732
2025-06-15 10:31:35.979 | INFO     | __main__:get_Z3_result:356 - 主进程收集结果: /home/nju/Downloads/smt/gnu_angr.tar.gz/single_test/sha1sum/sha1sum77487, 状态: sat
2025-06-15 10:32:10.942 | INFO     | __main__:process_z3_file:320 - [Worker] 完成: /home/nju/Downloads/smt/gnu_angr.tar.gz/single_test/sha1sum/sha1sum87732, 结果: sat, 用时: 34.95s
2025-06-15 10:32:10.944 | INFO     | __main__:process_z3_file:293 - [Worker] 开始处理: /home/nju/Downloads/smt/gnu_angr.tar.gz/single_test/sha1sum/sha1sum78748
2025-06-15 10:32:10.944 | INFO     | __main__:get_Z3_result:356 - 主进程收集结果: /home/nju/Downloads/smt/gnu_angr.tar.gz/single_test/sha1sum/sha1sum87732, 状态: sat
2025-06-15 10:32:18.034 | INFO     | __main__:process_z3_file:320 - [Worker] 完成: /home/nju/Downloads/smt/gnu_angr.tar.gz/single_test/sha1sum/sha1sum79318, 结果: unknown, 用时: 1200.14s
2025-06-15 10:32:18.036 | INFO     | __main__:process_z3_file:293 - [Worker] 开始处理: /home/nju/Downloads/smt/gnu_angr.tar.gz/single_test/sha1sum/sha1sum64668
2025-06-15 10:32:18.036 | INFO     | __main__:get_Z3_result:356 - 主进程收集结果: /home/nju/Downloads/smt/gnu_angr.tar.gz/single_test/sha1sum/sha1sum79318, 状态: unknown
2025-06-15 10:32:29.511 | INFO     | __main__:process_z3_file:320 - [Worker] 完成: /home/nju/Downloads/smt/gnu_angr.tar.gz/single_test/sha1sum/sha1sum78748, 结果: sat, 用时: 18.56s
2025-06-15 10:32:29.512 | INFO     | __main__:process_z3_file:293 - [Worker] 开始处理: /home/nju/Downloads/smt/gnu_angr.tar.gz/single_test/sha1sum/sha1sum62440
2025-06-15 10:32:29.512 | INFO     | __main__:get_Z3_result:356 - 主进程收集结果: /home/nju/Downloads/smt/gnu_angr.tar.gz/single_test/sha1sum/sha1sum78748, 状态: sat
2025-06-15 10:32:50.745 | INFO     | __main__:process_z3_file:320 - [Worker] 完成: /home/nju/Downloads/smt/gnu_angr.tar.gz/single_test/sha1sum/sha1sum62440, 结果: sat, 用时: 21.23s
2025-06-15 10:32:50.747 | INFO     | __main__:process_z3_file:293 - [Worker] 开始处理: /home/nju/Downloads/smt/gnu_angr.tar.gz/single_test/sha1sum/sha1sum73318
2025-06-15 10:32:50.747 | INFO     | __main__:get_Z3_result:356 - 主进程收集结果: /home/nju/Downloads/smt/gnu_angr.tar.gz/single_test/sha1sum/sha1sum62440, 状态: sat
2025-06-15 10:33:22.454 | INFO     | __main__:process_z3_file:320 - [Worker] 完成: /home/nju/Downloads/smt/gnu_angr.tar.gz/single_test/sha1sum/sha1sum85606, 结果: unknown, 用时: 1200.02s
2025-06-15 10:33:22.456 | INFO     | __main__:process_z3_file:293 - [Worker] 开始处理: /home/nju/Downloads/smt/gnu_angr.tar.gz/single_test/sha1sum/sha1sum30780
2025-06-15 10:33:22.456 | INFO     | __main__:get_Z3_result:356 - 主进程收集结果: /home/nju/Downloads/smt/gnu_angr.tar.gz/single_test/sha1sum/sha1sum85606, 状态: unknown
2025-06-15 10:36:17.193 | INFO     | __main__:process_z3_file:320 - [Worker] 完成: /home/nju/Downloads/smt/gnu_angr.tar.gz/single_test/sha1sum/sha1sum73318, 结果: sat, 用时: 206.44s
2025-06-15 10:36:17.195 | INFO     | __main__:process_z3_file:293 - [Worker] 开始处理: /home/nju/Downloads/smt/gnu_angr.tar.gz/single_test/sha1sum/sha1sum56887
2025-06-15 10:36:17.195 | INFO     | __main__:get_Z3_result:356 - 主进程收集结果: /home/nju/Downloads/smt/gnu_angr.tar.gz/single_test/sha1sum/sha1sum73318, 状态: sat
2025-06-15 10:38:10.479 | INFO     | __main__:process_z3_file:320 - [Worker] 完成: /home/nju/Downloads/smt/gnu_angr.tar.gz/single_test/sha1sum/sha1sum45670, 结果: unknown, 用时: 1201.06s
2025-06-15 10:38:10.480 | INFO     | __main__:process_z3_file:293 - [Worker] 开始处理: /home/nju/Downloads/smt/gnu_angr.tar.gz/single_test/sha1sum/sha1sum28200
2025-06-15 10:38:10.481 | INFO     | __main__:get_Z3_result:356 - 主进程收集结果: /home/nju/Downloads/smt/gnu_angr.tar.gz/single_test/sha1sum/sha1sum45670, 状态: unknown
2025-06-15 10:38:25.387 | INFO     | __main__:process_z3_file:320 - [Worker] 完成: /home/nju/Downloads/smt/gnu_angr.tar.gz/single_test/sha1sum/sha1sum91094, 结果: unknown, 用时: 1201.43s
2025-06-15 10:38:25.388 | INFO     | __main__:process_z3_file:293 - [Worker] 开始处理: /home/nju/Downloads/smt/gnu_angr.tar.gz/single_test/sha1sum/sha1sum75109
2025-06-15 10:38:25.388 | INFO     | __main__:get_Z3_result:356 - 主进程收集结果: /home/nju/Downloads/smt/gnu_angr.tar.gz/single_test/sha1sum/sha1sum91094, 状态: unknown
2025-06-15 10:39:13.575 | INFO     | __main__:process_z3_file:320 - [Worker] 完成: /home/nju/Downloads/smt/gnu_angr.tar.gz/single_test/sha1sum/sha1sum54493, 结果: unknown, 用时: 1201.05s
2025-06-15 10:39:13.577 | INFO     | __main__:get_Z3_result:356 - 主进程收集结果: /home/nju/Downloads/smt/gnu_angr.tar.gz/single_test/sha1sum/sha1sum54493, 状态: unknown
2025-06-15 10:39:13.577 | INFO     | __main__:process_z3_file:293 - [Worker] 开始处理: /home/nju/Downloads/smt/gnu_angr.tar.gz/single_test/sha1sum/sha1sum73850
2025-06-15 10:40:45.949 | INFO     | __main__:process_z3_file:320 - [Worker] 完成: /home/nju/Downloads/smt/gnu_angr.tar.gz/single_test/sha1sum/sha1sum75109, 结果: sat, 用时: 140.55s
2025-06-15 10:40:45.951 | INFO     | __main__:process_z3_file:293 - [Worker] 开始处理: /home/nju/Downloads/smt/gnu_angr.tar.gz/single_test/sha1sum/sha1sum34503
2025-06-15 10:40:45.951 | INFO     | __main__:get_Z3_result:356 - 主进程收集结果: /home/nju/Downloads/smt/gnu_angr.tar.gz/single_test/sha1sum/sha1sum75109, 状态: sat
2025-06-15 10:40:58.126 | INFO     | __main__:process_z3_file:320 - [Worker] 完成: /home/nju/Downloads/smt/gnu_angr.tar.gz/single_test/sha1sum/sha1sum86419, 结果: unknown, 用时: 1200.12s
2025-06-15 10:40:58.128 | INFO     | __main__:process_z3_file:293 - [Worker] 开始处理: /home/nju/Downloads/smt/gnu_angr.tar.gz/single_test/sha1sum/sha1sum91975
2025-06-15 10:40:58.128 | INFO     | __main__:get_Z3_result:356 - 主进程收集结果: /home/nju/Downloads/smt/gnu_angr.tar.gz/single_test/sha1sum/sha1sum86419, 状态: unknown
2025-06-15 10:45:00.018 | INFO     | __main__:process_z3_file:320 - [Worker] 完成: /home/nju/Downloads/smt/gnu_angr.tar.gz/single_test/sha1sum/sha1sum78750, 结果: unknown, 用时: 1200.14s
2025-06-15 10:45:00.020 | INFO     | __main__:process_z3_file:293 - [Worker] 开始处理: /home/nju/Downloads/smt/gnu_angr.tar.gz/single_test/sha1sum/sha1sum90007
2025-06-15 10:45:00.020 | INFO     | __main__:get_Z3_result:356 - 主进程收集结果: /home/nju/Downloads/smt/gnu_angr.tar.gz/single_test/sha1sum/sha1sum78750, 状态: unknown
2025-06-15 10:52:18.050 | INFO     | __main__:process_z3_file:320 - [Worker] 完成: /home/nju/Downloads/smt/gnu_angr.tar.gz/single_test/sha1sum/sha1sum64668, 结果: unknown, 用时: 1200.01s
2025-06-15 10:52:18.051 | INFO     | __main__:process_z3_file:293 - [Worker] 开始处理: /home/nju/Downloads/smt/gnu_angr.tar.gz/single_test/sha1sum/sha1sum88946
2025-06-15 10:52:18.051 | INFO     | __main__:get_Z3_result:356 - 主进程收集结果: /home/nju/Downloads/smt/gnu_angr.tar.gz/single_test/sha1sum/sha1sum64668, 状态: unknown
2025-06-15 10:53:22.535 | INFO     | __main__:process_z3_file:320 - [Worker] 完成: /home/nju/Downloads/smt/gnu_angr.tar.gz/single_test/sha1sum/sha1sum30780, 结果: unknown, 用时: 1200.07s
2025-06-15 10:53:22.536 | INFO     | __main__:process_z3_file:293 - [Worker] 开始处理: /home/nju/Downloads/smt/gnu_angr.tar.gz/single_test/sha1sum/sha1sum91758
2025-06-15 10:53:22.537 | INFO     | __main__:get_Z3_result:356 - 主进程收集结果: /home/nju/Downloads/smt/gnu_angr.tar.gz/single_test/sha1sum/sha1sum30780, 状态: unknown
2025-06-15 10:56:17.313 | INFO     | __main__:process_z3_file:320 - [Worker] 完成: /home/nju/Downloads/smt/gnu_angr.tar.gz/single_test/sha1sum/sha1sum56887, 结果: unknown, 用时: 1200.11s
2025-06-15 10:56:17.315 | INFO     | __main__:process_z3_file:293 - [Worker] 开始处理: /home/nju/Downloads/smt/gnu_angr.tar.gz/single_test/sha1sum/sha1sum77485
2025-06-15 10:56:17.315 | INFO     | __main__:get_Z3_result:356 - 主进程收集结果: /home/nju/Downloads/smt/gnu_angr.tar.gz/single_test/sha1sum/sha1sum56887, 状态: unknown
2025-06-15 10:56:54.980 | INFO     | __main__:process_z3_file:320 - [Worker] 完成: /home/nju/Downloads/smt/gnu_angr.tar.gz/single_test/sha1sum/sha1sum77485, 结果: sat, 用时: 37.66s
2025-06-15 10:56:54.982 | INFO     | __main__:process_z3_file:293 - [Worker] 开始处理: /home/nju/Downloads/smt/gnu_angr.tar.gz/single_test/sha1sum/sha1sum82520
2025-06-15 10:56:54.982 | INFO     | __main__:get_Z3_result:356 - 主进程收集结果: /home/nju/Downloads/smt/gnu_angr.tar.gz/single_test/sha1sum/sha1sum77485, 状态: sat
2025-06-15 10:58:10.591 | INFO     | __main__:process_z3_file:320 - [Worker] 完成: /home/nju/Downloads/smt/gnu_angr.tar.gz/single_test/sha1sum/sha1sum28200, 结果: unknown, 用时: 1200.11s
2025-06-15 10:58:10.593 | INFO     | __main__:process_z3_file:293 - [Worker] 开始处理: /home/nju/Downloads/smt/gnu_angr.tar.gz/single_test/sha1sum/sha1sum59928
2025-06-15 10:58:10.593 | INFO     | __main__:get_Z3_result:356 - 主进程收集结果: /home/nju/Downloads/smt/gnu_angr.tar.gz/single_test/sha1sum/sha1sum28200, 状态: unknown
2025-06-15 10:59:13.858 | INFO     | __main__:process_z3_file:320 - [Worker] 完成: /home/nju/Downloads/smt/gnu_angr.tar.gz/single_test/sha1sum/sha1sum73850, 结果: unknown, 用时: 1200.28s
2025-06-15 10:59:13.859 | INFO     | __main__:process_z3_file:293 - [Worker] 开始处理: /home/nju/Downloads/smt/gnu_angr.tar.gz/single_test/sha1sum/sha1sum76106
2025-06-15 10:59:13.860 | INFO     | __main__:get_Z3_result:356 - 主进程收集结果: /home/nju/Downloads/smt/gnu_angr.tar.gz/single_test/sha1sum/sha1sum73850, 状态: unknown
2025-06-15 11:00:45.972 | INFO     | __main__:process_z3_file:320 - [Worker] 完成: /home/nju/Downloads/smt/gnu_angr.tar.gz/single_test/sha1sum/sha1sum34503, 结果: unknown, 用时: 1200.02s
2025-06-15 11:00:45.973 | INFO     | __main__:process_z3_file:293 - [Worker] 开始处理: /home/nju/Downloads/smt/gnu_angr.tar.gz/single_test/sha1sum/sha1sum74508
2025-06-15 11:00:45.973 | INFO     | __main__:get_Z3_result:356 - 主进程收集结果: /home/nju/Downloads/smt/gnu_angr.tar.gz/single_test/sha1sum/sha1sum34503, 状态: unknown
2025-06-15 11:00:58.180 | INFO     | __main__:process_z3_file:320 - [Worker] 完成: /home/nju/Downloads/smt/gnu_angr.tar.gz/single_test/sha1sum/sha1sum91975, 结果: unknown, 用时: 1200.05s
2025-06-15 11:00:58.182 | INFO     | __main__:process_z3_file:293 - [Worker] 开始处理: /home/nju/Downloads/smt/gnu_angr.tar.gz/single_test/sha1sum/sha1sum86690
2025-06-15 11:00:58.182 | INFO     | __main__:get_Z3_result:356 - 主进程收集结果: /home/nju/Downloads/smt/gnu_angr.tar.gz/single_test/sha1sum/sha1sum91975, 状态: unknown
2025-06-15 11:05:00.205 | INFO     | __main__:process_z3_file:320 - [Worker] 完成: /home/nju/Downloads/smt/gnu_angr.tar.gz/single_test/sha1sum/sha1sum90007, 结果: unknown, 用时: 1200.18s
2025-06-15 11:05:00.210 | INFO     | __main__:process_z3_file:293 - [Worker] 开始处理: /home/nju/Downloads/smt/gnu_angr.tar.gz/single_test/sha1sum/sha1sum49681
2025-06-15 11:05:00.210 | INFO     | __main__:get_Z3_result:356 - 主进程收集结果: /home/nju/Downloads/smt/gnu_angr.tar.gz/single_test/sha1sum/sha1sum90007, 状态: unknown
2025-06-15 11:12:18.077 | INFO     | __main__:process_z3_file:320 - [Worker] 完成: /home/nju/Downloads/smt/gnu_angr.tar.gz/single_test/sha1sum/sha1sum88946, 结果: unknown, 用时: 1200.02s
2025-06-15 11:12:18.080 | INFO     | __main__:process_z3_file:293 - [Worker] 开始处理: /home/nju/Downloads/smt/gnu_angr.tar.gz/single_test/sha1sum/sha1sum81494
2025-06-15 11:12:18.080 | INFO     | __main__:get_Z3_result:356 - 主进程收集结果: /home/nju/Downloads/smt/gnu_angr.tar.gz/single_test/sha1sum/sha1sum88946, 状态: unknown
2025-06-15 11:13:22.676 | INFO     | __main__:process_z3_file:320 - [Worker] 完成: /home/nju/Downloads/smt/gnu_angr.tar.gz/single_test/sha1sum/sha1sum91758, 结果: unknown, 用时: 1200.13s
2025-06-15 11:13:22.678 | INFO     | __main__:process_z3_file:293 - [Worker] 开始处理: /home/nju/Downloads/smt/gnu_angr.tar.gz/single_test/sha1sum/sha1sum43923
2025-06-15 11:13:22.678 | INFO     | __main__:get_Z3_result:356 - 主进程收集结果: /home/nju/Downloads/smt/gnu_angr.tar.gz/single_test/sha1sum/sha1sum91758, 状态: unknown
2025-06-15 11:16:55.009 | INFO     | __main__:process_z3_file:320 - [Worker] 完成: /home/nju/Downloads/smt/gnu_angr.tar.gz/single_test/sha1sum/sha1sum82520, 结果: unknown, 用时: 1200.02s
2025-06-15 11:16:55.010 | INFO     | __main__:process_z3_file:293 - [Worker] 开始处理: /home/nju/Downloads/smt/gnu_angr.tar.gz/single_test/sha1sum/sha1sum68186
2025-06-15 11:16:55.010 | INFO     | __main__:get_Z3_result:356 - 主进程收集结果: /home/nju/Downloads/smt/gnu_angr.tar.gz/single_test/sha1sum/sha1sum82520, 状态: unknown
2025-06-15 11:18:11.084 | INFO     | __main__:process_z3_file:320 - [Worker] 完成: /home/nju/Downloads/smt/gnu_angr.tar.gz/single_test/sha1sum/sha1sum59928, 结果: unknown, 用时: 1200.48s
2025-06-15 11:18:11.086 | INFO     | __main__:process_z3_file:293 - [Worker] 开始处理: /home/nju/Downloads/smt/gnu_angr.tar.gz/single_test/sha1sum/sha1sum91756
2025-06-15 11:18:11.086 | INFO     | __main__:get_Z3_result:356 - 主进程收集结果: /home/nju/Downloads/smt/gnu_angr.tar.gz/single_test/sha1sum/sha1sum59928, 状态: unknown
2025-06-15 11:19:14.007 | INFO     | __main__:process_z3_file:320 - [Worker] 完成: /home/nju/Downloads/smt/gnu_angr.tar.gz/single_test/sha1sum/sha1sum76106, 结果: unknown, 用时: 1200.14s
2025-06-15 11:19:14.008 | INFO     | __main__:process_z3_file:293 - [Worker] 开始处理: /home/nju/Downloads/smt/gnu_angr.tar.gz/single_test/sha1sum/sha1sum62438
2025-06-15 11:19:14.008 | INFO     | __main__:get_Z3_result:356 - 主进程收集结果: /home/nju/Downloads/smt/gnu_angr.tar.gz/single_test/sha1sum/sha1sum76106, 状态: unknown
2025-06-15 11:19:43.441 | INFO     | __main__:process_z3_file:320 - [Worker] 完成: /home/nju/Downloads/smt/gnu_angr.tar.gz/single_test/sha1sum/sha1sum62438, 结果: sat, 用时: 29.43s
2025-06-15 11:19:43.443 | INFO     | __main__:process_z3_file:293 - [Worker] 开始处理: /home/nju/Downloads/smt/gnu_angr.tar.gz/single_test/sha1sum/sha1sum79315
2025-06-15 11:19:43.443 | INFO     | __main__:get_Z3_result:356 - 主进程收集结果: /home/nju/Downloads/smt/gnu_angr.tar.gz/single_test/sha1sum/sha1sum62438, 状态: sat
2025-06-15 11:19:49.211 | INFO     | __main__:process_z3_file:320 - [Worker] 完成: /home/nju/Downloads/smt/gnu_angr.tar.gz/single_test/sha1sum/sha1sum91756, 结果: sat, 用时: 98.12s
2025-06-15 11:19:49.213 | INFO     | __main__:process_z3_file:293 - [Worker] 开始处理: /home/nju/Downloads/smt/gnu_angr.tar.gz/single_test/sha1sum/sha1sum87899
2025-06-15 11:19:49.213 | INFO     | __main__:get_Z3_result:356 - 主进程收集结果: /home/nju/Downloads/smt/gnu_angr.tar.gz/single_test/sha1sum/sha1sum91756, 状态: sat
2025-06-15 11:20:47.569 | INFO     | __main__:process_z3_file:320 - [Worker] 完成: /home/nju/Downloads/smt/gnu_angr.tar.gz/single_test/sha1sum/sha1sum74508, 结果: unknown, 用时: 1201.59s
2025-06-15 11:20:47.571 | INFO     | __main__:process_z3_file:293 - [Worker] 开始处理: /home/nju/Downloads/smt/gnu_angr.tar.gz/single_test/sha1sum/sha1sum61226
2025-06-15 11:20:47.571 | INFO     | __main__:get_Z3_result:356 - 主进程收集结果: /home/nju/Downloads/smt/gnu_angr.tar.gz/single_test/sha1sum/sha1sum74508, 状态: unknown
2025-06-15 11:20:48.362 | INFO     | __main__:process_z3_file:320 - [Worker] 完成: /home/nju/Downloads/smt/gnu_angr.tar.gz/single_test/sha1sum/sha1sum79315, 结果: sat, 用时: 64.91s
2025-06-15 11:20:48.363 | INFO     | __main__:process_z3_file:293 - [Worker] 开始处理: /home/nju/Downloads/smt/gnu_angr.tar.gz/single_test/sha1sum/sha1sum81337
2025-06-15 11:20:48.363 | INFO     | __main__:get_Z3_result:356 - 主进程收集结果: /home/nju/Downloads/smt/gnu_angr.tar.gz/single_test/sha1sum/sha1sum79315, 状态: sat
2025-06-15 11:20:58.206 | INFO     | __main__:process_z3_file:320 - [Worker] 完成: /home/nju/Downloads/smt/gnu_angr.tar.gz/single_test/sha1sum/sha1sum86690, 结果: unknown, 用时: 1200.02s
2025-06-15 11:20:58.207 | INFO     | __main__:process_z3_file:293 - [Worker] 开始处理: /home/nju/Downloads/smt/gnu_angr.tar.gz/single_test/sha1sum/sha1sum76099
2025-06-15 11:20:58.207 | INFO     | __main__:get_Z3_result:356 - 主进程收集结果: /home/nju/Downloads/smt/gnu_angr.tar.gz/single_test/sha1sum/sha1sum86690, 状态: unknown
2025-06-15 11:22:15.139 | INFO     | __main__:process_z3_file:320 - [Worker] 完成: /home/nju/Downloads/smt/gnu_angr.tar.gz/single_test/sha1sum/sha1sum76099, 结果: sat, 用时: 76.92s
2025-06-15 11:22:15.141 | INFO     | __main__:process_z3_file:293 - [Worker] 开始处理: /home/nju/Downloads/smt/gnu_angr.tar.gz/single_test/sha1sum/sha1sum80543
2025-06-15 11:22:15.141 | INFO     | __main__:get_Z3_result:356 - 主进程收集结果: /home/nju/Downloads/smt/gnu_angr.tar.gz/single_test/sha1sum/sha1sum76099, 状态: sat
2025-06-15 11:22:37.143 | INFO     | __main__:process_z3_file:320 - [Worker] 完成: /home/nju/Downloads/smt/gnu_angr.tar.gz/single_test/sha1sum/sha1sum81337, 结果: sat, 用时: 108.77s
2025-06-15 11:22:37.145 | INFO     | __main__:process_z3_file:293 - [Worker] 开始处理: /home/nju/Downloads/smt/gnu_angr.tar.gz/single_test/sha1sum/sha1sum84936
2025-06-15 11:22:37.145 | INFO     | __main__:get_Z3_result:356 - 主进程收集结果: /home/nju/Downloads/smt/gnu_angr.tar.gz/single_test/sha1sum/sha1sum81337, 状态: sat
2025-06-15 11:23:06.076 | INFO     | __main__:process_z3_file:320 - [Worker] 完成: /home/nju/Downloads/smt/gnu_angr.tar.gz/single_test/sha1sum/sha1sum84936, 结果: sat, 用时: 28.92s
2025-06-15 11:23:06.078 | INFO     | __main__:process_z3_file:293 - [Worker] 开始处理: /home/nju/Downloads/smt/gnu_angr.tar.gz/single_test/sha1sum/sha1sum91085
2025-06-15 11:23:06.078 | INFO     | __main__:get_Z3_result:356 - 主进程收集结果: /home/nju/Downloads/smt/gnu_angr.tar.gz/single_test/sha1sum/sha1sum84936, 状态: sat
2025-06-15 11:24:07.235 | INFO     | __main__:process_z3_file:320 - [Worker] 完成: /home/nju/Downloads/smt/gnu_angr.tar.gz/single_test/sha1sum/sha1sum80543, 结果: sat, 用时: 112.09s
2025-06-15 11:24:07.237 | INFO     | __main__:process_z3_file:293 - [Worker] 开始处理: /home/nju/Downloads/smt/gnu_angr.tar.gz/single_test/sha1sum/sha1sum68834
2025-06-15 11:24:07.237 | INFO     | __main__:get_Z3_result:356 - 主进程收集结果: /home/nju/Downloads/smt/gnu_angr.tar.gz/single_test/sha1sum/sha1sum80543, 状态: sat
2025-06-15 11:25:00.287 | INFO     | __main__:process_z3_file:320 - [Worker] 完成: /home/nju/Downloads/smt/gnu_angr.tar.gz/single_test/sha1sum/sha1sum49681, 结果: unknown, 用时: 1200.07s
2025-06-15 11:25:00.289 | INFO     | __main__:process_z3_file:293 - [Worker] 开始处理: /home/nju/Downloads/smt/gnu_angr.tar.gz/single_test/sha1sum/sha1sum79286
2025-06-15 11:25:00.289 | INFO     | __main__:get_Z3_result:356 - 主进程收集结果: /home/nju/Downloads/smt/gnu_angr.tar.gz/single_test/sha1sum/sha1sum49681, 状态: unknown
2025-06-15 11:25:02.511 | INFO     | __main__:process_z3_file:320 - [Worker] 完成: /home/nju/Downloads/smt/gnu_angr.tar.gz/single_test/sha1sum/sha1sum79286, 结果: sat, 用时: 2.21s
2025-06-15 11:25:02.512 | INFO     | __main__:process_z3_file:293 - [Worker] 开始处理: /home/nju/Downloads/smt/gnu_angr.tar.gz/single_test/sha1sum/sha1sum84949
2025-06-15 11:25:02.512 | INFO     | __main__:get_Z3_result:356 - 主进程收集结果: /home/nju/Downloads/smt/gnu_angr.tar.gz/single_test/sha1sum/sha1sum79286, 状态: sat
2025-06-15 11:25:12.862 | INFO     | __main__:process_z3_file:320 - [Worker] 完成: /home/nju/Downloads/smt/gnu_angr.tar.gz/single_test/sha1sum/sha1sum84949, 结果: sat, 用时: 10.34s
2025-06-15 11:25:12.864 | INFO     | __main__:process_z3_file:293 - [Worker] 开始处理: /home/nju/Downloads/smt/gnu_angr.tar.gz/single_test/sha1sum/sha1sum75089
2025-06-15 11:25:12.864 | INFO     | __main__:get_Z3_result:356 - 主进程收集结果: /home/nju/Downloads/smt/gnu_angr.tar.gz/single_test/sha1sum/sha1sum84949, 状态: sat
2025-06-15 11:25:22.590 | INFO     | __main__:process_z3_file:320 - [Worker] 完成: /home/nju/Downloads/smt/gnu_angr.tar.gz/single_test/sha1sum/sha1sum91085, 结果: sat, 用时: 136.50s
2025-06-15 11:25:22.592 | INFO     | __main__:process_z3_file:293 - [Worker] 开始处理: /home/nju/Downloads/smt/gnu_angr.tar.gz/single_test/chroot/chroot34627
2025-06-15 11:25:22.592 | INFO     | __main__:get_Z3_result:356 - 主进程收集结果: /home/nju/Downloads/smt/gnu_angr.tar.gz/single_test/sha1sum/sha1sum91085, 状态: sat
2025-06-15 11:26:29.616 | INFO     | __main__:process_z3_file:320 - [Worker] 完成: /home/nju/Downloads/smt/gnu_angr.tar.gz/single_test/sha1sum/sha1sum75089, 结果: sat, 用时: 76.75s
2025-06-15 11:26:29.618 | INFO     | __main__:process_z3_file:293 - [Worker] 开始处理: /home/nju/Downloads/smt/gnu_angr.tar.gz/single_test/chroot/chroot29455
2025-06-15 11:26:29.618 | INFO     | __main__:get_Z3_result:356 - 主进程收集结果: /home/nju/Downloads/smt/gnu_angr.tar.gz/single_test/sha1sum/sha1sum75089, 状态: sat
2025-06-15 11:32:18.102 | INFO     | __main__:process_z3_file:320 - [Worker] 完成: /home/nju/Downloads/smt/gnu_angr.tar.gz/single_test/sha1sum/sha1sum81494, 结果: unknown, 用时: 1200.02s
2025-06-15 11:32:18.103 | INFO     | __main__:process_z3_file:293 - [Worker] 开始处理: /home/nju/Downloads/smt/gnu_angr.tar.gz/single_test/chroot/chroot32087
2025-06-15 11:32:18.103 | INFO     | __main__:get_Z3_result:356 - 主进程收集结果: /home/nju/Downloads/smt/gnu_angr.tar.gz/single_test/sha1sum/sha1sum81494, 状态: unknown
2025-06-15 11:33:22.740 | INFO     | __main__:process_z3_file:320 - [Worker] 完成: /home/nju/Downloads/smt/gnu_angr.tar.gz/single_test/sha1sum/sha1sum43923, 结果: unknown, 用时: 1200.06s
2025-06-15 11:33:22.742 | INFO     | __main__:process_z3_file:293 - [Worker] 开始处理: /home/nju/Downloads/smt/gnu_angr.tar.gz/single_test/chroot/chroot34091
2025-06-15 11:33:22.742 | INFO     | __main__:get_Z3_result:356 - 主进程收集结果: /home/nju/Downloads/smt/gnu_angr.tar.gz/single_test/sha1sum/sha1sum43923, 状态: unknown
2025-06-15 11:36:56.444 | INFO     | __main__:process_z3_file:320 - [Worker] 完成: /home/nju/Downloads/smt/gnu_angr.tar.gz/single_test/sha1sum/sha1sum68186, 结果: unknown, 用时: 1201.43s
2025-06-15 11:36:56.445 | INFO     | __main__:process_z3_file:293 - [Worker] 开始处理: /home/nju/Downloads/smt/gnu_angr.tar.gz/single_test/hostname/hostname26132
2025-06-15 11:36:56.445 | INFO     | __main__:get_Z3_result:356 - 主进程收集结果: /home/nju/Downloads/smt/gnu_angr.tar.gz/single_test/sha1sum/sha1sum68186, 状态: unknown
2025-06-15 11:39:49.240 | INFO     | __main__:process_z3_file:320 - [Worker] 完成: /home/nju/Downloads/smt/gnu_angr.tar.gz/single_test/sha1sum/sha1sum87899, 结果: unknown, 用时: 1200.02s
2025-06-15 11:39:49.242 | INFO     | __main__:process_z3_file:293 - [Worker] 开始处理: /home/nju/Downloads/smt/gnu_angr.tar.gz/single_test/hostname/hostname25407
2025-06-15 11:39:49.242 | INFO     | __main__:get_Z3_result:356 - 主进程收集结果: /home/nju/Downloads/smt/gnu_angr.tar.gz/single_test/sha1sum/sha1sum87899, 状态: unknown
2025-06-15 11:40:48.860 | INFO     | __main__:process_z3_file:320 - [Worker] 完成: /home/nju/Downloads/smt/gnu_angr.tar.gz/single_test/sha1sum/sha1sum61226, 结果: unknown, 用时: 1201.28s
2025-06-15 11:40:48.861 | INFO     | __main__:process_z3_file:293 - [Worker] 开始处理: /home/nju/Downloads/smt/gnu_angr.tar.gz/single_test/hostname/hostname26334
2025-06-15 11:40:48.861 | INFO     | __main__:get_Z3_result:356 - 主进程收集结果: /home/nju/Downloads/smt/gnu_angr.tar.gz/single_test/sha1sum/sha1sum61226, 状态: unknown
2025-06-15 11:44:07.371 | INFO     | __main__:process_z3_file:320 - [Worker] 完成: /home/nju/Downloads/smt/gnu_angr.tar.gz/single_test/sha1sum/sha1sum68834, 结果: unknown, 用时: 1200.13s
2025-06-15 11:44:07.373 | INFO     | __main__:process_z3_file:293 - [Worker] 开始处理: /home/nju/Downloads/smt/gnu_angr.tar.gz/single_test/hostname/hostname21906
2025-06-15 11:44:07.373 | INFO     | __main__:get_Z3_result:356 - 主进程收集结果: /home/nju/Downloads/smt/gnu_angr.tar.gz/single_test/sha1sum/sha1sum68834, 状态: unknown
2025-06-15 11:45:22.674 | INFO     | __main__:process_z3_file:320 - [Worker] 完成: /home/nju/Downloads/smt/gnu_angr.tar.gz/single_test/chroot/chroot34627, 结果: unknown, 用时: 1200.08s
2025-06-15 11:45:22.675 | INFO     | __main__:process_z3_file:293 - [Worker] 开始处理: /home/nju/Downloads/smt/gnu_angr.tar.gz/single_test/setuidgid/setuidgid173450
2025-06-15 11:45:22.675 | INFO     | __main__:get_Z3_result:356 - 主进程收集结果: /home/nju/Downloads/smt/gnu_angr.tar.gz/single_test/chroot/chroot34627, 状态: unknown
2025-06-15 11:46:29.644 | INFO     | __main__:process_z3_file:320 - [Worker] 完成: /home/nju/Downloads/smt/gnu_angr.tar.gz/single_test/chroot/chroot29455, 结果: unknown, 用时: 1200.02s
2025-06-15 11:46:29.645 | INFO     | __main__:process_z3_file:293 - [Worker] 开始处理: /home/nju/Downloads/smt/gnu_angr.tar.gz/single_test/setuidgid/setuidgid209654
2025-06-15 11:46:29.645 | INFO     | __main__:get_Z3_result:356 - 主进程收集结果: /home/nju/Downloads/smt/gnu_angr.tar.gz/single_test/chroot/chroot29455, 状态: unknown
2025-06-15 11:52:18.218 | INFO     | __main__:process_z3_file:320 - [Worker] 完成: /home/nju/Downloads/smt/gnu_angr.tar.gz/single_test/chroot/chroot32087, 结果: unknown, 用时: 1200.11s
2025-06-15 11:52:18.223 | INFO     | __main__:process_z3_file:293 - [Worker] 开始处理: /home/nju/Downloads/smt/gnu_angr.tar.gz/single_test/setuidgid/setuidgid167548
2025-06-15 11:52:18.223 | INFO     | __main__:get_Z3_result:356 - 主进程收集结果: /home/nju/Downloads/smt/gnu_angr.tar.gz/single_test/chroot/chroot32087, 状态: unknown
2025-06-15 11:53:22.824 | INFO     | __main__:process_z3_file:320 - [Worker] 完成: /home/nju/Downloads/smt/gnu_angr.tar.gz/single_test/chroot/chroot34091, 结果: unknown, 用时: 1200.08s
2025-06-15 11:53:22.825 | INFO     | __main__:process_z3_file:293 - [Worker] 开始处理: /home/nju/Downloads/smt/gnu_angr.tar.gz/single_test/setuidgid/setuidgid146555
2025-06-15 11:53:22.826 | INFO     | __main__:get_Z3_result:356 - 主进程收集结果: /home/nju/Downloads/smt/gnu_angr.tar.gz/single_test/chroot/chroot34091, 状态: unknown
2025-06-15 11:55:14.305 | INFO     | __main__:process_z3_file:320 - [Worker] 完成: /home/nju/Downloads/smt/gnu_angr.tar.gz/single_test/setuidgid/setuidgid167548, 结果: unsat, 用时: 176.08s
2025-06-15 11:55:14.306 | INFO     | __main__:process_z3_file:293 - [Worker] 开始处理: /home/nju/Downloads/smt/gnu_angr.tar.gz/single_test/setuidgid/setuidgid175701
2025-06-15 11:55:14.306 | INFO     | __main__:get_Z3_result:356 - 主进程收集结果: /home/nju/Downloads/smt/gnu_angr.tar.gz/single_test/setuidgid/setuidgid167548, 状态: unsat
2025-06-15 11:56:19.560 | INFO     | __main__:process_z3_file:320 - [Worker] 完成: /home/nju/Downloads/smt/gnu_angr.tar.gz/single_test/setuidgid/setuidgid146555, 结果: unsat, 用时: 176.73s
2025-06-15 11:56:19.561 | INFO     | __main__:process_z3_file:293 - [Worker] 开始处理: /home/nju/Downloads/smt/gnu_angr.tar.gz/single_test/setuidgid/setuidgid196354
2025-06-15 11:56:19.561 | INFO     | __main__:get_Z3_result:356 - 主进程收集结果: /home/nju/Downloads/smt/gnu_angr.tar.gz/single_test/setuidgid/setuidgid146555, 状态: unsat
2025-06-15 11:56:56.467 | INFO     | __main__:process_z3_file:320 - [Worker] 完成: /home/nju/Downloads/smt/gnu_angr.tar.gz/single_test/hostname/hostname26132, 结果: unknown, 用时: 1200.02s
2025-06-15 11:56:56.469 | INFO     | __main__:process_z3_file:293 - [Worker] 开始处理: /home/nju/Downloads/smt/gnu_angr.tar.gz/single_test/setuidgid/setuidgid205698
2025-06-15 11:56:56.469 | INFO     | __main__:get_Z3_result:356 - 主进程收集结果: /home/nju/Downloads/smt/gnu_angr.tar.gz/single_test/hostname/hostname26132, 状态: unknown
2025-06-15 11:59:49.260 | INFO     | __main__:process_z3_file:320 - [Worker] 完成: /home/nju/Downloads/smt/gnu_angr.tar.gz/single_test/hostname/hostname25407, 结果: unknown, 用时: 1200.01s
2025-06-15 11:59:49.262 | INFO     | __main__:process_z3_file:293 - [Worker] 开始处理: /home/nju/Downloads/smt/gnu_angr.tar.gz/single_test/setuidgid/setuidgid219733
2025-06-15 11:59:49.262 | INFO     | __main__:get_Z3_result:356 - 主进程收集结果: /home/nju/Downloads/smt/gnu_angr.tar.gz/single_test/hostname/hostname25407, 状态: unknown
2025-06-15 12:00:48.949 | INFO     | __main__:process_z3_file:320 - [Worker] 完成: /home/nju/Downloads/smt/gnu_angr.tar.gz/single_test/hostname/hostname26334, 结果: unknown, 用时: 1200.08s
2025-06-15 12:00:48.951 | INFO     | __main__:process_z3_file:293 - [Worker] 开始处理: /home/nju/Downloads/smt/gnu_angr.tar.gz/single_test/setuidgid/setuidgid217534
2025-06-15 12:00:48.951 | INFO     | __main__:get_Z3_result:356 - 主进程收集结果: /home/nju/Downloads/smt/gnu_angr.tar.gz/single_test/hostname/hostname26334, 状态: unknown
2025-06-15 12:04:07.447 | INFO     | __main__:process_z3_file:320 - [Worker] 完成: /home/nju/Downloads/smt/gnu_angr.tar.gz/single_test/hostname/hostname21906, 结果: unknown, 用时: 1200.07s
2025-06-15 12:04:07.448 | INFO     | __main__:process_z3_file:293 - [Worker] 开始处理: /home/nju/Downloads/smt/gnu_angr.tar.gz/single_test/setuidgid/setuidgid155312
2025-06-15 12:04:07.448 | INFO     | __main__:get_Z3_result:356 - 主进程收集结果: /home/nju/Downloads/smt/gnu_angr.tar.gz/single_test/hostname/hostname21906, 状态: unknown
2025-06-15 12:05:23.453 | INFO     | __main__:process_z3_file:320 - [Worker] 完成: /home/nju/Downloads/smt/gnu_angr.tar.gz/single_test/setuidgid/setuidgid173450, 结果: unknown, 用时: 1200.77s
2025-06-15 12:05:23.455 | INFO     | __main__:process_z3_file:293 - [Worker] 开始处理: /home/nju/Downloads/smt/gnu_angr.tar.gz/single_test/setuidgid/setuidgid198429
2025-06-15 12:05:23.455 | INFO     | __main__:get_Z3_result:356 - 主进程收集结果: /home/nju/Downloads/smt/gnu_angr.tar.gz/single_test/setuidgid/setuidgid173450, 状态: unknown
2025-06-15 12:06:29.679 | INFO     | __main__:process_z3_file:320 - [Worker] 完成: /home/nju/Downloads/smt/gnu_angr.tar.gz/single_test/setuidgid/setuidgid209654, 结果: unknown, 用时: 1200.03s
2025-06-15 12:06:29.681 | INFO     | __main__:process_z3_file:293 - [Worker] 开始处理: /home/nju/Downloads/smt/gnu_angr.tar.gz/single_test/setuidgid/setuidgid197796
2025-06-15 12:06:29.681 | INFO     | __main__:get_Z3_result:356 - 主进程收集结果: /home/nju/Downloads/smt/gnu_angr.tar.gz/single_test/setuidgid/setuidgid209654, 状态: unknown
2025-06-15 12:06:32.479 | INFO     | __main__:process_z3_file:320 - [Worker] 完成: /home/nju/Downloads/smt/gnu_angr.tar.gz/single_test/setuidgid/setuidgid197796, 结果: sat, 用时: 2.79s
2025-06-15 12:06:32.481 | INFO     | __main__:process_z3_file:293 - [Worker] 开始处理: /home/nju/Downloads/smt/gnu_angr.tar.gz/single_test/setuidgid/setuidgid139538
2025-06-15 12:06:32.481 | INFO     | __main__:get_Z3_result:356 - 主进程收集结果: /home/nju/Downloads/smt/gnu_angr.tar.gz/single_test/setuidgid/setuidgid197796, 状态: sat
2025-06-15 12:15:14.364 | INFO     | __main__:process_z3_file:320 - [Worker] 完成: /home/nju/Downloads/smt/gnu_angr.tar.gz/single_test/setuidgid/setuidgid175701, 结果: unknown, 用时: 1200.05s
2025-06-15 12:15:14.365 | INFO     | __main__:process_z3_file:293 - [Worker] 开始处理: /home/nju/Downloads/smt/gnu_angr.tar.gz/single_test/setuidgid/setuidgid163664
2025-06-15 12:15:14.365 | INFO     | __main__:get_Z3_result:356 - 主进程收集结果: /home/nju/Downloads/smt/gnu_angr.tar.gz/single_test/setuidgid/setuidgid175701, 状态: unknown
2025-06-15 12:16:19.920 | INFO     | __main__:process_z3_file:320 - [Worker] 完成: /home/nju/Downloads/smt/gnu_angr.tar.gz/single_test/setuidgid/setuidgid196354, 结果: unknown, 用时: 1200.35s
2025-06-15 12:16:19.922 | INFO     | __main__:process_z3_file:293 - [Worker] 开始处理: /home/nju/Downloads/smt/gnu_angr.tar.gz/single_test/setuidgid/setuidgid161159
2025-06-15 12:16:19.922 | INFO     | __main__:get_Z3_result:356 - 主进程收集结果: /home/nju/Downloads/smt/gnu_angr.tar.gz/single_test/setuidgid/setuidgid196354, 状态: unknown
2025-06-15 12:16:56.818 | INFO     | __main__:process_z3_file:320 - [Worker] 完成: /home/nju/Downloads/smt/gnu_angr.tar.gz/single_test/setuidgid/setuidgid205698, 结果: unknown, 用时: 1200.34s
2025-06-15 12:16:56.819 | INFO     | __main__:process_z3_file:293 - [Worker] 开始处理: /home/nju/Downloads/smt/gnu_angr.tar.gz/single_test/setuidgid/setuidgid214047
2025-06-15 12:16:56.819 | INFO     | __main__:get_Z3_result:356 - 主进程收集结果: /home/nju/Downloads/smt/gnu_angr.tar.gz/single_test/setuidgid/setuidgid205698, 状态: unknown
2025-06-15 12:19:49.895 | INFO     | __main__:process_z3_file:320 - [Worker] 完成: /home/nju/Downloads/smt/gnu_angr.tar.gz/single_test/setuidgid/setuidgid219733, 结果: unknown, 用时: 1200.63s
2025-06-15 12:19:49.897 | INFO     | __main__:process_z3_file:293 - [Worker] 开始处理: /home/nju/Downloads/smt/gnu_angr.tar.gz/single_test/setuidgid/setuidgid140815
2025-06-15 12:19:49.897 | INFO     | __main__:get_Z3_result:356 - 主进程收集结果: /home/nju/Downloads/smt/gnu_angr.tar.gz/single_test/setuidgid/setuidgid219733, 状态: unknown
2025-06-15 12:20:49.727 | INFO     | __main__:process_z3_file:320 - [Worker] 完成: /home/nju/Downloads/smt/gnu_angr.tar.gz/single_test/setuidgid/setuidgid217534, 结果: unknown, 用时: 1200.77s
2025-06-15 12:20:49.729 | INFO     | __main__:process_z3_file:293 - [Worker] 开始处理: /home/nju/Downloads/smt/gnu_angr.tar.gz/single_test/setuidgid/setuidgid210218
2025-06-15 12:20:49.729 | INFO     | __main__:get_Z3_result:356 - 主进程收集结果: /home/nju/Downloads/smt/gnu_angr.tar.gz/single_test/setuidgid/setuidgid217534, 状态: unknown
2025-06-15 12:21:51.999 | INFO     | __main__:process_z3_file:320 - [Worker] 完成: /home/nju/Downloads/smt/gnu_angr.tar.gz/single_test/setuidgid/setuidgid140815, 结果: sat, 用时: 122.08s
2025-06-15 12:21:52.002 | INFO     | __main__:process_z3_file:293 - [Worker] 开始处理: /home/nju/Downloads/smt/gnu_angr.tar.gz/single_test/setuidgid/setuidgid161160
2025-06-15 12:21:52.002 | INFO     | __main__:get_Z3_result:356 - 主进程收集结果: /home/nju/Downloads/smt/gnu_angr.tar.gz/single_test/setuidgid/setuidgid140815, 状态: sat
2025-06-15 12:24:07.999 | INFO     | __main__:process_z3_file:320 - [Worker] 完成: /home/nju/Downloads/smt/gnu_angr.tar.gz/single_test/setuidgid/setuidgid155312, 结果: unknown, 用时: 1200.55s
2025-06-15 12:24:08.001 | INFO     | __main__:process_z3_file:293 - [Worker] 开始处理: /home/nju/Downloads/smt/gnu_angr.tar.gz/single_test/setuidgid/setuidgid134784
2025-06-15 12:24:08.001 | INFO     | __main__:get_Z3_result:356 - 主进程收集结果: /home/nju/Downloads/smt/gnu_angr.tar.gz/single_test/setuidgid/setuidgid155312, 状态: unknown
2025-06-15 12:25:23.752 | INFO     | __main__:process_z3_file:320 - [Worker] 完成: /home/nju/Downloads/smt/gnu_angr.tar.gz/single_test/setuidgid/setuidgid198429, 结果: unknown, 用时: 1200.29s
2025-06-15 12:25:23.754 | INFO     | __main__:process_z3_file:293 - [Worker] 开始处理: /home/nju/Downloads/smt/gnu_angr.tar.gz/single_test/setuidgid/setuidgid196357
2025-06-15 12:25:23.754 | INFO     | __main__:get_Z3_result:356 - 主进程收集结果: /home/nju/Downloads/smt/gnu_angr.tar.gz/single_test/setuidgid/setuidgid198429, 状态: unknown
2025-06-15 12:26:32.504 | INFO     | __main__:process_z3_file:320 - [Worker] 完成: /home/nju/Downloads/smt/gnu_angr.tar.gz/single_test/setuidgid/setuidgid139538, 结果: unknown, 用时: 1200.02s
2025-06-15 12:26:32.506 | INFO     | __main__:process_z3_file:293 - [Worker] 开始处理: /home/nju/Downloads/smt/gnu_angr.tar.gz/single_test/setuidgid/setuidgid224129
2025-06-15 12:26:32.506 | INFO     | __main__:get_Z3_result:356 - 主进程收集结果: /home/nju/Downloads/smt/gnu_angr.tar.gz/single_test/setuidgid/setuidgid139538, 状态: unknown
2025-06-15 12:27:46.631 | INFO     | __main__:process_z3_file:320 - [Worker] 完成: /home/nju/Downloads/smt/gnu_angr.tar.gz/single_test/setuidgid/setuidgid196357, 结果: unsat, 用时: 142.87s
2025-06-15 12:27:46.633 | INFO     | __main__:process_z3_file:293 - [Worker] 开始处理: /home/nju/Downloads/smt/gnu_angr.tar.gz/single_test/setuidgid/setuidgid224485
2025-06-15 12:27:46.633 | INFO     | __main__:get_Z3_result:356 - 主进程收集结果: /home/nju/Downloads/smt/gnu_angr.tar.gz/single_test/setuidgid/setuidgid196357, 状态: unsat
2025-06-15 12:35:14.998 | INFO     | __main__:process_z3_file:320 - [Worker] 完成: /home/nju/Downloads/smt/gnu_angr.tar.gz/single_test/setuidgid/setuidgid163664, 结果: unknown, 用时: 1200.63s
2025-06-15 12:35:15.000 | INFO     | __main__:process_z3_file:293 - [Worker] 开始处理: /home/nju/Downloads/smt/gnu_angr.tar.gz/single_test/setuidgid/setuidgid197799
2025-06-15 12:35:15.000 | INFO     | __main__:get_Z3_result:356 - 主进程收集结果: /home/nju/Downloads/smt/gnu_angr.tar.gz/single_test/setuidgid/setuidgid163664, 状态: unknown
2025-06-15 12:36:21.064 | INFO     | __main__:process_z3_file:320 - [Worker] 完成: /home/nju/Downloads/smt/gnu_angr.tar.gz/single_test/setuidgid/setuidgid161159, 结果: unknown, 用时: 1201.13s
2025-06-15 12:36:21.066 | INFO     | __main__:process_z3_file:293 - [Worker] 开始处理: /home/nju/Downloads/smt/gnu_angr.tar.gz/single_test/setuidgid/setuidgid146552
2025-06-15 12:36:21.066 | INFO     | __main__:get_Z3_result:356 - 主进程收集结果: /home/nju/Downloads/smt/gnu_angr.tar.gz/single_test/setuidgid/setuidgid161159, 状态: unknown
2025-06-15 12:36:56.872 | INFO     | __main__:process_z3_file:320 - [Worker] 完成: /home/nju/Downloads/smt/gnu_angr.tar.gz/single_test/setuidgid/setuidgid214047, 结果: unknown, 用时: 1200.05s
2025-06-15 12:36:56.874 | INFO     | __main__:process_z3_file:293 - [Worker] 开始处理: /home/nju/Downloads/smt/gnu_angr.tar.gz/single_test/setuidgid/setuidgid177726
2025-06-15 12:36:56.874 | INFO     | __main__:get_Z3_result:356 - 主进程收集结果: /home/nju/Downloads/smt/gnu_angr.tar.gz/single_test/setuidgid/setuidgid214047, 状态: unknown
2025-06-15 12:40:49.770 | INFO     | __main__:process_z3_file:320 - [Worker] 完成: /home/nju/Downloads/smt/gnu_angr.tar.gz/single_test/setuidgid/setuidgid210218, 结果: unknown, 用时: 1200.04s
2025-06-15 12:40:49.772 | INFO     | __main__:process_z3_file:293 - [Worker] 开始处理: /home/nju/Downloads/smt/gnu_angr.tar.gz/single_test/fmt/fmt710958
2025-06-15 12:40:49.772 | INFO     | __main__:get_Z3_result:356 - 主进程收集结果: /home/nju/Downloads/smt/gnu_angr.tar.gz/single_test/setuidgid/setuidgid210218, 状态: unknown
2025-06-15 12:41:52.094 | INFO     | __main__:process_z3_file:320 - [Worker] 完成: /home/nju/Downloads/smt/gnu_angr.tar.gz/single_test/setuidgid/setuidgid161160, 结果: unknown, 用时: 1200.09s
2025-06-15 12:41:52.096 | INFO     | __main__:process_z3_file:293 - [Worker] 开始处理: /home/nju/Downloads/smt/gnu_angr.tar.gz/single_test/factor/factor74956
2025-06-15 12:41:52.096 | INFO     | __main__:get_Z3_result:356 - 主进程收集结果: /home/nju/Downloads/smt/gnu_angr.tar.gz/single_test/setuidgid/setuidgid161160, 状态: unknown
2025-06-15 12:44:08.060 | INFO     | __main__:process_z3_file:320 - [Worker] 完成: /home/nju/Downloads/smt/gnu_angr.tar.gz/single_test/setuidgid/setuidgid134784, 结果: unknown, 用时: 1200.05s
2025-06-15 12:44:08.062 | INFO     | __main__:process_z3_file:293 - [Worker] 开始处理: /home/nju/Downloads/smt/gnu_angr.tar.gz/single_test/ls/ls258156
2025-06-15 12:44:08.062 | INFO     | __main__:get_Z3_result:356 - 主进程收集结果: /home/nju/Downloads/smt/gnu_angr.tar.gz/single_test/setuidgid/setuidgid134784, 状态: unknown
2025-06-15 12:44:10.230 | INFO     | __main__:process_z3_file:320 - [Worker] 完成: /home/nju/Downloads/smt/gnu_angr.tar.gz/single_test/ls/ls258156, 结果: sat, 用时: 2.15s
2025-06-15 12:44:10.233 | INFO     | __main__:process_z3_file:293 - [Worker] 开始处理: /home/nju/Downloads/smt/gnu_angr.tar.gz/single_test/users/users39945
2025-06-15 12:44:10.233 | INFO     | __main__:get_Z3_result:356 - 主进程收集结果: /home/nju/Downloads/smt/gnu_angr.tar.gz/single_test/ls/ls258156, 状态: sat
2025-06-15 12:46:32.560 | INFO     | __main__:process_z3_file:320 - [Worker] 完成: /home/nju/Downloads/smt/gnu_angr.tar.gz/single_test/setuidgid/setuidgid224129, 结果: unknown, 用时: 1200.05s
2025-06-15 12:46:32.562 | INFO     | __main__:process_z3_file:293 - [Worker] 开始处理: /home/nju/Downloads/smt/gnu_angr.tar.gz/single_test/id/id219438
2025-06-15 12:46:32.562 | INFO     | __main__:get_Z3_result:356 - 主进程收集结果: /home/nju/Downloads/smt/gnu_angr.tar.gz/single_test/setuidgid/setuidgid224129, 状态: unknown
2025-06-15 12:47:47.747 | INFO     | __main__:process_z3_file:320 - [Worker] 完成: /home/nju/Downloads/smt/gnu_angr.tar.gz/single_test/setuidgid/setuidgid224485, 结果: unknown, 用时: 1201.11s
2025-06-15 12:47:47.749 | INFO     | __main__:process_z3_file:293 - [Worker] 开始处理: /home/nju/Downloads/smt/gnu_angr.tar.gz/single_test/id/id132674
2025-06-15 12:47:47.749 | INFO     | __main__:get_Z3_result:356 - 主进程收集结果: /home/nju/Downloads/smt/gnu_angr.tar.gz/single_test/setuidgid/setuidgid224485, 状态: unknown
2025-06-15 12:55:15.092 | INFO     | __main__:process_z3_file:320 - [Worker] 完成: /home/nju/Downloads/smt/gnu_angr.tar.gz/single_test/setuidgid/setuidgid197799, 结果: unknown, 用时: 1200.09s
2025-06-15 12:55:15.094 | INFO     | __main__:process_z3_file:293 - [Worker] 开始处理: /home/nju/Downloads/smt/gnu_angr.tar.gz/single_test/pinky/pinky231102
2025-06-15 12:55:15.094 | INFO     | __main__:get_Z3_result:356 - 主进程收集结果: /home/nju/Downloads/smt/gnu_angr.tar.gz/single_test/setuidgid/setuidgid197799, 状态: unknown
2025-06-15 12:56:21.431 | INFO     | __main__:process_z3_file:320 - [Worker] 完成: /home/nju/Downloads/smt/gnu_angr.tar.gz/single_test/setuidgid/setuidgid146552, 结果: unknown, 用时: 1200.36s
2025-06-15 12:56:21.433 | INFO     | __main__:process_z3_file:293 - [Worker] 开始处理: /home/nju/Downloads/smt/gnu_angr.tar.gz/single_test/pinky/pinky231980
2025-06-15 12:56:21.433 | INFO     | __main__:get_Z3_result:356 - 主进程收集结果: /home/nju/Downloads/smt/gnu_angr.tar.gz/single_test/setuidgid/setuidgid146552, 状态: unknown
2025-06-15 12:56:57.244 | INFO     | __main__:process_z3_file:320 - [Worker] 完成: /home/nju/Downloads/smt/gnu_angr.tar.gz/single_test/setuidgid/setuidgid177726, 结果: unknown, 用时: 1200.36s
2025-06-15 12:56:57.246 | INFO     | __main__:process_z3_file:293 - [Worker] 开始处理: /home/nju/Downloads/smt/gnu_angr.tar.gz/single_test/pinky/pinky232016
2025-06-15 12:56:57.246 | INFO     | __main__:get_Z3_result:356 - 主进程收集结果: /home/nju/Downloads/smt/gnu_angr.tar.gz/single_test/setuidgid/setuidgid177726, 状态: unknown
2025-06-15 13:00:49.799 | INFO     | __main__:process_z3_file:320 - [Worker] 完成: /home/nju/Downloads/smt/gnu_angr.tar.gz/single_test/fmt/fmt710958, 结果: unknown, 用时: 1200.02s
2025-06-15 13:00:49.801 | INFO     | __main__:process_z3_file:293 - [Worker] 开始处理: /home/nju/Downloads/smt/gnu_angr.tar.gz/single_test/mknod/mknod239420
2025-06-15 13:00:49.801 | INFO     | __main__:get_Z3_result:356 - 主进程收集结果: /home/nju/Downloads/smt/gnu_angr.tar.gz/single_test/fmt/fmt710958, 状态: unknown
2025-06-15 13:01:52.180 | INFO     | __main__:process_z3_file:320 - [Worker] 完成: /home/nju/Downloads/smt/gnu_angr.tar.gz/single_test/factor/factor74956, 结果: unknown, 用时: 1200.08s
2025-06-15 13:01:52.181 | INFO     | __main__:process_z3_file:293 - [Worker] 开始处理: /home/nju/Downloads/smt/gnu_angr.tar.gz/single_test/mknod/mknod130727
2025-06-15 13:01:52.182 | INFO     | __main__:get_Z3_result:356 - 主进程收集结果: /home/nju/Downloads/smt/gnu_angr.tar.gz/single_test/factor/factor74956, 状态: unknown
2025-06-15 13:04:10.252 | INFO     | __main__:process_z3_file:320 - [Worker] 完成: /home/nju/Downloads/smt/gnu_angr.tar.gz/single_test/users/users39945, 结果: unknown, 用时: 1200.01s
2025-06-15 13:04:10.254 | INFO     | __main__:process_z3_file:293 - [Worker] 开始处理: /home/nju/Downloads/smt/gnu_angr.tar.gz/single_test/date/date166559
2025-06-15 13:04:10.254 | INFO     | __main__:get_Z3_result:356 - 主进程收集结果: /home/nju/Downloads/smt/gnu_angr.tar.gz/single_test/users/users39945, 状态: unknown
2025-06-15 13:06:32.574 | INFO     | __main__:process_z3_file:320 - [Worker] 完成: /home/nju/Downloads/smt/gnu_angr.tar.gz/single_test/id/id219438, 结果: unknown, 用时: 1200.01s
2025-06-15 13:06:32.575 | INFO     | __main__:process_z3_file:293 - [Worker] 开始处理: /home/nju/Downloads/smt/gnu_angr.tar.gz/single_test/date/date156480
2025-06-15 13:06:32.575 | INFO     | __main__:get_Z3_result:356 - 主进程收集结果: /home/nju/Downloads/smt/gnu_angr.tar.gz/single_test/id/id219438, 状态: unknown
2025-06-15 13:07:47.791 | INFO     | __main__:process_z3_file:320 - [Worker] 完成: /home/nju/Downloads/smt/gnu_angr.tar.gz/single_test/id/id132674, 结果: unknown, 用时: 1200.04s
2025-06-15 13:07:47.793 | INFO     | __main__:process_z3_file:293 - [Worker] 开始处理: /home/nju/Downloads/smt/gnu_angr.tar.gz/single_test/date/date65364
2025-06-15 13:07:47.793 | INFO     | __main__:get_Z3_result:356 - 主进程收集结果: /home/nju/Downloads/smt/gnu_angr.tar.gz/single_test/id/id132674, 状态: unknown
2025-06-15 13:10:02.819 | INFO     | __main__:process_z3_file:320 - [Worker] 完成: /home/nju/Downloads/smt/gnu_angr.tar.gz/single_test/date/date65364, 结果: sat, 用时: 135.02s
2025-06-15 13:10:02.821 | INFO     | __main__:process_z3_file:293 - [Worker] 开始处理: /home/nju/Downloads/smt/gnu_angr.tar.gz/single_test/date/date131519
2025-06-15 13:10:02.821 | INFO     | __main__:get_Z3_result:356 - 主进程收集结果: /home/nju/Downloads/smt/gnu_angr.tar.gz/single_test/date/date65364, 状态: sat
2025-06-15 13:15:15.201 | INFO     | __main__:process_z3_file:320 - [Worker] 完成: /home/nju/Downloads/smt/gnu_angr.tar.gz/single_test/pinky/pinky231102, 结果: unknown, 用时: 1200.08s
2025-06-15 13:15:15.205 | INFO     | __main__:process_z3_file:293 - [Worker] 开始处理: /home/nju/Downloads/smt/gnu_angr.tar.gz/single_test/date/date21786
2025-06-15 13:15:15.205 | INFO     | __main__:get_Z3_result:356 - 主进程收集结果: /home/nju/Downloads/smt/gnu_angr.tar.gz/single_test/pinky/pinky231102, 状态: unknown
2025-06-15 13:16:21.550 | INFO     | __main__:process_z3_file:320 - [Worker] 完成: /home/nju/Downloads/smt/gnu_angr.tar.gz/single_test/pinky/pinky231980, 结果: unknown, 用时: 1200.09s
2025-06-15 13:16:21.554 | INFO     | __main__:process_z3_file:293 - [Worker] 开始处理: /home/nju/Downloads/smt/gnu_angr.tar.gz/single_test/date/date144840
2025-06-15 13:16:21.554 | INFO     | __main__:get_Z3_result:356 - 主进程收集结果: /home/nju/Downloads/smt/gnu_angr.tar.gz/single_test/pinky/pinky231980, 状态: unknown
2025-06-15 13:16:57.387 | INFO     | __main__:process_z3_file:320 - [Worker] 完成: /home/nju/Downloads/smt/gnu_angr.tar.gz/single_test/pinky/pinky232016, 结果: unknown, 用时: 1200.12s
2025-06-15 13:16:57.391 | INFO     | __main__:process_z3_file:293 - [Worker] 开始处理: /home/nju/Downloads/smt/gnu_angr.tar.gz/single_test/date/date175289
2025-06-15 13:16:57.391 | INFO     | __main__:get_Z3_result:356 - 主进程收集结果: /home/nju/Downloads/smt/gnu_angr.tar.gz/single_test/pinky/pinky232016, 状态: unknown
2025-06-15 13:20:49.890 | INFO     | __main__:process_z3_file:320 - [Worker] 完成: /home/nju/Downloads/smt/gnu_angr.tar.gz/single_test/mknod/mknod239420, 结果: unknown, 用时: 1200.08s
2025-06-15 13:20:49.891 | INFO     | __main__:process_z3_file:293 - [Worker] 开始处理: /home/nju/Downloads/smt/gnu_angr.tar.gz/single_test/date/date137979
2025-06-15 13:20:49.891 | INFO     | __main__:get_Z3_result:356 - 主进程收集结果: /home/nju/Downloads/smt/gnu_angr.tar.gz/single_test/mknod/mknod239420, 状态: unknown
2025-06-15 13:21:52.211 | INFO     | __main__:process_z3_file:320 - [Worker] 完成: /home/nju/Downloads/smt/gnu_angr.tar.gz/single_test/mknod/mknod130727, 结果: unknown, 用时: 1200.02s
2025-06-15 13:21:52.213 | INFO     | __main__:process_z3_file:293 - [Worker] 开始处理: /home/nju/Downloads/smt/gnu_angr.tar.gz/single_test/date/date47809
2025-06-15 13:21:52.213 | INFO     | __main__:get_Z3_result:356 - 主进程收集结果: /home/nju/Downloads/smt/gnu_angr.tar.gz/single_test/mknod/mknod130727, 状态: unknown
2025-06-15 13:24:10.266 | INFO     | __main__:process_z3_file:320 - [Worker] 完成: /home/nju/Downloads/smt/gnu_angr.tar.gz/single_test/date/date166559, 结果: unknown, 用时: 1200.01s
2025-06-15 13:24:10.268 | INFO     | __main__:process_z3_file:293 - [Worker] 开始处理: /home/nju/Downloads/smt/gnu_angr.tar.gz/single_test/date/date76385
2025-06-15 13:24:10.268 | INFO     | __main__:get_Z3_result:356 - 主进程收集结果: /home/nju/Downloads/smt/gnu_angr.tar.gz/single_test/date/date166559, 状态: unknown
2025-06-15 13:24:35.632 | INFO     | __main__:process_z3_file:320 - [Worker] 完成: /home/nju/Downloads/smt/gnu_angr.tar.gz/single_test/date/date47809, 结果: sat, 用时: 163.41s
2025-06-15 13:24:35.634 | INFO     | __main__:process_z3_file:293 - [Worker] 开始处理: /home/nju/Downloads/smt/gnu_angr.tar.gz/single_test/date/date190314
2025-06-15 13:24:35.634 | INFO     | __main__:get_Z3_result:356 - 主进程收集结果: /home/nju/Downloads/smt/gnu_angr.tar.gz/single_test/date/date47809, 状态: sat
2025-06-15 13:26:32.610 | INFO     | __main__:process_z3_file:320 - [Worker] 完成: /home/nju/Downloads/smt/gnu_angr.tar.gz/single_test/date/date156480, 结果: unknown, 用时: 1200.03s
2025-06-15 13:26:32.611 | INFO     | __main__:process_z3_file:293 - [Worker] 开始处理: /home/nju/Downloads/smt/gnu_angr.tar.gz/single_test/date/date37744
2025-06-15 13:26:32.611 | INFO     | __main__:get_Z3_result:356 - 主进程收集结果: /home/nju/Downloads/smt/gnu_angr.tar.gz/single_test/date/date156480, 状态: unknown
2025-06-15 13:28:14.458 | INFO     | __main__:process_z3_file:320 - [Worker] 完成: /home/nju/Downloads/smt/gnu_angr.tar.gz/single_test/date/date37744, 结果: sat, 用时: 101.84s
2025-06-15 13:28:14.460 | INFO     | __main__:process_z3_file:293 - [Worker] 开始处理: /home/nju/Downloads/smt/gnu_angr.tar.gz/single_test/date/date166732
2025-06-15 13:28:14.460 | INFO     | __main__:get_Z3_result:356 - 主进程收集结果: /home/nju/Downloads/smt/gnu_angr.tar.gz/single_test/date/date37744, 状态: sat
2025-06-15 13:30:02.834 | INFO     | __main__:process_z3_file:320 - [Worker] 完成: /home/nju/Downloads/smt/gnu_angr.tar.gz/single_test/date/date131519, 结果: unknown, 用时: 1200.01s
2025-06-15 13:30:02.835 | INFO     | __main__:process_z3_file:293 - [Worker] 开始处理: /home/nju/Downloads/smt/gnu_angr.tar.gz/single_test/date/date122167
2025-06-15 13:30:02.835 | INFO     | __main__:get_Z3_result:356 - 主进程收集结果: /home/nju/Downloads/smt/gnu_angr.tar.gz/single_test/date/date131519, 状态: unknown
2025-06-15 13:35:15.218 | INFO     | __main__:process_z3_file:320 - [Worker] 完成: /home/nju/Downloads/smt/gnu_angr.tar.gz/single_test/date/date21786, 结果: unknown, 用时: 1200.01s
2025-06-15 13:35:15.219 | INFO     | __main__:process_z3_file:293 - [Worker] 开始处理: /home/nju/Downloads/smt/gnu_angr.tar.gz/single_test/date/date37758
2025-06-15 13:35:15.219 | INFO     | __main__:get_Z3_result:356 - 主进程收集结果: /home/nju/Downloads/smt/gnu_angr.tar.gz/single_test/date/date21786, 状态: unknown
2025-06-15 13:36:21.571 | INFO     | __main__:process_z3_file:320 - [Worker] 完成: /home/nju/Downloads/smt/gnu_angr.tar.gz/single_test/date/date144840, 结果: unknown, 用时: 1200.01s
2025-06-15 13:36:21.572 | INFO     | __main__:process_z3_file:293 - [Worker] 开始处理: /home/nju/Downloads/smt/gnu_angr.tar.gz/single_test/date/date64639
2025-06-15 13:36:21.572 | INFO     | __main__:get_Z3_result:356 - 主进程收集结果: /home/nju/Downloads/smt/gnu_angr.tar.gz/single_test/date/date144840, 状态: unknown
2025-06-15 13:36:57.405 | INFO     | __main__:process_z3_file:320 - [Worker] 完成: /home/nju/Downloads/smt/gnu_angr.tar.gz/single_test/date/date175289, 结果: unknown, 用时: 1200.01s
2025-06-15 13:36:57.407 | INFO     | __main__:process_z3_file:293 - [Worker] 开始处理: /home/nju/Downloads/smt/gnu_angr.tar.gz/single_test/date/date22973
2025-06-15 13:36:57.407 | INFO     | __main__:get_Z3_result:356 - 主进程收集结果: /home/nju/Downloads/smt/gnu_angr.tar.gz/single_test/date/date175289, 状态: unknown
2025-06-15 13:37:23.944 | INFO     | __main__:process_z3_file:320 - [Worker] 完成: /home/nju/Downloads/smt/gnu_angr.tar.gz/single_test/date/date64639, 结果: sat, 用时: 62.37s
2025-06-15 13:37:23.946 | INFO     | __main__:process_z3_file:293 - [Worker] 开始处理: /home/nju/Downloads/smt/gnu_angr.tar.gz/single_test/date/date33969
2025-06-15 13:37:23.946 | INFO     | __main__:get_Z3_result:356 - 主进程收集结果: /home/nju/Downloads/smt/gnu_angr.tar.gz/single_test/date/date64639, 状态: sat
2025-06-15 13:37:31.507 | INFO     | __main__:process_z3_file:320 - [Worker] 完成: /home/nju/Downloads/smt/gnu_angr.tar.gz/single_test/date/date22973, 结果: sat, 用时: 34.09s
2025-06-15 13:37:31.509 | INFO     | __main__:process_z3_file:293 - [Worker] 开始处理: /home/nju/Downloads/smt/gnu_angr.tar.gz/single_test/date/date91933
2025-06-15 13:37:31.509 | INFO     | __main__:get_Z3_result:356 - 主进程收集结果: /home/nju/Downloads/smt/gnu_angr.tar.gz/single_test/date/date22973, 状态: sat
2025-06-15 13:37:58.642 | INFO     | __main__:process_z3_file:320 - [Worker] 完成: /home/nju/Downloads/smt/gnu_angr.tar.gz/single_test/date/date91933, 结果: sat, 用时: 27.13s
2025-06-15 13:37:58.644 | INFO     | __main__:process_z3_file:293 - [Worker] 开始处理: /home/nju/Downloads/smt/gnu_angr.tar.gz/single_test/date/date117087
2025-06-15 13:37:58.644 | INFO     | __main__:get_Z3_result:356 - 主进程收集结果: /home/nju/Downloads/smt/gnu_angr.tar.gz/single_test/date/date91933, 状态: sat
2025-06-15 13:38:33.262 | INFO     | __main__:process_z3_file:320 - [Worker] 完成: /home/nju/Downloads/smt/gnu_angr.tar.gz/single_test/date/date33969, 结果: sat, 用时: 69.31s
2025-06-15 13:38:33.264 | INFO     | __main__:process_z3_file:293 - [Worker] 开始处理: /home/nju/Downloads/smt/gnu_angr.tar.gz/single_test/date/date47807
2025-06-15 13:38:33.264 | INFO     | __main__:get_Z3_result:356 - 主进程收集结果: /home/nju/Downloads/smt/gnu_angr.tar.gz/single_test/date/date33969, 状态: sat
2025-06-15 13:40:19.502 | INFO     | __main__:process_z3_file:320 - [Worker] 完成: /home/nju/Downloads/smt/gnu_angr.tar.gz/single_test/date/date47807, 结果: sat, 用时: 106.23s
2025-06-15 13:40:19.504 | INFO     | __main__:get_Z3_result:356 - 主进程收集结果: /home/nju/Downloads/smt/gnu_angr.tar.gz/single_test/date/date47807, 状态: sat
2025-06-15 13:40:19.504 | INFO     | __main__:process_z3_file:293 - [Worker] 开始处理: /home/nju/Downloads/smt/gnu_angr.tar.gz/single_test/date/date23698
2025-06-15 13:40:49.904 | INFO     | __main__:process_z3_file:320 - [Worker] 完成: /home/nju/Downloads/smt/gnu_angr.tar.gz/single_test/date/date137979, 结果: unknown, 用时: 1200.01s
2025-06-15 13:40:49.906 | INFO     | __main__:process_z3_file:293 - [Worker] 开始处理: /home/nju/Downloads/smt/gnu_angr.tar.gz/single_test/date/date131499
2025-06-15 13:40:49.906 | INFO     | __main__:get_Z3_result:356 - 主进程收集结果: /home/nju/Downloads/smt/gnu_angr.tar.gz/single_test/date/date137979, 状态: unknown
2025-06-15 13:40:52.337 | INFO     | __main__:process_z3_file:320 - [Worker] 完成: /home/nju/Downloads/smt/gnu_angr.tar.gz/single_test/date/date23698, 结果: sat, 用时: 32.83s
2025-06-15 13:40:52.339 | INFO     | __main__:process_z3_file:293 - [Worker] 开始处理: /home/nju/Downloads/smt/gnu_angr.tar.gz/single_test/date/date65944
2025-06-15 13:40:52.339 | INFO     | __main__:get_Z3_result:356 - 主进程收集结果: /home/nju/Downloads/smt/gnu_angr.tar.gz/single_test/date/date23698, 状态: sat
2025-06-15 13:41:02.133 | INFO     | __main__:process_z3_file:320 - [Worker] 完成: /home/nju/Downloads/smt/gnu_angr.tar.gz/single_test/date/date65944, 结果: sat, 用时: 9.79s
2025-06-15 13:41:02.134 | INFO     | __main__:process_z3_file:293 - [Worker] 开始处理: /home/nju/Downloads/smt/gnu_angr.tar.gz/single_test/date/date65941
2025-06-15 13:41:02.134 | INFO     | __main__:get_Z3_result:356 - 主进程收集结果: /home/nju/Downloads/smt/gnu_angr.tar.gz/single_test/date/date65944, 状态: sat
2025-06-15 13:43:14.372 | INFO     | __main__:process_z3_file:320 - [Worker] 完成: /home/nju/Downloads/smt/gnu_angr.tar.gz/single_test/date/date65941, 结果: sat, 用时: 132.23s
2025-06-15 13:43:14.373 | INFO     | __main__:process_z3_file:293 - [Worker] 开始处理: /home/nju/Downloads/smt/gnu_angr.tar.gz/single_test/date/date128353
2025-06-15 13:43:14.374 | INFO     | __main__:get_Z3_result:356 - 主进程收集结果: /home/nju/Downloads/smt/gnu_angr.tar.gz/single_test/date/date65941, 状态: sat
2025-06-15 13:44:10.281 | INFO     | __main__:process_z3_file:320 - [Worker] 完成: /home/nju/Downloads/smt/gnu_angr.tar.gz/single_test/date/date76385, 结果: unknown, 用时: 1200.01s
2025-06-15 13:44:10.282 | INFO     | __main__:process_z3_file:293 - [Worker] 开始处理: /home/nju/Downloads/smt/gnu_angr.tar.gz/single_test/date/date145885
2025-06-15 13:44:10.282 | INFO     | __main__:get_Z3_result:356 - 主进程收集结果: /home/nju/Downloads/smt/gnu_angr.tar.gz/single_test/date/date76385, 状态: unknown
2025-06-15 13:44:35.648 | INFO     | __main__:process_z3_file:320 - [Worker] 完成: /home/nju/Downloads/smt/gnu_angr.tar.gz/single_test/date/date190314, 结果: unknown, 用时: 1200.01s
2025-06-15 13:44:35.650 | INFO     | __main__:process_z3_file:293 - [Worker] 开始处理: /home/nju/Downloads/smt/gnu_angr.tar.gz/single_test/date/date139318
2025-06-15 13:44:35.650 | INFO     | __main__:get_Z3_result:356 - 主进程收集结果: /home/nju/Downloads/smt/gnu_angr.tar.gz/single_test/date/date190314, 状态: unknown
2025-06-15 13:48:14.474 | INFO     | __main__:process_z3_file:320 - [Worker] 完成: /home/nju/Downloads/smt/gnu_angr.tar.gz/single_test/date/date166732, 结果: unknown, 用时: 1200.01s
2025-06-15 13:48:14.475 | INFO     | __main__:process_z3_file:293 - [Worker] 开始处理: /home/nju/Downloads/smt/gnu_angr.tar.gz/single_test/date/date194063
2025-06-15 13:48:14.476 | INFO     | __main__:get_Z3_result:356 - 主进程收集结果: /home/nju/Downloads/smt/gnu_angr.tar.gz/single_test/date/date166732, 状态: unknown
2025-06-15 13:50:02.849 | INFO     | __main__:process_z3_file:320 - [Worker] 完成: /home/nju/Downloads/smt/gnu_angr.tar.gz/single_test/date/date122167, 结果: unknown, 用时: 1200.01s
2025-06-15 13:50:02.850 | INFO     | __main__:process_z3_file:293 - [Worker] 开始处理: /home/nju/Downloads/smt/gnu_angr.tar.gz/single_test/date/date161721
2025-06-15 13:50:02.851 | INFO     | __main__:get_Z3_result:356 - 主进程收集结果: /home/nju/Downloads/smt/gnu_angr.tar.gz/single_test/date/date122167, 状态: unknown
2025-06-15 13:55:15.231 | INFO     | __main__:process_z3_file:320 - [Worker] 完成: /home/nju/Downloads/smt/gnu_angr.tar.gz/single_test/date/date37758, 结果: unknown, 用时: 1200.01s
2025-06-15 13:55:15.233 | INFO     | __main__:process_z3_file:293 - [Worker] 开始处理: /home/nju/Downloads/smt/gnu_angr.tar.gz/single_test/date/date92629
2025-06-15 13:55:15.233 | INFO     | __main__:get_Z3_result:356 - 主进程收集结果: /home/nju/Downloads/smt/gnu_angr.tar.gz/single_test/date/date37758, 状态: unknown
2025-06-15 13:57:42.937 | INFO     | __main__:process_z3_file:320 - [Worker] 完成: /home/nju/Downloads/smt/gnu_angr.tar.gz/single_test/date/date92629, 结果: sat, 用时: 147.70s
2025-06-15 13:57:42.939 | INFO     | __main__:process_z3_file:293 - [Worker] 开始处理: /home/nju/Downloads/smt/gnu_angr.tar.gz/single_test/head/head53264
2025-06-15 13:57:42.939 | INFO     | __main__:get_Z3_result:356 - 主进程收集结果: /home/nju/Downloads/smt/gnu_angr.tar.gz/single_test/date/date92629, 状态: sat
2025-06-15 13:57:58.659 | INFO     | __main__:process_z3_file:320 - [Worker] 完成: /home/nju/Downloads/smt/gnu_angr.tar.gz/single_test/date/date117087, 结果: unknown, 用时: 1200.01s
2025-06-15 13:57:58.660 | INFO     | __main__:process_z3_file:293 - [Worker] 开始处理: /home/nju/Downloads/smt/gnu_angr.tar.gz/single_test/head/head112929
2025-06-15 13:57:58.660 | INFO     | __main__:get_Z3_result:356 - 主进程收集结果: /home/nju/Downloads/smt/gnu_angr.tar.gz/single_test/date/date117087, 状态: unknown
2025-06-15 14:00:49.945 | INFO     | __main__:process_z3_file:320 - [Worker] 完成: /home/nju/Downloads/smt/gnu_angr.tar.gz/single_test/date/date131499, 结果: unknown, 用时: 1200.03s
2025-06-15 14:00:49.946 | INFO     | __main__:process_z3_file:293 - [Worker] 开始处理: /home/nju/Downloads/smt/gnu_angr.tar.gz/single_test/head/head52110
2025-06-15 14:00:49.946 | INFO     | __main__:get_Z3_result:356 - 主进程收集结果: /home/nju/Downloads/smt/gnu_angr.tar.gz/single_test/date/date131499, 状态: unknown
2025-06-15 14:01:13.707 | INFO     | __main__:process_z3_file:320 - [Worker] 完成: /home/nju/Downloads/smt/gnu_angr.tar.gz/single_test/head/head112929, 结果: sat, 用时: 195.04s
2025-06-15 14:01:13.709 | INFO     | __main__:process_z3_file:293 - [Worker] 开始处理: /home/nju/Downloads/smt/gnu_angr.tar.gz/single_test/head/head50472
2025-06-15 14:01:13.709 | INFO     | __main__:get_Z3_result:356 - 主进程收集结果: /home/nju/Downloads/smt/gnu_angr.tar.gz/single_test/head/head112929, 状态: sat
2025-06-15 14:01:57.670 | INFO     | __main__:process_z3_file:320 - [Worker] 完成: /home/nju/Downloads/smt/gnu_angr.tar.gz/single_test/head/head50472, 结果: sat, 用时: 43.95s
2025-06-15 14:01:57.671 | INFO     | __main__:process_z3_file:293 - [Worker] 开始处理: /home/nju/Downloads/smt/gnu_angr.tar.gz/single_test/head/head51801
2025-06-15 14:01:57.671 | INFO     | __main__:get_Z3_result:356 - 主进程收集结果: /home/nju/Downloads/smt/gnu_angr.tar.gz/single_test/head/head50472, 状态: sat
2025-06-15 14:01:59.639 | INFO     | __main__:process_z3_file:320 - [Worker] 完成: /home/nju/Downloads/smt/gnu_angr.tar.gz/single_test/head/head52110, 结果: sat, 用时: 69.69s
2025-06-15 14:01:59.641 | INFO     | __main__:process_z3_file:293 - [Worker] 开始处理: /home/nju/Downloads/smt/gnu_angr.tar.gz/single_test/head/head51283
2025-06-15 14:01:59.641 | INFO     | __main__:get_Z3_result:356 - 主进程收集结果: /home/nju/Downloads/smt/gnu_angr.tar.gz/single_test/head/head52110, 状态: sat
2025-06-15 14:03:14.203 | INFO     | __main__:process_z3_file:320 - [Worker] 完成: /home/nju/Downloads/smt/gnu_angr.tar.gz/single_test/head/head51283, 结果: sat, 用时: 74.56s
2025-06-15 14:03:14.205 | INFO     | __main__:process_z3_file:293 - [Worker] 开始处理: /home/nju/Downloads/smt/gnu_angr.tar.gz/single_test/test/test208139
2025-06-15 14:03:14.205 | INFO     | __main__:get_Z3_result:356 - 主进程收集结果: /home/nju/Downloads/smt/gnu_angr.tar.gz/single_test/head/head51283, 状态: sat
2025-06-15 14:03:14.389 | INFO     | __main__:process_z3_file:320 - [Worker] 完成: /home/nju/Downloads/smt/gnu_angr.tar.gz/single_test/date/date128353, 结果: unknown, 用时: 1200.01s
2025-06-15 14:03:14.390 | INFO     | __main__:process_z3_file:293 - [Worker] 开始处理: /home/nju/Downloads/smt/gnu_angr.tar.gz/single_test/test/test130137
2025-06-15 14:03:14.390 | INFO     | __main__:get_Z3_result:356 - 主进程收集结果: /home/nju/Downloads/smt/gnu_angr.tar.gz/single_test/date/date128353, 状态: unknown
2025-06-15 14:04:00.221 | INFO     | __main__:process_z3_file:320 - [Worker] 完成: /home/nju/Downloads/smt/gnu_angr.tar.gz/single_test/head/head53264, 结果: sat, 用时: 377.27s
2025-06-15 14:04:00.222 | INFO     | __main__:process_z3_file:293 - [Worker] 开始处理: /home/nju/Downloads/smt/gnu_angr.tar.gz/single_test/test/test193616
2025-06-15 14:04:00.222 | INFO     | __main__:get_Z3_result:356 - 主进程收集结果: /home/nju/Downloads/smt/gnu_angr.tar.gz/single_test/head/head53264, 状态: sat
2025-06-15 14:04:10.293 | INFO     | __main__:process_z3_file:320 - [Worker] 完成: /home/nju/Downloads/smt/gnu_angr.tar.gz/single_test/date/date145885, 结果: unknown, 用时: 1200.01s
2025-06-15 14:04:10.294 | INFO     | __main__:process_z3_file:293 - [Worker] 开始处理: /home/nju/Downloads/smt/gnu_angr.tar.gz/single_test/mkfifo/mkfifo29622
2025-06-15 14:04:10.294 | INFO     | __main__:get_Z3_result:356 - 主进程收集结果: /home/nju/Downloads/smt/gnu_angr.tar.gz/single_test/date/date145885, 状态: unknown
2025-06-15 14:04:13.925 | INFO     | __main__:process_z3_file:320 - [Worker] 完成: /home/nju/Downloads/smt/gnu_angr.tar.gz/single_test/head/head51801, 结果: sat, 用时: 136.25s
2025-06-15 14:04:13.926 | INFO     | __main__:process_z3_file:293 - [Worker] 开始处理: /home/nju/Downloads/smt/gnu_angr.tar.gz/single_test/mkfifo/mkfifo29997
2025-06-15 14:04:13.927 | INFO     | __main__:get_Z3_result:356 - 主进程收集结果: /home/nju/Downloads/smt/gnu_angr.tar.gz/single_test/head/head51801, 状态: sat
2025-06-15 14:04:35.663 | INFO     | __main__:process_z3_file:320 - [Worker] 完成: /home/nju/Downloads/smt/gnu_angr.tar.gz/single_test/date/date139318, 结果: unknown, 用时: 1200.01s
2025-06-15 14:04:35.664 | INFO     | __main__:process_z3_file:293 - [Worker] 开始处理: /home/nju/Downloads/smt/gnu_angr.tar.gz/single_test/mkfifo/mkfifo29811
2025-06-15 14:04:35.664 | INFO     | __main__:get_Z3_result:356 - 主进程收集结果: /home/nju/Downloads/smt/gnu_angr.tar.gz/single_test/date/date139318, 状态: unknown
2025-06-15 14:08:14.487 | INFO     | __main__:process_z3_file:320 - [Worker] 完成: /home/nju/Downloads/smt/gnu_angr.tar.gz/single_test/date/date194063, 结果: unknown, 用时: 1200.01s
2025-06-15 14:08:14.488 | INFO     | __main__:process_z3_file:293 - [Worker] 开始处理: /home/nju/Downloads/smt/gnu_angr.tar.gz/single_test/mkfifo/mkfifo31343
2025-06-15 14:08:14.488 | INFO     | __main__:get_Z3_result:356 - 主进程收集结果: /home/nju/Downloads/smt/gnu_angr.tar.gz/single_test/date/date194063, 状态: unknown
2025-06-15 14:10:02.863 | INFO     | __main__:process_z3_file:320 - [Worker] 完成: /home/nju/Downloads/smt/gnu_angr.tar.gz/single_test/date/date161721, 结果: unknown, 用时: 1200.01s
2025-06-15 14:10:02.864 | INFO     | __main__:process_z3_file:293 - [Worker] 开始处理: /home/nju/Downloads/smt/gnu_angr.tar.gz/single_test/mkfifo/mkfifo31870
2025-06-15 14:10:02.864 | INFO     | __main__:get_Z3_result:356 - 主进程收集结果: /home/nju/Downloads/smt/gnu_angr.tar.gz/single_test/date/date161721, 状态: unknown
2025-06-15 14:22:30.505 | INFO     | __main__:process_z3_file:320 - [Worker] 完成: /home/nju/Downloads/smt/gnu_angr.tar.gz/single_test/test/test130137, 结果: unsat, 用时: 1156.11s
2025-06-15 14:22:30.507 | INFO     | __main__:process_z3_file:293 - [Worker] 开始处理: /home/nju/Downloads/smt/gnu_angr.tar.gz/single_test/sleep/sleep27002
2025-06-15 14:22:30.507 | INFO     | __main__:get_Z3_result:356 - 主进程收集结果: /home/nju/Downloads/smt/gnu_angr.tar.gz/single_test/test/test130137, 状态: unsat
2025-06-15 14:23:14.329 | INFO     | __main__:process_z3_file:320 - [Worker] 完成: /home/nju/Downloads/smt/gnu_angr.tar.gz/single_test/test/test208139, 结果: unknown, 用时: 1200.12s
2025-06-15 14:23:14.330 | INFO     | __main__:process_z3_file:293 - [Worker] 开始处理: /home/nju/Downloads/smt/gnu_angr.tar.gz/single_test/sleep/sleep23854
2025-06-15 14:23:14.330 | INFO     | __main__:get_Z3_result:356 - 主进程收集结果: /home/nju/Downloads/smt/gnu_angr.tar.gz/single_test/test/test208139, 状态: unknown
2025-06-15 14:24:00.236 | INFO     | __main__:process_z3_file:320 - [Worker] 完成: /home/nju/Downloads/smt/gnu_angr.tar.gz/single_test/test/test193616, 结果: unknown, 用时: 1200.01s
2025-06-15 14:24:00.237 | INFO     | __main__:process_z3_file:293 - [Worker] 开始处理: /home/nju/Downloads/smt/gnu_angr.tar.gz/single_test/unlink/unlink24743
2025-06-15 14:24:00.237 | INFO     | __main__:get_Z3_result:356 - 主进程收集结果: /home/nju/Downloads/smt/gnu_angr.tar.gz/single_test/test/test193616, 状态: unknown
2025-06-15 14:24:10.336 | INFO     | __main__:process_z3_file:320 - [Worker] 完成: /home/nju/Downloads/smt/gnu_angr.tar.gz/single_test/mkfifo/mkfifo29622, 结果: unknown, 用时: 1200.04s
2025-06-15 14:24:10.337 | INFO     | __main__:process_z3_file:293 - [Worker] 开始处理: /home/nju/Downloads/smt/gnu_angr.tar.gz/single_test/unlink/unlink25985
2025-06-15 14:24:10.337 | INFO     | __main__:get_Z3_result:356 - 主进程收集结果: /home/nju/Downloads/smt/gnu_angr.tar.gz/single_test/mkfifo/mkfifo29622, 状态: unknown
2025-06-15 14:24:13.941 | INFO     | __main__:process_z3_file:320 - [Worker] 完成: /home/nju/Downloads/smt/gnu_angr.tar.gz/single_test/mkfifo/mkfifo29997, 结果: unknown, 用时: 1200.01s
2025-06-15 14:24:13.943 | INFO     | __main__:process_z3_file:293 - [Worker] 开始处理: /home/nju/Downloads/smt/gnu_angr.tar.gz/single_test/unlink/unlink28988
2025-06-15 14:24:13.943 | INFO     | __main__:get_Z3_result:356 - 主进程收集结果: /home/nju/Downloads/smt/gnu_angr.tar.gz/single_test/mkfifo/mkfifo29997, 状态: unknown
2025-06-15 14:24:35.678 | INFO     | __main__:process_z3_file:320 - [Worker] 完成: /home/nju/Downloads/smt/gnu_angr.tar.gz/single_test/mkfifo/mkfifo29811, 结果: unknown, 用时: 1200.01s
2025-06-15 14:24:35.679 | INFO     | __main__:process_z3_file:293 - [Worker] 开始处理: /home/nju/Downloads/smt/gnu_angr.tar.gz/single_test/unlink/unlink24924
2025-06-15 14:24:35.680 | INFO     | __main__:get_Z3_result:356 - 主进程收集结果: /home/nju/Downloads/smt/gnu_angr.tar.gz/single_test/mkfifo/mkfifo29811, 状态: unknown
2025-06-15 14:28:14.503 | INFO     | __main__:process_z3_file:320 - [Worker] 完成: /home/nju/Downloads/smt/gnu_angr.tar.gz/single_test/mkfifo/mkfifo31343, 结果: unknown, 用时: 1200.01s
2025-06-15 14:28:14.505 | INFO     | __main__:process_z3_file:293 - [Worker] 开始处理: /home/nju/Downloads/smt/gnu_angr.tar.gz/single_test/md5sum/md5sum18121
2025-06-15 14:28:14.505 | INFO     | __main__:get_Z3_result:356 - 主进程收集结果: /home/nju/Downloads/smt/gnu_angr.tar.gz/single_test/mkfifo/mkfifo31343, 状态: unknown
2025-06-15 14:30:02.887 | INFO     | __main__:process_z3_file:320 - [Worker] 完成: /home/nju/Downloads/smt/gnu_angr.tar.gz/single_test/mkfifo/mkfifo31870, 结果: unknown, 用时: 1200.02s
2025-06-15 14:30:02.889 | INFO     | __main__:process_z3_file:293 - [Worker] 开始处理: /home/nju/Downloads/smt/gnu_angr.tar.gz/single_test/md5sum/md5sum23174
2025-06-15 14:30:02.889 | INFO     | __main__:get_Z3_result:356 - 主进程收集结果: /home/nju/Downloads/smt/gnu_angr.tar.gz/single_test/mkfifo/mkfifo31870, 状态: unknown
2025-06-15 14:42:30.532 | INFO     | __main__:process_z3_file:320 - [Worker] 完成: /home/nju/Downloads/smt/gnu_angr.tar.gz/single_test/sleep/sleep27002, 结果: unknown, 用时: 1200.02s
2025-06-15 14:42:30.534 | INFO     | __main__:process_z3_file:293 - [Worker] 开始处理: /home/nju/Downloads/smt/gnu_angr.tar.gz/single_test/readlink/readlink118550
2025-06-15 14:42:30.534 | INFO     | __main__:get_Z3_result:356 - 主进程收集结果: /home/nju/Downloads/smt/gnu_angr.tar.gz/single_test/sleep/sleep27002, 状态: unknown
2025-06-15 14:43:14.354 | INFO     | __main__:process_z3_file:320 - [Worker] 完成: /home/nju/Downloads/smt/gnu_angr.tar.gz/single_test/sleep/sleep23854, 结果: unknown, 用时: 1200.02s
2025-06-15 14:43:14.355 | INFO     | __main__:process_z3_file:293 - [Worker] 开始处理: /home/nju/Downloads/smt/gnu_angr.tar.gz/single_test/readlink/readlink156511
2025-06-15 14:43:14.355 | INFO     | __main__:get_Z3_result:356 - 主进程收集结果: /home/nju/Downloads/smt/gnu_angr.tar.gz/single_test/sleep/sleep23854, 状态: unknown
2025-06-15 14:44:00.255 | INFO     | __main__:process_z3_file:320 - [Worker] 完成: /home/nju/Downloads/smt/gnu_angr.tar.gz/single_test/unlink/unlink24743, 结果: unknown, 用时: 1200.01s
2025-06-15 14:44:00.256 | INFO     | __main__:process_z3_file:293 - [Worker] 开始处理: /home/nju/Downloads/smt/gnu_angr.tar.gz/single_test/readlink/readlink153147
2025-06-15 14:44:00.256 | INFO     | __main__:get_Z3_result:356 - 主进程收集结果: /home/nju/Downloads/smt/gnu_angr.tar.gz/single_test/unlink/unlink24743, 状态: unknown
2025-06-15 14:44:10.357 | INFO     | __main__:process_z3_file:320 - [Worker] 完成: /home/nju/Downloads/smt/gnu_angr.tar.gz/single_test/unlink/unlink25985, 结果: unknown, 用时: 1200.02s
2025-06-15 14:44:10.359 | INFO     | __main__:process_z3_file:293 - [Worker] 开始处理: /home/nju/Downloads/smt/gnu_angr.tar.gz/single_test/readlink/readlink158702
2025-06-15 14:44:10.359 | INFO     | __main__:get_Z3_result:356 - 主进程收集结果: /home/nju/Downloads/smt/gnu_angr.tar.gz/single_test/unlink/unlink25985, 状态: unknown
2025-06-15 14:44:14.052 | INFO     | __main__:process_z3_file:320 - [Worker] 完成: /home/nju/Downloads/smt/gnu_angr.tar.gz/single_test/unlink/unlink28988, 结果: unknown, 用时: 1200.10s
2025-06-15 14:44:14.053 | INFO     | __main__:process_z3_file:293 - [Worker] 开始处理: /home/nju/Downloads/smt/gnu_angr.tar.gz/single_test/readlink/readlink151890
2025-06-15 14:44:14.053 | INFO     | __main__:get_Z3_result:356 - 主进程收集结果: /home/nju/Downloads/smt/gnu_angr.tar.gz/single_test/unlink/unlink28988, 状态: unknown
2025-06-15 14:44:35.698 | INFO     | __main__:process_z3_file:320 - [Worker] 完成: /home/nju/Downloads/smt/gnu_angr.tar.gz/single_test/unlink/unlink24924, 结果: unknown, 用时: 1200.01s
2025-06-15 14:44:35.699 | INFO     | __main__:process_z3_file:293 - [Worker] 开始处理: /home/nju/Downloads/smt/gnu_angr.tar.gz/single_test/tty/tty21899
2025-06-15 14:44:35.699 | INFO     | __main__:get_Z3_result:356 - 主进程收集结果: /home/nju/Downloads/smt/gnu_angr.tar.gz/single_test/unlink/unlink24924, 状态: unknown
2025-06-15 14:47:32.211 | INFO     | __main__:process_z3_file:320 - [Worker] 完成: /home/nju/Downloads/smt/gnu_angr.tar.gz/single_test/readlink/readlink151890, 结果: unsat, 用时: 198.15s
2025-06-15 14:47:32.212 | INFO     | __main__:process_z3_file:293 - [Worker] 开始处理: /home/nju/Downloads/smt/gnu_angr.tar.gz/single_test/tty/tty25069
2025-06-15 14:47:32.212 | INFO     | __main__:get_Z3_result:356 - 主进程收集结果: /home/nju/Downloads/smt/gnu_angr.tar.gz/single_test/readlink/readlink151890, 状态: unsat
2025-06-15 14:47:50.781 | INFO     | __main__:process_z3_file:320 - [Worker] 完成: /home/nju/Downloads/smt/gnu_angr.tar.gz/single_test/readlink/readlink153147, 结果: unsat, 用时: 230.52s
2025-06-15 14:47:50.783 | INFO     | __main__:process_z3_file:293 - [Worker] 开始处理: /home/nju/Downloads/smt/gnu_angr.tar.gz/single_test/tty/tty28728
2025-06-15 14:47:50.783 | INFO     | __main__:get_Z3_result:356 - 主进程收集结果: /home/nju/Downloads/smt/gnu_angr.tar.gz/single_test/readlink/readlink153147, 状态: unsat
2025-06-15 14:48:14.519 | INFO     | __main__:process_z3_file:320 - [Worker] 完成: /home/nju/Downloads/smt/gnu_angr.tar.gz/single_test/md5sum/md5sum18121, 结果: unknown, 用时: 1200.01s
2025-06-15 14:48:14.520 | INFO     | __main__:process_z3_file:293 - [Worker] 开始处理: /home/nju/Downloads/smt/gnu_angr.tar.gz/single_test/tty/tty19927
2025-06-15 14:48:14.520 | INFO     | __main__:get_Z3_result:356 - 主进程收集结果: /home/nju/Downloads/smt/gnu_angr.tar.gz/single_test/md5sum/md5sum18121, 状态: unknown
2025-06-15 14:50:02.925 | INFO     | __main__:process_z3_file:320 - [Worker] 完成: /home/nju/Downloads/smt/gnu_angr.tar.gz/single_test/md5sum/md5sum23174, 结果: unknown, 用时: 1200.03s
2025-06-15 14:50:02.926 | INFO     | __main__:process_z3_file:293 - [Worker] 开始处理: /home/nju/Downloads/smt/gnu_angr.tar.gz/single_test/tty/tty25408
2025-06-15 14:50:02.926 | INFO     | __main__:get_Z3_result:356 - 主进程收集结果: /home/nju/Downloads/smt/gnu_angr.tar.gz/single_test/md5sum/md5sum23174, 状态: unknown
2025-06-15 15:02:30.576 | INFO     | __main__:process_z3_file:320 - [Worker] 完成: /home/nju/Downloads/smt/gnu_angr.tar.gz/single_test/readlink/readlink118550, 结果: unknown, 用时: 1200.04s
2025-06-15 15:02:30.577 | INFO     | __main__:process_z3_file:293 - [Worker] 开始处理: /home/nju/Downloads/smt/gnu_angr.tar.gz/single_test/dir/dir475427
2025-06-15 15:02:30.577 | INFO     | __main__:get_Z3_result:356 - 主进程收集结果: /home/nju/Downloads/smt/gnu_angr.tar.gz/single_test/readlink/readlink118550, 状态: unknown
2025-06-15 15:03:14.368 | INFO     | __main__:process_z3_file:320 - [Worker] 完成: /home/nju/Downloads/smt/gnu_angr.tar.gz/single_test/readlink/readlink156511, 结果: unknown, 用时: 1200.01s
2025-06-15 15:03:14.369 | INFO     | __main__:process_z3_file:293 - [Worker] 开始处理: /home/nju/Downloads/smt/gnu_angr.tar.gz/single_test/rm/rm300038
2025-06-15 15:03:14.369 | INFO     | __main__:get_Z3_result:356 - 主进程收集结果: /home/nju/Downloads/smt/gnu_angr.tar.gz/single_test/readlink/readlink156511, 状态: unknown
2025-06-15 15:04:10.395 | INFO     | __main__:process_z3_file:320 - [Worker] 完成: /home/nju/Downloads/smt/gnu_angr.tar.gz/single_test/readlink/readlink158702, 结果: unknown, 用时: 1200.03s
2025-06-15 15:04:10.396 | INFO     | __main__:process_z3_file:293 - [Worker] 开始处理: /home/nju/Downloads/smt/gnu_angr.tar.gz/single_test/tail/tail175903
2025-06-15 15:04:10.396 | INFO     | __main__:get_Z3_result:356 - 主进程收集结果: /home/nju/Downloads/smt/gnu_angr.tar.gz/single_test/readlink/readlink158702, 状态: unknown
2025-06-15 15:04:35.717 | INFO     | __main__:process_z3_file:320 - [Worker] 完成: /home/nju/Downloads/smt/gnu_angr.tar.gz/single_test/tty/tty21899, 结果: unknown, 用时: 1200.01s
2025-06-15 15:04:35.718 | INFO     | __main__:process_z3_file:293 - [Worker] 开始处理: /home/nju/Downloads/smt/gnu_angr.tar.gz/single_test/tail/tail209955
2025-06-15 15:04:35.718 | INFO     | __main__:get_Z3_result:356 - 主进程收集结果: /home/nju/Downloads/smt/gnu_angr.tar.gz/single_test/tty/tty21899, 状态: unknown
2025-06-15 15:05:22.153 | INFO     | __main__:process_z3_file:320 - [Worker] 完成: /home/nju/Downloads/smt/gnu_angr.tar.gz/single_test/tail/tail175903, 结果: sat, 用时: 71.75s
2025-06-15 15:05:22.155 | INFO     | __main__:process_z3_file:293 - [Worker] 开始处理: /home/nju/Downloads/smt/gnu_angr.tar.gz/single_test/tail/tail151521
2025-06-15 15:05:22.155 | INFO     | __main__:get_Z3_result:356 - 主进程收集结果: /home/nju/Downloads/smt/gnu_angr.tar.gz/single_test/tail/tail175903, 状态: sat
2025-06-15 15:07:32.330 | INFO     | __main__:process_z3_file:320 - [Worker] 完成: /home/nju/Downloads/smt/gnu_angr.tar.gz/single_test/tty/tty25069, 结果: unknown, 用时: 1200.11s
2025-06-15 15:07:32.331 | INFO     | __main__:process_z3_file:293 - [Worker] 开始处理: /home/nju/Downloads/smt/gnu_angr.tar.gz/single_test/tail/tail209178
2025-06-15 15:07:32.331 | INFO     | __main__:get_Z3_result:356 - 主进程收集结果: /home/nju/Downloads/smt/gnu_angr.tar.gz/single_test/tty/tty25069, 状态: unknown
2025-06-15 15:07:50.428 | INFO     | __main__:process_z3_file:320 - [Worker] 完成: /home/nju/Downloads/smt/gnu_angr.tar.gz/single_test/tail/tail209955, 结果: sat, 用时: 194.70s
2025-06-15 15:07:50.430 | INFO     | __main__:process_z3_file:293 - [Worker] 开始处理: /home/nju/Downloads/smt/gnu_angr.tar.gz/single_test/tail/tail152129
2025-06-15 15:07:50.430 | INFO     | __main__:get_Z3_result:356 - 主进程收集结果: /home/nju/Downloads/smt/gnu_angr.tar.gz/single_test/tail/tail209955, 状态: sat
2025-06-15 15:07:50.807 | INFO     | __main__:process_z3_file:320 - [Worker] 完成: /home/nju/Downloads/smt/gnu_angr.tar.gz/single_test/tty/tty28728, 结果: unknown, 用时: 1200.02s
2025-06-15 15:07:50.808 | INFO     | __main__:process_z3_file:293 - [Worker] 开始处理: /home/nju/Downloads/smt/gnu_angr.tar.gz/single_test/tail/tail209684
2025-06-15 15:07:50.808 | INFO     | __main__:get_Z3_result:356 - 主进程收集结果: /home/nju/Downloads/smt/gnu_angr.tar.gz/single_test/tty/tty28728, 状态: unknown
2025-06-15 15:08:14.607 | INFO     | __main__:process_z3_file:320 - [Worker] 完成: /home/nju/Downloads/smt/gnu_angr.tar.gz/single_test/tty/tty19927, 结果: unknown, 用时: 1200.08s
2025-06-15 15:08:14.608 | INFO     | __main__:process_z3_file:293 - [Worker] 开始处理: /home/nju/Downloads/smt/gnu_angr.tar.gz/single_test/tail/tail175902
2025-06-15 15:08:14.608 | INFO     | __main__:get_Z3_result:356 - 主进程收集结果: /home/nju/Downloads/smt/gnu_angr.tar.gz/single_test/tty/tty19927, 状态: unknown
2025-06-15 15:08:14.975 | INFO     | __main__:process_z3_file:320 - [Worker] 完成: /home/nju/Downloads/smt/gnu_angr.tar.gz/single_test/tail/tail151521, 结果: sat, 用时: 172.81s
2025-06-15 15:08:14.977 | INFO     | __main__:process_z3_file:293 - [Worker] 开始处理: /home/nju/Downloads/smt/gnu_angr.tar.gz/single_test/tail/tail151522
2025-06-15 15:08:14.977 | INFO     | __main__:get_Z3_result:356 - 主进程收集结果: /home/nju/Downloads/smt/gnu_angr.tar.gz/single_test/tail/tail151521, 状态: sat
2025-06-15 15:08:42.896 | INFO     | __main__:process_z3_file:320 - [Worker] 完成: /home/nju/Downloads/smt/gnu_angr.tar.gz/single_test/tail/tail151522, 结果: sat, 用时: 27.91s
2025-06-15 15:08:42.897 | INFO     | __main__:process_z3_file:293 - [Worker] 开始处理: /home/nju/Downloads/smt/gnu_angr.tar.gz/single_test/tail/tail152083
2025-06-15 15:08:42.897 | INFO     | __main__:get_Z3_result:356 - 主进程收集结果: /home/nju/Downloads/smt/gnu_angr.tar.gz/single_test/tail/tail151522, 状态: sat
2025-06-15 15:08:46.067 | INFO     | __main__:process_z3_file:320 - [Worker] 完成: /home/nju/Downloads/smt/gnu_angr.tar.gz/single_test/tail/tail209178, 结果: sat, 用时: 73.73s
2025-06-15 15:08:46.068 | INFO     | __main__:process_z3_file:293 - [Worker] 开始处理: /home/nju/Downloads/smt/gnu_angr.tar.gz/single_test/tail/tail210468
2025-06-15 15:08:46.068 | INFO     | __main__:get_Z3_result:356 - 主进程收集结果: /home/nju/Downloads/smt/gnu_angr.tar.gz/single_test/tail/tail209178, 状态: sat
2025-06-15 15:09:01.488 | INFO     | __main__:process_z3_file:320 - [Worker] 完成: /home/nju/Downloads/smt/gnu_angr.tar.gz/single_test/tail/tail152083, 结果: sat, 用时: 18.58s
2025-06-15 15:09:01.490 | INFO     | __main__:process_z3_file:293 - [Worker] 开始处理: /home/nju/Downloads/smt/gnu_angr.tar.gz/single_test/tail/tail209195
2025-06-15 15:09:01.490 | INFO     | __main__:get_Z3_result:356 - 主进程收集结果: /home/nju/Downloads/smt/gnu_angr.tar.gz/single_test/tail/tail152083, 状态: sat
2025-06-15 15:10:03.016 | INFO     | __main__:process_z3_file:320 - [Worker] 完成: /home/nju/Downloads/smt/gnu_angr.tar.gz/single_test/tty/tty25408, 结果: unknown, 用时: 1200.09s
2025-06-15 15:10:03.018 | INFO     | __main__:process_z3_file:293 - [Worker] 开始处理: /home/nju/Downloads/smt/gnu_angr.tar.gz/single_test/tail/tail209626
2025-06-15 15:10:03.018 | INFO     | __main__:get_Z3_result:356 - 主进程收集结果: /home/nju/Downloads/smt/gnu_angr.tar.gz/single_test/tty/tty25408, 状态: unknown
2025-06-15 15:10:21.678 | INFO     | __main__:process_z3_file:320 - [Worker] 完成: /home/nju/Downloads/smt/gnu_angr.tar.gz/single_test/tail/tail175902, 结果: sat, 用时: 127.06s
2025-06-15 15:10:21.679 | INFO     | __main__:process_z3_file:293 - [Worker] 开始处理: /home/nju/Downloads/smt/gnu_angr.tar.gz/single_test/tail/tail94436
2025-06-15 15:10:21.679 | INFO     | __main__:get_Z3_result:356 - 主进程收集结果: /home/nju/Downloads/smt/gnu_angr.tar.gz/single_test/tail/tail175902, 状态: sat
2025-06-15 15:10:34.086 | INFO     | __main__:process_z3_file:320 - [Worker] 完成: /home/nju/Downloads/smt/gnu_angr.tar.gz/single_test/tail/tail209684, 结果: sat, 用时: 163.27s
2025-06-15 15:10:34.088 | INFO     | __main__:process_z3_file:293 - [Worker] 开始处理: /home/nju/Downloads/smt/gnu_angr.tar.gz/single_test/tail/tail151419
2025-06-15 15:10:34.088 | INFO     | __main__:get_Z3_result:356 - 主进程收集结果: /home/nju/Downloads/smt/gnu_angr.tar.gz/single_test/tail/tail209684, 状态: sat
2025-06-15 15:11:21.710 | INFO     | __main__:process_z3_file:320 - [Worker] 完成: /home/nju/Downloads/smt/gnu_angr.tar.gz/single_test/tail/tail209195, 结果: sat, 用时: 140.21s
2025-06-15 15:11:21.711 | INFO     | __main__:process_z3_file:293 - [Worker] 开始处理: /home/nju/Downloads/smt/gnu_angr.tar.gz/single_test/tail/tail151175
2025-06-15 15:11:21.711 | INFO     | __main__:get_Z3_result:356 - 主进程收集结果: /home/nju/Downloads/smt/gnu_angr.tar.gz/single_test/tail/tail209195, 状态: sat
2025-06-15 15:11:37.019 | INFO     | __main__:process_z3_file:320 - [Worker] 完成: /home/nju/Downloads/smt/gnu_angr.tar.gz/single_test/tail/tail152129, 结果: sat, 用时: 226.58s
2025-06-15 15:11:37.021 | INFO     | __main__:process_z3_file:293 - [Worker] 开始处理: /home/nju/Downloads/smt/gnu_angr.tar.gz/single_test/tail/tail175904
2025-06-15 15:11:37.021 | INFO     | __main__:get_Z3_result:356 - 主进程收集结果: /home/nju/Downloads/smt/gnu_angr.tar.gz/single_test/tail/tail152129, 状态: sat
2025-06-15 15:12:01.918 | INFO     | __main__:process_z3_file:320 - [Worker] 完成: /home/nju/Downloads/smt/gnu_angr.tar.gz/single_test/tail/tail209626, 结果: sat, 用时: 118.89s
2025-06-15 15:12:01.920 | INFO     | __main__:process_z3_file:293 - [Worker] 开始处理: /home/nju/Downloads/smt/gnu_angr.tar.gz/single_test/tail/tail152462
2025-06-15 15:12:01.920 | INFO     | __main__:get_Z3_result:356 - 主进程收集结果: /home/nju/Downloads/smt/gnu_angr.tar.gz/single_test/tail/tail209626, 状态: sat
2025-06-15 15:12:02.803 | INFO     | __main__:process_z3_file:320 - [Worker] 完成: /home/nju/Downloads/smt/gnu_angr.tar.gz/single_test/tail/tail94436, 结果: sat, 用时: 101.12s
2025-06-15 15:12:02.805 | INFO     | __main__:process_z3_file:293 - [Worker] 开始处理: /home/nju/Downloads/smt/gnu_angr.tar.gz/single_test/tail/tail186577
2025-06-15 15:12:02.805 | INFO     | __main__:get_Z3_result:356 - 主进程收集结果: /home/nju/Downloads/smt/gnu_angr.tar.gz/single_test/tail/tail94436, 状态: sat
2025-06-15 15:12:19.326 | INFO     | __main__:process_z3_file:320 - [Worker] 完成: /home/nju/Downloads/smt/gnu_angr.tar.gz/single_test/tail/tail151419, 结果: sat, 用时: 105.23s
2025-06-15 15:12:19.327 | INFO     | __main__:process_z3_file:293 - [Worker] 开始处理: /home/nju/Downloads/smt/gnu_angr.tar.gz/single_test/tail/tail209646
2025-06-15 15:12:19.327 | INFO     | __main__:get_Z3_result:356 - 主进程收集结果: /home/nju/Downloads/smt/gnu_angr.tar.gz/single_test/tail/tail151419, 状态: sat
2025-06-15 15:12:30.786 | INFO     | __main__:process_z3_file:320 - [Worker] 完成: /home/nju/Downloads/smt/gnu_angr.tar.gz/single_test/tail/tail210468, 结果: sat, 用时: 224.71s
2025-06-15 15:12:30.787 | INFO     | __main__:process_z3_file:293 - [Worker] 开始处理: /home/nju/Downloads/smt/gnu_angr.tar.gz/single_test/tail/tail199329
2025-06-15 15:12:30.787 | INFO     | __main__:get_Z3_result:356 - 主进程收集结果: /home/nju/Downloads/smt/gnu_angr.tar.gz/single_test/tail/tail210468, 状态: sat
2025-06-15 15:13:13.899 | INFO     | __main__:process_z3_file:320 - [Worker] 完成: /home/nju/Downloads/smt/gnu_angr.tar.gz/single_test/tail/tail151175, 结果: sat, 用时: 112.18s
2025-06-15 15:13:13.901 | INFO     | __main__:process_z3_file:293 - [Worker] 开始处理: /home/nju/Downloads/smt/gnu_angr.tar.gz/single_test/chcon/chcon70761
2025-06-15 15:13:13.901 | INFO     | __main__:get_Z3_result:356 - 主进程收集结果: /home/nju/Downloads/smt/gnu_angr.tar.gz/single_test/tail/tail151175, 状态: sat
2025-06-15 15:13:45.586 | INFO     | __main__:process_z3_file:320 - [Worker] 完成: /home/nju/Downloads/smt/gnu_angr.tar.gz/single_test/tail/tail186577, 结果: sat, 用时: 102.78s
2025-06-15 15:13:45.587 | INFO     | __main__:process_z3_file:293 - [Worker] 开始处理: /home/nju/Downloads/smt/gnu_angr.tar.gz/single_test/chcon/chcon89081
2025-06-15 15:13:45.588 | INFO     | __main__:get_Z3_result:356 - 主进程收集结果: /home/nju/Downloads/smt/gnu_angr.tar.gz/single_test/tail/tail186577, 状态: sat
2025-06-15 15:14:29.451 | INFO     | __main__:process_z3_file:320 - [Worker] 完成: /home/nju/Downloads/smt/gnu_angr.tar.gz/single_test/tail/tail199329, 结果: sat, 用时: 118.66s
2025-06-15 15:14:29.452 | INFO     | __main__:process_z3_file:293 - [Worker] 开始处理: /home/nju/Downloads/smt/gnu_angr.tar.gz/single_test/chcon/chcon79141
2025-06-15 15:14:29.452 | INFO     | __main__:get_Z3_result:356 - 主进程收集结果: /home/nju/Downloads/smt/gnu_angr.tar.gz/single_test/tail/tail199329, 状态: sat
2025-06-15 15:14:45.871 | INFO     | __main__:process_z3_file:320 - [Worker] 完成: /home/nju/Downloads/smt/gnu_angr.tar.gz/single_test/tail/tail175904, 结果: sat, 用时: 188.84s
2025-06-15 15:14:45.873 | INFO     | __main__:process_z3_file:293 - [Worker] 开始处理: /home/nju/Downloads/smt/gnu_angr.tar.gz/single_test/dirname/dirname22015
2025-06-15 15:14:45.873 | INFO     | __main__:get_Z3_result:356 - 主进程收集结果: /home/nju/Downloads/smt/gnu_angr.tar.gz/single_test/tail/tail175904, 状态: sat
2025-06-15 15:15:41.706 | INFO     | __main__:process_z3_file:320 - [Worker] 完成: /home/nju/Downloads/smt/gnu_angr.tar.gz/single_test/tail/tail209646, 结果: sat, 用时: 202.37s
2025-06-15 15:15:41.708 | INFO     | __main__:process_z3_file:293 - [Worker] 开始处理: /home/nju/Downloads/smt/gnu_angr.tar.gz/single_test/dirname/dirname25303
2025-06-15 15:15:41.708 | INFO     | __main__:get_Z3_result:356 - 主进程收集结果: /home/nju/Downloads/smt/gnu_angr.tar.gz/single_test/tail/tail209646, 状态: sat
2025-06-15 15:16:33.863 | INFO     | __main__:process_z3_file:320 - [Worker] 完成: /home/nju/Downloads/smt/gnu_angr.tar.gz/single_test/tail/tail152462, 结果: sat, 用时: 271.94s
2025-06-15 15:16:33.864 | INFO     | __main__:process_z3_file:293 - [Worker] 开始处理: /home/nju/Downloads/smt/gnu_angr.tar.gz/single_test/dirname/dirname26493
2025-06-15 15:16:33.864 | INFO     | __main__:get_Z3_result:356 - 主进程收集结果: /home/nju/Downloads/smt/gnu_angr.tar.gz/single_test/tail/tail152462, 状态: sat
2025-06-15 15:22:30.606 | INFO     | __main__:process_z3_file:320 - [Worker] 完成: /home/nju/Downloads/smt/gnu_angr.tar.gz/single_test/dir/dir475427, 结果: unknown, 用时: 1200.02s
2025-06-15 15:22:30.608 | INFO     | __main__:get_Z3_result:356 - 主进程收集结果: /home/nju/Downloads/smt/gnu_angr.tar.gz/single_test/dir/dir475427, 状态: unknown
2025-06-15 15:23:14.388 | INFO     | __main__:process_z3_file:320 - [Worker] 完成: /home/nju/Downloads/smt/gnu_angr.tar.gz/single_test/rm/rm300038, 结果: unknown, 用时: 1200.01s
2025-06-15 15:23:14.389 | INFO     | __main__:get_Z3_result:356 - 主进程收集结果: /home/nju/Downloads/smt/gnu_angr.tar.gz/single_test/rm/rm300038, 状态: unknown
2025-06-15 15:33:13.979 | INFO     | __main__:process_z3_file:320 - [Worker] 完成: /home/nju/Downloads/smt/gnu_angr.tar.gz/single_test/chcon/chcon70761, 结果: unknown, 用时: 1200.07s
2025-06-15 15:33:13.980 | INFO     | __main__:get_Z3_result:356 - 主进程收集结果: /home/nju/Downloads/smt/gnu_angr.tar.gz/single_test/chcon/chcon70761, 状态: unknown
2025-06-15 15:33:45.607 | INFO     | __main__:process_z3_file:320 - [Worker] 完成: /home/nju/Downloads/smt/gnu_angr.tar.gz/single_test/chcon/chcon89081, 结果: unknown, 用时: 1200.01s
2025-06-15 15:33:45.608 | INFO     | __main__:get_Z3_result:356 - 主进程收集结果: /home/nju/Downloads/smt/gnu_angr.tar.gz/single_test/chcon/chcon89081, 状态: unknown
2025-06-15 15:34:29.550 | INFO     | __main__:process_z3_file:320 - [Worker] 完成: /home/nju/Downloads/smt/gnu_angr.tar.gz/single_test/chcon/chcon79141, 结果: unknown, 用时: 1200.09s
2025-06-15 15:34:29.551 | INFO     | __main__:get_Z3_result:356 - 主进程收集结果: /home/nju/Downloads/smt/gnu_angr.tar.gz/single_test/chcon/chcon79141, 状态: unknown
2025-06-15 15:34:45.888 | INFO     | __main__:process_z3_file:320 - [Worker] 完成: /home/nju/Downloads/smt/gnu_angr.tar.gz/single_test/dirname/dirname22015, 结果: unknown, 用时: 1200.01s
2025-06-15 15:34:45.889 | INFO     | __main__:get_Z3_result:356 - 主进程收集结果: /home/nju/Downloads/smt/gnu_angr.tar.gz/single_test/dirname/dirname22015, 状态: unknown
2025-06-15 15:35:41.770 | INFO     | __main__:process_z3_file:320 - [Worker] 完成: /home/nju/Downloads/smt/gnu_angr.tar.gz/single_test/dirname/dirname25303, 结果: unknown, 用时: 1200.06s
2025-06-15 15:35:41.771 | INFO     | __main__:get_Z3_result:356 - 主进程收集结果: /home/nju/Downloads/smt/gnu_angr.tar.gz/single_test/dirname/dirname25303, 状态: unknown
2025-06-15 15:36:33.880 | INFO     | __main__:process_z3_file:320 - [Worker] 完成: /home/nju/Downloads/smt/gnu_angr.tar.gz/single_test/dirname/dirname26493, 结果: unknown, 用时: 1200.01s
2025-06-15 15:36:33.881 | INFO     | __main__:get_Z3_result:356 - 主进程收集结果: /home/nju/Downloads/smt/gnu_angr.tar.gz/single_test/dirname/dirname26493, 状态: unknown
2025-06-15 15:36:33.941 | INFO     | __main__:get_Z3_result:361 - 全部结果已保存到 z3_smtimer_results.json
