2024-10-23 23:31:16 | INFO | model_worker | args: Namespace(awq_ckpt=None, awq_groupsize=-1, awq_wbits=16, controller_address='http://localhost:21001', conv_template=None, cpu_offloading=False, debug=False, device='cuda', dtype=None, embed_in_truncate=False, enable_exllama=False, enable_xft=False, exllama_cache_8bit=False, exllama_gpu_split=None, exllama_max_seq_len=4096, gptq_act_order=False, gptq_ckpt=None, gptq_groupsize=-1, gptq_wbits=16, gpus=None, host='localhost', limit_worker_concurrency=5, load_8bit=True, max_gpu_memory=None, model_names=None, model_path='lmsys/fastchat-t5-3b-v1.0', no_register=False, num_gpus=1, port=21002, revision='main', seed=None, ssl=False, stream_interval=2, worker_address='http://localhost:21002', xft_dtype=None, xft_max_seq_len=4096)
2024-10-23 23:31:16 | INFO | model_worker | Loading the model ['fastchat-t5-3b-v1.0'] on worker 939bf87a ...
2024-10-23 23:31:16 | ERROR | stderr | /home/lz/PycharmProjects/Pearl/venv/lib/python3.8/site-packages/huggingface_hub/file_download.py:797: FutureWarning: `resume_download` is deprecated and will be removed in version 1.0.0. Downloads always resume when possible. If you want to force a new download, use `force_download=True`.
2024-10-23 23:31:16 | ERROR | stderr |   warnings.warn(
2024-10-23 23:31:18 | ERROR | stderr |   0%|                                                                                                                                                                                         | 0/1 [00:00<?, ?it/s]
2024-10-23 23:31:18 | ERROR | stderr | /home/lz/PycharmProjects/Pearl/venv/lib/python3.8/site-packages/fastchat/model/compression.py:189: FutureWarning: You are using `torch.load` with `weights_only=False` (the current default value), which uses the default pickle module implicitly. It is possible to construct malicious pickle data which will execute arbitrary code during unpickling (See https://github.com/pytorch/pytorch/blob/main/SECURITY.md#untrusted-models for more details). In a future release, the default value for `weights_only` will be flipped to `True`. This limits the functions that could be executed during unpickling. Arbitrary objects will no longer be allowed to be loaded via this mode unless they are explicitly allowlisted by the user via `torch.serialization.add_safe_globals`. We recommend you start setting `weights_only=True` for any use case where you don't have full control of the loaded file. Please open an issue on GitHub for any issues related to this experimental feature.
2024-10-23 23:31:18 | ERROR | stderr |   tmp_state_dict = torch.load(
2024-10-23 23:31:49 | ERROR | stderr | 100%|█████████████████████████████████████████████████████████████████████████████████████████████████████████████████████████████████████████████████████████████████████████████████| 1/1 [00:31<00:00, 31.03s/it]
2024-10-23 23:31:49 | ERROR | stderr | 100%|█████████████████████████████████████████████████████████████████████████████████████████████████████████████████████████████████████████████████████████████████████████████████| 1/1 [00:31<00:00, 31.03s/it]
2024-10-23 23:31:49 | ERROR | stderr | 
2024-10-23 23:31:49 | INFO | model_worker | Register to controller
2024-10-23 23:31:49 | ERROR | stderr | [32mINFO[0m:     Started server process [[36m969042[0m]
2024-10-23 23:31:49 | ERROR | stderr | [32mINFO[0m:     Waiting for application startup.
2024-10-23 23:31:49 | ERROR | stderr | [32mINFO[0m:     Application startup complete.
2024-10-23 23:31:49 | ERROR | stderr | [32mINFO[0m:     Uvicorn running on [1mhttp://localhost:21002[0m (Press CTRL+C to quit)
2024-10-23 23:32:34 | INFO | model_worker | Send heart beat. Models: ['fastchat-t5-3b-v1.0']. Semaphore: None. call_ct: 0. worker_id: 939bf87a. 
2024-10-23 23:33:19 | INFO | model_worker | Send heart beat. Models: ['fastchat-t5-3b-v1.0']. Semaphore: None. call_ct: 0. worker_id: 939bf87a. 
2024-10-23 23:34:04 | INFO | model_worker | Send heart beat. Models: ['fastchat-t5-3b-v1.0']. Semaphore: None. call_ct: 0. worker_id: 939bf87a. 
2024-10-23 23:34:49 | INFO | model_worker | Send heart beat. Models: ['fastchat-t5-3b-v1.0']. Semaphore: None. call_ct: 0. worker_id: 939bf87a. 
2024-10-23 23:35:34 | INFO | model_worker | Send heart beat. Models: ['fastchat-t5-3b-v1.0']. Semaphore: None. call_ct: 0. worker_id: 939bf87a. 
2024-10-23 23:35:47 | INFO | stdout | [32mINFO[0m:     127.0.0.1:54888 - "[1mPOST /worker_get_conv_template HTTP/1.1[0m" [32m200 OK[0m
2024-10-23 23:35:47 | INFO | stdout | [32mINFO[0m:     127.0.0.1:54890 - "[1mPOST /model_details HTTP/1.1[0m" [32m200 OK[0m
2024-10-23 23:35:47 | INFO | stdout | [32mINFO[0m:     127.0.0.1:54902 - "[1mPOST /count_token HTTP/1.1[0m" [32m200 OK[0m
2024-10-23 23:35:47 | INFO | stdout | [32mINFO[0m:     127.0.0.1:54912 - "[1mPOST /worker_generate HTTP/1.1[0m" [91m500 Internal Server Error[0m
2024-10-23 23:35:47 | ERROR | stderr | [31mERROR[0m:    Exception in ASGI application
2024-10-23 23:35:47 | ERROR | stderr | Traceback (most recent call last):
2024-10-23 23:35:47 | ERROR | stderr |   File "/home/lz/PycharmProjects/Pearl/venv/lib/python3.8/site-packages/uvicorn/protocols/http/h11_impl.py", line 406, in run_asgi
2024-10-23 23:35:47 | ERROR | stderr |     result = await app(  # type: ignore[func-returns-value]
2024-10-23 23:35:47 | ERROR | stderr |   File "/home/lz/PycharmProjects/Pearl/venv/lib/python3.8/site-packages/uvicorn/middleware/proxy_headers.py", line 60, in __call__
2024-10-23 23:35:47 | ERROR | stderr |     return await self.app(scope, receive, send)
2024-10-23 23:35:47 | ERROR | stderr |   File "/home/lz/PycharmProjects/Pearl/venv/lib/python3.8/site-packages/fastapi/applications.py", line 1054, in __call__
2024-10-23 23:35:47 | ERROR | stderr |     await super().__call__(scope, receive, send)
2024-10-23 23:35:47 | ERROR | stderr |   File "/home/lz/PycharmProjects/Pearl/venv/lib/python3.8/site-packages/starlette/applications.py", line 113, in __call__
2024-10-23 23:35:47 | ERROR | stderr |     await self.middleware_stack(scope, receive, send)
2024-10-23 23:35:47 | ERROR | stderr |   File "/home/lz/PycharmProjects/Pearl/venv/lib/python3.8/site-packages/starlette/middleware/errors.py", line 187, in __call__
2024-10-23 23:35:47 | ERROR | stderr |     raise exc
2024-10-23 23:35:47 | ERROR | stderr |   File "/home/lz/PycharmProjects/Pearl/venv/lib/python3.8/site-packages/starlette/middleware/errors.py", line 165, in __call__
2024-10-23 23:35:47 | ERROR | stderr |     await self.app(scope, receive, _send)
2024-10-23 23:35:47 | ERROR | stderr |   File "/home/lz/PycharmProjects/Pearl/venv/lib/python3.8/site-packages/starlette/middleware/exceptions.py", line 62, in __call__
2024-10-23 23:35:47 | ERROR | stderr |     await wrap_app_handling_exceptions(self.app, conn)(scope, receive, send)
2024-10-23 23:35:47 | ERROR | stderr |   File "/home/lz/PycharmProjects/Pearl/venv/lib/python3.8/site-packages/starlette/_exception_handler.py", line 62, in wrapped_app
2024-10-23 23:35:47 | ERROR | stderr |     raise exc
2024-10-23 23:35:47 | ERROR | stderr |   File "/home/lz/PycharmProjects/Pearl/venv/lib/python3.8/site-packages/starlette/_exception_handler.py", line 51, in wrapped_app
2024-10-23 23:35:47 | ERROR | stderr |     await app(scope, receive, sender)
2024-10-23 23:35:47 | ERROR | stderr |   File "/home/lz/PycharmProjects/Pearl/venv/lib/python3.8/site-packages/starlette/routing.py", line 715, in __call__
2024-10-23 23:35:47 | ERROR | stderr |     await self.middleware_stack(scope, receive, send)
2024-10-23 23:35:47 | ERROR | stderr |   File "/home/lz/PycharmProjects/Pearl/venv/lib/python3.8/site-packages/starlette/routing.py", line 735, in app
2024-10-23 23:35:47 | ERROR | stderr |     await route.handle(scope, receive, send)
2024-10-23 23:35:47 | ERROR | stderr |   File "/home/lz/PycharmProjects/Pearl/venv/lib/python3.8/site-packages/starlette/routing.py", line 288, in handle
2024-10-23 23:35:47 | ERROR | stderr |     await self.app(scope, receive, send)
2024-10-23 23:35:47 | ERROR | stderr |   File "/home/lz/PycharmProjects/Pearl/venv/lib/python3.8/site-packages/starlette/routing.py", line 76, in app
2024-10-23 23:35:47 | ERROR | stderr |     await wrap_app_handling_exceptions(app, request)(scope, receive, send)
2024-10-23 23:35:47 | ERROR | stderr |   File "/home/lz/PycharmProjects/Pearl/venv/lib/python3.8/site-packages/starlette/_exception_handler.py", line 62, in wrapped_app
2024-10-23 23:35:47 | ERROR | stderr |     raise exc
2024-10-23 23:35:47 | ERROR | stderr |   File "/home/lz/PycharmProjects/Pearl/venv/lib/python3.8/site-packages/starlette/_exception_handler.py", line 51, in wrapped_app
2024-10-23 23:35:47 | ERROR | stderr |     await app(scope, receive, sender)
2024-10-23 23:35:47 | ERROR | stderr |   File "/home/lz/PycharmProjects/Pearl/venv/lib/python3.8/site-packages/starlette/routing.py", line 73, in app
2024-10-23 23:35:47 | ERROR | stderr |     response = await f(request)
2024-10-23 23:35:47 | ERROR | stderr |   File "/home/lz/PycharmProjects/Pearl/venv/lib/python3.8/site-packages/fastapi/routing.py", line 301, in app
2024-10-23 23:35:47 | ERROR | stderr |     raw_response = await run_endpoint_function(
2024-10-23 23:35:47 | ERROR | stderr |   File "/home/lz/PycharmProjects/Pearl/venv/lib/python3.8/site-packages/fastapi/routing.py", line 212, in run_endpoint_function
2024-10-23 23:35:47 | ERROR | stderr |     return await dependant.call(**values)
2024-10-23 23:35:47 | ERROR | stderr |   File "/home/lz/PycharmProjects/Pearl/venv/lib/python3.8/site-packages/fastchat/serve/base_model_worker.py", line 209, in api_generate
2024-10-23 23:35:47 | ERROR | stderr |     output = await asyncio.to_thread(worker.generate_gate, params)
2024-10-23 23:35:47 | ERROR | stderr | AttributeError: module 'asyncio' has no attribute 'to_thread'
2024-10-23 23:36:19 | INFO | model_worker | Send heart beat. Models: ['fastchat-t5-3b-v1.0']. Semaphore: Semaphore(value=4, locked=False). call_ct: 0. worker_id: 939bf87a. 
2024-10-23 23:37:04 | INFO | model_worker | Send heart beat. Models: ['fastchat-t5-3b-v1.0']. Semaphore: Semaphore(value=4, locked=False). call_ct: 0. worker_id: 939bf87a. 
2024-10-23 23:37:49 | INFO | model_worker | Send heart beat. Models: ['fastchat-t5-3b-v1.0']. Semaphore: Semaphore(value=4, locked=False). call_ct: 0. worker_id: 939bf87a. 
2024-10-23 23:38:34 | INFO | model_worker | Send heart beat. Models: ['fastchat-t5-3b-v1.0']. Semaphore: Semaphore(value=4, locked=False). call_ct: 0. worker_id: 939bf87a. 
2024-10-23 23:39:19 | INFO | model_worker | Send heart beat. Models: ['fastchat-t5-3b-v1.0']. Semaphore: Semaphore(value=4, locked=False). call_ct: 0. worker_id: 939bf87a. 
2024-10-23 23:40:04 | INFO | model_worker | Send heart beat. Models: ['fastchat-t5-3b-v1.0']. Semaphore: Semaphore(value=4, locked=False). call_ct: 0. worker_id: 939bf87a. 
2024-10-23 23:40:49 | INFO | model_worker | Send heart beat. Models: ['fastchat-t5-3b-v1.0']. Semaphore: Semaphore(value=4, locked=False). call_ct: 0. worker_id: 939bf87a. 
2024-10-23 23:41:34 | INFO | model_worker | Send heart beat. Models: ['fastchat-t5-3b-v1.0']. Semaphore: Semaphore(value=4, locked=False). call_ct: 0. worker_id: 939bf87a. 
2024-10-23 23:42:19 | INFO | model_worker | Send heart beat. Models: ['fastchat-t5-3b-v1.0']. Semaphore: Semaphore(value=4, locked=False). call_ct: 0. worker_id: 939bf87a. 
2024-10-23 23:43:04 | INFO | model_worker | Send heart beat. Models: ['fastchat-t5-3b-v1.0']. Semaphore: Semaphore(value=4, locked=False). call_ct: 0. worker_id: 939bf87a. 
2024-10-23 23:43:49 | INFO | model_worker | Send heart beat. Models: ['fastchat-t5-3b-v1.0']. Semaphore: Semaphore(value=4, locked=False). call_ct: 0. worker_id: 939bf87a. 
2024-10-23 23:44:34 | INFO | model_worker | Send heart beat. Models: ['fastchat-t5-3b-v1.0']. Semaphore: Semaphore(value=4, locked=False). call_ct: 0. worker_id: 939bf87a. 
2024-10-23 23:45:19 | INFO | model_worker | Send heart beat. Models: ['fastchat-t5-3b-v1.0']. Semaphore: Semaphore(value=4, locked=False). call_ct: 0. worker_id: 939bf87a. 
2024-10-23 23:46:05 | INFO | model_worker | Send heart beat. Models: ['fastchat-t5-3b-v1.0']. Semaphore: Semaphore(value=4, locked=False). call_ct: 0. worker_id: 939bf87a. 
2024-10-23 23:46:50 | INFO | model_worker | Send heart beat. Models: ['fastchat-t5-3b-v1.0']. Semaphore: Semaphore(value=4, locked=False). call_ct: 0. worker_id: 939bf87a. 
2024-10-23 23:47:35 | INFO | model_worker | Send heart beat. Models: ['fastchat-t5-3b-v1.0']. Semaphore: Semaphore(value=4, locked=False). call_ct: 0. worker_id: 939bf87a. 
2024-10-23 23:48:20 | INFO | model_worker | Send heart beat. Models: ['fastchat-t5-3b-v1.0']. Semaphore: Semaphore(value=4, locked=False). call_ct: 0. worker_id: 939bf87a. 
2024-10-23 23:49:05 | INFO | model_worker | Send heart beat. Models: ['fastchat-t5-3b-v1.0']. Semaphore: Semaphore(value=4, locked=False). call_ct: 0. worker_id: 939bf87a. 
2024-10-23 23:49:50 | INFO | model_worker | Send heart beat. Models: ['fastchat-t5-3b-v1.0']. Semaphore: Semaphore(value=4, locked=False). call_ct: 0. worker_id: 939bf87a. 
2024-10-23 23:50:35 | INFO | model_worker | Send heart beat. Models: ['fastchat-t5-3b-v1.0']. Semaphore: Semaphore(value=4, locked=False). call_ct: 0. worker_id: 939bf87a. 
2024-10-23 23:51:20 | INFO | model_worker | Send heart beat. Models: ['fastchat-t5-3b-v1.0']. Semaphore: Semaphore(value=4, locked=False). call_ct: 0. worker_id: 939bf87a. 
2024-10-23 23:52:05 | INFO | model_worker | Send heart beat. Models: ['fastchat-t5-3b-v1.0']. Semaphore: Semaphore(value=4, locked=False). call_ct: 0. worker_id: 939bf87a. 
2024-10-23 23:52:50 | INFO | model_worker | Send heart beat. Models: ['fastchat-t5-3b-v1.0']. Semaphore: Semaphore(value=4, locked=False). call_ct: 0. worker_id: 939bf87a. 
2024-10-23 23:53:35 | INFO | model_worker | Send heart beat. Models: ['fastchat-t5-3b-v1.0']. Semaphore: Semaphore(value=4, locked=False). call_ct: 0. worker_id: 939bf87a. 
2024-10-23 23:54:20 | INFO | model_worker | Send heart beat. Models: ['fastchat-t5-3b-v1.0']. Semaphore: Semaphore(value=4, locked=False). call_ct: 0. worker_id: 939bf87a. 
2024-10-23 23:55:05 | INFO | model_worker | Send heart beat. Models: ['fastchat-t5-3b-v1.0']. Semaphore: Semaphore(value=4, locked=False). call_ct: 0. worker_id: 939bf87a. 
2024-10-23 23:55:50 | INFO | model_worker | Send heart beat. Models: ['fastchat-t5-3b-v1.0']. Semaphore: Semaphore(value=4, locked=False). call_ct: 0. worker_id: 939bf87a. 
2024-10-23 23:56:35 | INFO | model_worker | Send heart beat. Models: ['fastchat-t5-3b-v1.0']. Semaphore: Semaphore(value=4, locked=False). call_ct: 0. worker_id: 939bf87a. 
2024-10-23 23:57:20 | INFO | model_worker | Send heart beat. Models: ['fastchat-t5-3b-v1.0']. Semaphore: Semaphore(value=4, locked=False). call_ct: 0. worker_id: 939bf87a. 
2024-10-23 23:58:05 | INFO | model_worker | Send heart beat. Models: ['fastchat-t5-3b-v1.0']. Semaphore: Semaphore(value=4, locked=False). call_ct: 0. worker_id: 939bf87a. 
2024-10-23 23:58:50 | INFO | model_worker | Send heart beat. Models: ['fastchat-t5-3b-v1.0']. Semaphore: Semaphore(value=4, locked=False). call_ct: 0. worker_id: 939bf87a. 
2024-10-23 23:59:35 | INFO | model_worker | Send heart beat. Models: ['fastchat-t5-3b-v1.0']. Semaphore: Semaphore(value=4, locked=False). call_ct: 0. worker_id: 939bf87a. 
2024-10-24 00:00:20 | INFO | model_worker | Send heart beat. Models: ['fastchat-t5-3b-v1.0']. Semaphore: Semaphore(value=4, locked=False). call_ct: 0. worker_id: 939bf87a. 
2024-10-24 00:01:05 | INFO | model_worker | Send heart beat. Models: ['fastchat-t5-3b-v1.0']. Semaphore: Semaphore(value=4, locked=False). call_ct: 0. worker_id: 939bf87a. 
2024-10-24 00:01:51 | INFO | model_worker | Send heart beat. Models: ['fastchat-t5-3b-v1.0']. Semaphore: Semaphore(value=4, locked=False). call_ct: 0. worker_id: 939bf87a. 
2024-10-24 00:02:36 | INFO | model_worker | Send heart beat. Models: ['fastchat-t5-3b-v1.0']. Semaphore: Semaphore(value=4, locked=False). call_ct: 0. worker_id: 939bf87a. 
2024-10-24 00:03:21 | INFO | model_worker | Send heart beat. Models: ['fastchat-t5-3b-v1.0']. Semaphore: Semaphore(value=4, locked=False). call_ct: 0. worker_id: 939bf87a. 
2024-10-24 00:04:06 | INFO | model_worker | Send heart beat. Models: ['fastchat-t5-3b-v1.0']. Semaphore: Semaphore(value=4, locked=False). call_ct: 0. worker_id: 939bf87a. 
2024-10-24 00:04:51 | INFO | model_worker | Send heart beat. Models: ['fastchat-t5-3b-v1.0']. Semaphore: Semaphore(value=4, locked=False). call_ct: 0. worker_id: 939bf87a. 
2024-10-24 00:05:36 | INFO | model_worker | Send heart beat. Models: ['fastchat-t5-3b-v1.0']. Semaphore: Semaphore(value=4, locked=False). call_ct: 0. worker_id: 939bf87a. 
2024-10-24 00:06:21 | INFO | model_worker | Send heart beat. Models: ['fastchat-t5-3b-v1.0']. Semaphore: Semaphore(value=4, locked=False). call_ct: 0. worker_id: 939bf87a. 
2024-10-24 00:07:06 | INFO | model_worker | Send heart beat. Models: ['fastchat-t5-3b-v1.0']. Semaphore: Semaphore(value=4, locked=False). call_ct: 0. worker_id: 939bf87a. 
2024-10-24 00:07:51 | INFO | model_worker | Send heart beat. Models: ['fastchat-t5-3b-v1.0']. Semaphore: Semaphore(value=4, locked=False). call_ct: 0. worker_id: 939bf87a. 
2024-10-24 00:08:36 | INFO | model_worker | Send heart beat. Models: ['fastchat-t5-3b-v1.0']. Semaphore: Semaphore(value=4, locked=False). call_ct: 0. worker_id: 939bf87a. 
2024-10-24 00:09:21 | INFO | model_worker | Send heart beat. Models: ['fastchat-t5-3b-v1.0']. Semaphore: Semaphore(value=4, locked=False). call_ct: 0. worker_id: 939bf87a. 
2024-10-24 00:10:06 | INFO | model_worker | Send heart beat. Models: ['fastchat-t5-3b-v1.0']. Semaphore: Semaphore(value=4, locked=False). call_ct: 0. worker_id: 939bf87a. 
2024-10-24 00:10:51 | INFO | model_worker | Send heart beat. Models: ['fastchat-t5-3b-v1.0']. Semaphore: Semaphore(value=4, locked=False). call_ct: 0. worker_id: 939bf87a. 
2024-10-24 00:11:36 | INFO | model_worker | Send heart beat. Models: ['fastchat-t5-3b-v1.0']. Semaphore: Semaphore(value=4, locked=False). call_ct: 0. worker_id: 939bf87a. 
2024-10-24 00:12:21 | INFO | model_worker | Send heart beat. Models: ['fastchat-t5-3b-v1.0']. Semaphore: Semaphore(value=4, locked=False). call_ct: 0. worker_id: 939bf87a. 
2024-10-24 00:13:06 | INFO | model_worker | Send heart beat. Models: ['fastchat-t5-3b-v1.0']. Semaphore: Semaphore(value=4, locked=False). call_ct: 0. worker_id: 939bf87a. 
2024-10-24 00:13:51 | INFO | model_worker | Send heart beat. Models: ['fastchat-t5-3b-v1.0']. Semaphore: Semaphore(value=4, locked=False). call_ct: 0. worker_id: 939bf87a. 
2024-10-24 00:14:36 | INFO | model_worker | Send heart beat. Models: ['fastchat-t5-3b-v1.0']. Semaphore: Semaphore(value=4, locked=False). call_ct: 0. worker_id: 939bf87a. 
2024-10-24 00:15:21 | INFO | model_worker | Send heart beat. Models: ['fastchat-t5-3b-v1.0']. Semaphore: Semaphore(value=4, locked=False). call_ct: 0. worker_id: 939bf87a. 
2024-10-24 00:16:06 | INFO | model_worker | Send heart beat. Models: ['fastchat-t5-3b-v1.0']. Semaphore: Semaphore(value=4, locked=False). call_ct: 0. worker_id: 939bf87a. 
2024-10-24 00:16:51 | INFO | model_worker | Send heart beat. Models: ['fastchat-t5-3b-v1.0']. Semaphore: Semaphore(value=4, locked=False). call_ct: 0. worker_id: 939bf87a. 
2024-10-24 00:17:36 | INFO | model_worker | Send heart beat. Models: ['fastchat-t5-3b-v1.0']. Semaphore: Semaphore(value=4, locked=False). call_ct: 0. worker_id: 939bf87a. 
2024-10-24 00:18:21 | INFO | model_worker | Send heart beat. Models: ['fastchat-t5-3b-v1.0']. Semaphore: Semaphore(value=4, locked=False). call_ct: 0. worker_id: 939bf87a. 
2024-10-24 00:19:07 | INFO | model_worker | Send heart beat. Models: ['fastchat-t5-3b-v1.0']. Semaphore: Semaphore(value=4, locked=False). call_ct: 0. worker_id: 939bf87a. 
2024-10-24 00:19:52 | INFO | model_worker | Send heart beat. Models: ['fastchat-t5-3b-v1.0']. Semaphore: Semaphore(value=4, locked=False). call_ct: 0. worker_id: 939bf87a. 
2024-10-24 00:20:37 | INFO | model_worker | Send heart beat. Models: ['fastchat-t5-3b-v1.0']. Semaphore: Semaphore(value=4, locked=False). call_ct: 0. worker_id: 939bf87a. 
2024-10-24 00:21:22 | INFO | model_worker | Send heart beat. Models: ['fastchat-t5-3b-v1.0']. Semaphore: Semaphore(value=4, locked=False). call_ct: 0. worker_id: 939bf87a. 
2024-10-24 00:22:07 | INFO | model_worker | Send heart beat. Models: ['fastchat-t5-3b-v1.0']. Semaphore: Semaphore(value=4, locked=False). call_ct: 0. worker_id: 939bf87a. 
2024-10-24 00:22:52 | INFO | model_worker | Send heart beat. Models: ['fastchat-t5-3b-v1.0']. Semaphore: Semaphore(value=4, locked=False). call_ct: 0. worker_id: 939bf87a. 
2024-10-24 00:23:37 | INFO | model_worker | Send heart beat. Models: ['fastchat-t5-3b-v1.0']. Semaphore: Semaphore(value=4, locked=False). call_ct: 0. worker_id: 939bf87a. 
2024-10-24 00:24:22 | INFO | model_worker | Send heart beat. Models: ['fastchat-t5-3b-v1.0']. Semaphore: Semaphore(value=4, locked=False). call_ct: 0. worker_id: 939bf87a. 
2024-10-24 00:25:07 | INFO | model_worker | Send heart beat. Models: ['fastchat-t5-3b-v1.0']. Semaphore: Semaphore(value=4, locked=False). call_ct: 0. worker_id: 939bf87a. 
2024-10-24 00:25:52 | INFO | model_worker | Send heart beat. Models: ['fastchat-t5-3b-v1.0']. Semaphore: Semaphore(value=4, locked=False). call_ct: 0. worker_id: 939bf87a. 
2024-10-24 00:26:37 | INFO | model_worker | Send heart beat. Models: ['fastchat-t5-3b-v1.0']. Semaphore: Semaphore(value=4, locked=False). call_ct: 0. worker_id: 939bf87a. 
2024-10-24 00:27:22 | INFO | model_worker | Send heart beat. Models: ['fastchat-t5-3b-v1.0']. Semaphore: Semaphore(value=4, locked=False). call_ct: 0. worker_id: 939bf87a. 
2024-10-24 00:28:07 | INFO | model_worker | Send heart beat. Models: ['fastchat-t5-3b-v1.0']. Semaphore: Semaphore(value=4, locked=False). call_ct: 0. worker_id: 939bf87a. 
2024-10-24 00:28:52 | INFO | model_worker | Send heart beat. Models: ['fastchat-t5-3b-v1.0']. Semaphore: Semaphore(value=4, locked=False). call_ct: 0. worker_id: 939bf87a. 
2024-10-24 00:29:37 | INFO | model_worker | Send heart beat. Models: ['fastchat-t5-3b-v1.0']. Semaphore: Semaphore(value=4, locked=False). call_ct: 0. worker_id: 939bf87a. 
2024-10-24 00:30:22 | INFO | model_worker | Send heart beat. Models: ['fastchat-t5-3b-v1.0']. Semaphore: Semaphore(value=4, locked=False). call_ct: 0. worker_id: 939bf87a. 
2024-10-24 00:31:07 | INFO | model_worker | Send heart beat. Models: ['fastchat-t5-3b-v1.0']. Semaphore: Semaphore(value=4, locked=False). call_ct: 0. worker_id: 939bf87a. 
2024-10-24 00:31:52 | INFO | model_worker | Send heart beat. Models: ['fastchat-t5-3b-v1.0']. Semaphore: Semaphore(value=4, locked=False). call_ct: 0. worker_id: 939bf87a. 
2024-10-24 00:32:37 | INFO | model_worker | Send heart beat. Models: ['fastchat-t5-3b-v1.0']. Semaphore: Semaphore(value=4, locked=False). call_ct: 0. worker_id: 939bf87a. 
2024-10-24 00:33:22 | INFO | model_worker | Send heart beat. Models: ['fastchat-t5-3b-v1.0']. Semaphore: Semaphore(value=4, locked=False). call_ct: 0. worker_id: 939bf87a. 
2024-10-24 00:34:07 | INFO | model_worker | Send heart beat. Models: ['fastchat-t5-3b-v1.0']. Semaphore: Semaphore(value=4, locked=False). call_ct: 0. worker_id: 939bf87a. 
2024-10-24 00:34:52 | INFO | model_worker | Send heart beat. Models: ['fastchat-t5-3b-v1.0']. Semaphore: Semaphore(value=4, locked=False). call_ct: 0. worker_id: 939bf87a. 
2024-10-24 00:35:38 | INFO | model_worker | Send heart beat. Models: ['fastchat-t5-3b-v1.0']. Semaphore: Semaphore(value=4, locked=False). call_ct: 0. worker_id: 939bf87a. 
2024-10-24 00:36:23 | INFO | model_worker | Send heart beat. Models: ['fastchat-t5-3b-v1.0']. Semaphore: Semaphore(value=4, locked=False). call_ct: 0. worker_id: 939bf87a. 
2024-10-24 00:37:08 | INFO | model_worker | Send heart beat. Models: ['fastchat-t5-3b-v1.0']. Semaphore: Semaphore(value=4, locked=False). call_ct: 0. worker_id: 939bf87a. 
2024-10-24 00:37:53 | INFO | model_worker | Send heart beat. Models: ['fastchat-t5-3b-v1.0']. Semaphore: Semaphore(value=4, locked=False). call_ct: 0. worker_id: 939bf87a. 
2024-10-24 00:38:38 | INFO | model_worker | Send heart beat. Models: ['fastchat-t5-3b-v1.0']. Semaphore: Semaphore(value=4, locked=False). call_ct: 0. worker_id: 939bf87a. 
2024-10-24 00:39:23 | INFO | model_worker | Send heart beat. Models: ['fastchat-t5-3b-v1.0']. Semaphore: Semaphore(value=4, locked=False). call_ct: 0. worker_id: 939bf87a. 
2024-10-24 00:40:08 | INFO | model_worker | Send heart beat. Models: ['fastchat-t5-3b-v1.0']. Semaphore: Semaphore(value=4, locked=False). call_ct: 0. worker_id: 939bf87a. 
2024-10-24 00:40:53 | INFO | model_worker | Send heart beat. Models: ['fastchat-t5-3b-v1.0']. Semaphore: Semaphore(value=4, locked=False). call_ct: 0. worker_id: 939bf87a. 
2024-10-24 00:41:38 | INFO | model_worker | Send heart beat. Models: ['fastchat-t5-3b-v1.0']. Semaphore: Semaphore(value=4, locked=False). call_ct: 0. worker_id: 939bf87a. 
2024-10-24 00:42:23 | INFO | model_worker | Send heart beat. Models: ['fastchat-t5-3b-v1.0']. Semaphore: Semaphore(value=4, locked=False). call_ct: 0. worker_id: 939bf87a. 
2024-10-24 00:43:08 | INFO | model_worker | Send heart beat. Models: ['fastchat-t5-3b-v1.0']. Semaphore: Semaphore(value=4, locked=False). call_ct: 0. worker_id: 939bf87a. 
2024-10-24 00:43:53 | INFO | model_worker | Send heart beat. Models: ['fastchat-t5-3b-v1.0']. Semaphore: Semaphore(value=4, locked=False). call_ct: 0. worker_id: 939bf87a. 
2024-10-24 00:44:38 | INFO | model_worker | Send heart beat. Models: ['fastchat-t5-3b-v1.0']. Semaphore: Semaphore(value=4, locked=False). call_ct: 0. worker_id: 939bf87a. 
2024-10-24 00:45:23 | INFO | model_worker | Send heart beat. Models: ['fastchat-t5-3b-v1.0']. Semaphore: Semaphore(value=4, locked=False). call_ct: 0. worker_id: 939bf87a. 
2024-10-24 00:46:08 | INFO | model_worker | Send heart beat. Models: ['fastchat-t5-3b-v1.0']. Semaphore: Semaphore(value=4, locked=False). call_ct: 0. worker_id: 939bf87a. 
2024-10-24 00:46:53 | INFO | model_worker | Send heart beat. Models: ['fastchat-t5-3b-v1.0']. Semaphore: Semaphore(value=4, locked=False). call_ct: 0. worker_id: 939bf87a. 
2024-10-24 00:47:38 | INFO | model_worker | Send heart beat. Models: ['fastchat-t5-3b-v1.0']. Semaphore: Semaphore(value=4, locked=False). call_ct: 0. worker_id: 939bf87a. 
2024-10-24 00:48:23 | INFO | model_worker | Send heart beat. Models: ['fastchat-t5-3b-v1.0']. Semaphore: Semaphore(value=4, locked=False). call_ct: 0. worker_id: 939bf87a. 
2024-10-24 00:49:08 | INFO | model_worker | Send heart beat. Models: ['fastchat-t5-3b-v1.0']. Semaphore: Semaphore(value=4, locked=False). call_ct: 0. worker_id: 939bf87a. 
2024-10-24 00:49:53 | INFO | model_worker | Send heart beat. Models: ['fastchat-t5-3b-v1.0']. Semaphore: Semaphore(value=4, locked=False). call_ct: 0. worker_id: 939bf87a. 
2024-10-24 00:50:38 | INFO | model_worker | Send heart beat. Models: ['fastchat-t5-3b-v1.0']. Semaphore: Semaphore(value=4, locked=False). call_ct: 0. worker_id: 939bf87a. 
2024-10-24 00:51:23 | INFO | model_worker | Send heart beat. Models: ['fastchat-t5-3b-v1.0']. Semaphore: Semaphore(value=4, locked=False). call_ct: 0. worker_id: 939bf87a. 
2024-10-24 00:52:09 | INFO | model_worker | Send heart beat. Models: ['fastchat-t5-3b-v1.0']. Semaphore: Semaphore(value=4, locked=False). call_ct: 0. worker_id: 939bf87a. 
2024-10-24 00:52:54 | INFO | model_worker | Send heart beat. Models: ['fastchat-t5-3b-v1.0']. Semaphore: Semaphore(value=4, locked=False). call_ct: 0. worker_id: 939bf87a. 
2024-10-24 00:53:39 | INFO | model_worker | Send heart beat. Models: ['fastchat-t5-3b-v1.0']. Semaphore: Semaphore(value=4, locked=False). call_ct: 0. worker_id: 939bf87a. 
2024-10-24 00:54:24 | INFO | model_worker | Send heart beat. Models: ['fastchat-t5-3b-v1.0']. Semaphore: Semaphore(value=4, locked=False). call_ct: 0. worker_id: 939bf87a. 
2024-10-24 00:55:09 | INFO | model_worker | Send heart beat. Models: ['fastchat-t5-3b-v1.0']. Semaphore: Semaphore(value=4, locked=False). call_ct: 0. worker_id: 939bf87a. 
2024-10-24 00:55:54 | INFO | model_worker | Send heart beat. Models: ['fastchat-t5-3b-v1.0']. Semaphore: Semaphore(value=4, locked=False). call_ct: 0. worker_id: 939bf87a. 
2024-10-24 00:56:39 | INFO | model_worker | Send heart beat. Models: ['fastchat-t5-3b-v1.0']. Semaphore: Semaphore(value=4, locked=False). call_ct: 0. worker_id: 939bf87a. 
2024-10-24 00:57:24 | INFO | model_worker | Send heart beat. Models: ['fastchat-t5-3b-v1.0']. Semaphore: Semaphore(value=4, locked=False). call_ct: 0. worker_id: 939bf87a. 
2024-10-24 00:58:09 | INFO | model_worker | Send heart beat. Models: ['fastchat-t5-3b-v1.0']. Semaphore: Semaphore(value=4, locked=False). call_ct: 0. worker_id: 939bf87a. 
2024-10-24 00:58:54 | INFO | model_worker | Send heart beat. Models: ['fastchat-t5-3b-v1.0']. Semaphore: Semaphore(value=4, locked=False). call_ct: 0. worker_id: 939bf87a. 
2024-10-24 00:59:39 | INFO | model_worker | Send heart beat. Models: ['fastchat-t5-3b-v1.0']. Semaphore: Semaphore(value=4, locked=False). call_ct: 0. worker_id: 939bf87a. 
2024-10-24 01:00:24 | INFO | model_worker | Send heart beat. Models: ['fastchat-t5-3b-v1.0']. Semaphore: Semaphore(value=4, locked=False). call_ct: 0. worker_id: 939bf87a. 
2024-10-24 01:01:09 | INFO | model_worker | Send heart beat. Models: ['fastchat-t5-3b-v1.0']. Semaphore: Semaphore(value=4, locked=False). call_ct: 0. worker_id: 939bf87a. 
2024-10-24 01:01:54 | INFO | model_worker | Send heart beat. Models: ['fastchat-t5-3b-v1.0']. Semaphore: Semaphore(value=4, locked=False). call_ct: 0. worker_id: 939bf87a. 
2024-10-24 01:02:39 | INFO | model_worker | Send heart beat. Models: ['fastchat-t5-3b-v1.0']. Semaphore: Semaphore(value=4, locked=False). call_ct: 0. worker_id: 939bf87a. 
2024-10-24 01:03:24 | INFO | model_worker | Send heart beat. Models: ['fastchat-t5-3b-v1.0']. Semaphore: Semaphore(value=4, locked=False). call_ct: 0. worker_id: 939bf87a. 
2024-10-24 01:04:09 | INFO | model_worker | Send heart beat. Models: ['fastchat-t5-3b-v1.0']. Semaphore: Semaphore(value=4, locked=False). call_ct: 0. worker_id: 939bf87a. 
2024-10-24 01:04:54 | INFO | model_worker | Send heart beat. Models: ['fastchat-t5-3b-v1.0']. Semaphore: Semaphore(value=4, locked=False). call_ct: 0. worker_id: 939bf87a. 
2024-10-24 01:05:39 | INFO | model_worker | Send heart beat. Models: ['fastchat-t5-3b-v1.0']. Semaphore: Semaphore(value=4, locked=False). call_ct: 0. worker_id: 939bf87a. 
2024-10-24 01:06:24 | INFO | model_worker | Send heart beat. Models: ['fastchat-t5-3b-v1.0']. Semaphore: Semaphore(value=4, locked=False). call_ct: 0. worker_id: 939bf87a. 
2024-10-24 01:07:09 | INFO | model_worker | Send heart beat. Models: ['fastchat-t5-3b-v1.0']. Semaphore: Semaphore(value=4, locked=False). call_ct: 0. worker_id: 939bf87a. 
2024-10-24 01:07:54 | INFO | model_worker | Send heart beat. Models: ['fastchat-t5-3b-v1.0']. Semaphore: Semaphore(value=4, locked=False). call_ct: 0. worker_id: 939bf87a. 
2024-10-24 01:08:40 | INFO | model_worker | Send heart beat. Models: ['fastchat-t5-3b-v1.0']. Semaphore: Semaphore(value=4, locked=False). call_ct: 0. worker_id: 939bf87a. 
2024-10-24 01:09:25 | INFO | model_worker | Send heart beat. Models: ['fastchat-t5-3b-v1.0']. Semaphore: Semaphore(value=4, locked=False). call_ct: 0. worker_id: 939bf87a. 
2024-10-24 01:10:10 | INFO | model_worker | Send heart beat. Models: ['fastchat-t5-3b-v1.0']. Semaphore: Semaphore(value=4, locked=False). call_ct: 0. worker_id: 939bf87a. 
2024-10-24 01:10:55 | INFO | model_worker | Send heart beat. Models: ['fastchat-t5-3b-v1.0']. Semaphore: Semaphore(value=4, locked=False). call_ct: 0. worker_id: 939bf87a. 
2024-10-24 01:11:40 | INFO | model_worker | Send heart beat. Models: ['fastchat-t5-3b-v1.0']. Semaphore: Semaphore(value=4, locked=False). call_ct: 0. worker_id: 939bf87a. 
2024-10-24 01:12:25 | INFO | model_worker | Send heart beat. Models: ['fastchat-t5-3b-v1.0']. Semaphore: Semaphore(value=4, locked=False). call_ct: 0. worker_id: 939bf87a. 
2024-10-24 01:13:10 | INFO | model_worker | Send heart beat. Models: ['fastchat-t5-3b-v1.0']. Semaphore: Semaphore(value=4, locked=False). call_ct: 0. worker_id: 939bf87a. 
2024-10-24 01:13:55 | INFO | model_worker | Send heart beat. Models: ['fastchat-t5-3b-v1.0']. Semaphore: Semaphore(value=4, locked=False). call_ct: 0. worker_id: 939bf87a. 
2024-10-24 01:14:40 | INFO | model_worker | Send heart beat. Models: ['fastchat-t5-3b-v1.0']. Semaphore: Semaphore(value=4, locked=False). call_ct: 0. worker_id: 939bf87a. 
2024-10-24 01:15:25 | INFO | model_worker | Send heart beat. Models: ['fastchat-t5-3b-v1.0']. Semaphore: Semaphore(value=4, locked=False). call_ct: 0. worker_id: 939bf87a. 
2024-10-24 01:16:10 | INFO | model_worker | Send heart beat. Models: ['fastchat-t5-3b-v1.0']. Semaphore: Semaphore(value=4, locked=False). call_ct: 0. worker_id: 939bf87a. 
2024-10-24 01:16:55 | INFO | model_worker | Send heart beat. Models: ['fastchat-t5-3b-v1.0']. Semaphore: Semaphore(value=4, locked=False). call_ct: 0. worker_id: 939bf87a. 
2024-10-24 01:17:40 | INFO | model_worker | Send heart beat. Models: ['fastchat-t5-3b-v1.0']. Semaphore: Semaphore(value=4, locked=False). call_ct: 0. worker_id: 939bf87a. 
2024-10-24 01:18:25 | INFO | model_worker | Send heart beat. Models: ['fastchat-t5-3b-v1.0']. Semaphore: Semaphore(value=4, locked=False). call_ct: 0. worker_id: 939bf87a. 
2024-10-24 01:19:10 | INFO | model_worker | Send heart beat. Models: ['fastchat-t5-3b-v1.0']. Semaphore: Semaphore(value=4, locked=False). call_ct: 0. worker_id: 939bf87a. 
2024-10-24 01:19:55 | INFO | model_worker | Send heart beat. Models: ['fastchat-t5-3b-v1.0']. Semaphore: Semaphore(value=4, locked=False). call_ct: 0. worker_id: 939bf87a. 
2024-10-24 01:20:40 | INFO | model_worker | Send heart beat. Models: ['fastchat-t5-3b-v1.0']. Semaphore: Semaphore(value=4, locked=False). call_ct: 0. worker_id: 939bf87a. 
2024-10-24 01:21:25 | INFO | model_worker | Send heart beat. Models: ['fastchat-t5-3b-v1.0']. Semaphore: Semaphore(value=4, locked=False). call_ct: 0. worker_id: 939bf87a. 
2024-10-24 01:22:10 | INFO | model_worker | Send heart beat. Models: ['fastchat-t5-3b-v1.0']. Semaphore: Semaphore(value=4, locked=False). call_ct: 0. worker_id: 939bf87a. 
2024-10-24 01:22:55 | INFO | model_worker | Send heart beat. Models: ['fastchat-t5-3b-v1.0']. Semaphore: Semaphore(value=4, locked=False). call_ct: 0. worker_id: 939bf87a. 
2024-10-24 01:23:40 | INFO | model_worker | Send heart beat. Models: ['fastchat-t5-3b-v1.0']. Semaphore: Semaphore(value=4, locked=False). call_ct: 0. worker_id: 939bf87a. 
2024-10-24 01:24:25 | INFO | model_worker | Send heart beat. Models: ['fastchat-t5-3b-v1.0']. Semaphore: Semaphore(value=4, locked=False). call_ct: 0. worker_id: 939bf87a. 
2024-10-24 01:25:10 | INFO | model_worker | Send heart beat. Models: ['fastchat-t5-3b-v1.0']. Semaphore: Semaphore(value=4, locked=False). call_ct: 0. worker_id: 939bf87a. 
2024-10-24 01:25:56 | INFO | model_worker | Send heart beat. Models: ['fastchat-t5-3b-v1.0']. Semaphore: Semaphore(value=4, locked=False). call_ct: 0. worker_id: 939bf87a. 
2024-10-24 01:26:41 | INFO | model_worker | Send heart beat. Models: ['fastchat-t5-3b-v1.0']. Semaphore: Semaphore(value=4, locked=False). call_ct: 0. worker_id: 939bf87a. 
2024-10-24 01:27:26 | INFO | model_worker | Send heart beat. Models: ['fastchat-t5-3b-v1.0']. Semaphore: Semaphore(value=4, locked=False). call_ct: 0. worker_id: 939bf87a. 
2024-10-24 01:28:11 | INFO | model_worker | Send heart beat. Models: ['fastchat-t5-3b-v1.0']. Semaphore: Semaphore(value=4, locked=False). call_ct: 0. worker_id: 939bf87a. 
2024-10-24 01:28:56 | INFO | model_worker | Send heart beat. Models: ['fastchat-t5-3b-v1.0']. Semaphore: Semaphore(value=4, locked=False). call_ct: 0. worker_id: 939bf87a. 
2024-10-24 01:29:41 | INFO | model_worker | Send heart beat. Models: ['fastchat-t5-3b-v1.0']. Semaphore: Semaphore(value=4, locked=False). call_ct: 0. worker_id: 939bf87a. 
2024-10-24 01:30:26 | INFO | model_worker | Send heart beat. Models: ['fastchat-t5-3b-v1.0']. Semaphore: Semaphore(value=4, locked=False). call_ct: 0. worker_id: 939bf87a. 
2024-10-24 01:31:11 | INFO | model_worker | Send heart beat. Models: ['fastchat-t5-3b-v1.0']. Semaphore: Semaphore(value=4, locked=False). call_ct: 0. worker_id: 939bf87a. 
2024-10-24 01:31:56 | INFO | model_worker | Send heart beat. Models: ['fastchat-t5-3b-v1.0']. Semaphore: Semaphore(value=4, locked=False). call_ct: 0. worker_id: 939bf87a. 
2024-10-24 01:32:41 | INFO | model_worker | Send heart beat. Models: ['fastchat-t5-3b-v1.0']. Semaphore: Semaphore(value=4, locked=False). call_ct: 0. worker_id: 939bf87a. 
2024-10-24 01:33:26 | INFO | model_worker | Send heart beat. Models: ['fastchat-t5-3b-v1.0']. Semaphore: Semaphore(value=4, locked=False). call_ct: 0. worker_id: 939bf87a. 
2024-10-24 01:34:11 | INFO | model_worker | Send heart beat. Models: ['fastchat-t5-3b-v1.0']. Semaphore: Semaphore(value=4, locked=False). call_ct: 0. worker_id: 939bf87a. 
2024-10-24 01:34:56 | INFO | model_worker | Send heart beat. Models: ['fastchat-t5-3b-v1.0']. Semaphore: Semaphore(value=4, locked=False). call_ct: 0. worker_id: 939bf87a. 
2024-10-24 01:35:41 | INFO | model_worker | Send heart beat. Models: ['fastchat-t5-3b-v1.0']. Semaphore: Semaphore(value=4, locked=False). call_ct: 0. worker_id: 939bf87a. 
2024-10-24 01:36:26 | INFO | model_worker | Send heart beat. Models: ['fastchat-t5-3b-v1.0']. Semaphore: Semaphore(value=4, locked=False). call_ct: 0. worker_id: 939bf87a. 
2024-10-24 01:37:11 | INFO | model_worker | Send heart beat. Models: ['fastchat-t5-3b-v1.0']. Semaphore: Semaphore(value=4, locked=False). call_ct: 0. worker_id: 939bf87a. 
2024-10-24 01:37:56 | INFO | model_worker | Send heart beat. Models: ['fastchat-t5-3b-v1.0']. Semaphore: Semaphore(value=4, locked=False). call_ct: 0. worker_id: 939bf87a. 
2024-10-24 01:38:41 | INFO | model_worker | Send heart beat. Models: ['fastchat-t5-3b-v1.0']. Semaphore: Semaphore(value=4, locked=False). call_ct: 0. worker_id: 939bf87a. 
2024-10-24 01:39:26 | INFO | model_worker | Send heart beat. Models: ['fastchat-t5-3b-v1.0']. Semaphore: Semaphore(value=4, locked=False). call_ct: 0. worker_id: 939bf87a. 
2024-10-24 01:40:11 | INFO | model_worker | Send heart beat. Models: ['fastchat-t5-3b-v1.0']. Semaphore: Semaphore(value=4, locked=False). call_ct: 0. worker_id: 939bf87a. 
2024-10-24 01:40:56 | INFO | model_worker | Send heart beat. Models: ['fastchat-t5-3b-v1.0']. Semaphore: Semaphore(value=4, locked=False). call_ct: 0. worker_id: 939bf87a. 
2024-10-24 01:41:41 | INFO | model_worker | Send heart beat. Models: ['fastchat-t5-3b-v1.0']. Semaphore: Semaphore(value=4, locked=False). call_ct: 0. worker_id: 939bf87a. 
2024-10-24 01:42:26 | INFO | model_worker | Send heart beat. Models: ['fastchat-t5-3b-v1.0']. Semaphore: Semaphore(value=4, locked=False). call_ct: 0. worker_id: 939bf87a. 
2024-10-24 01:43:12 | INFO | model_worker | Send heart beat. Models: ['fastchat-t5-3b-v1.0']. Semaphore: Semaphore(value=4, locked=False). call_ct: 0. worker_id: 939bf87a. 
2024-10-24 01:43:57 | INFO | model_worker | Send heart beat. Models: ['fastchat-t5-3b-v1.0']. Semaphore: Semaphore(value=4, locked=False). call_ct: 0. worker_id: 939bf87a. 
2024-10-24 01:44:42 | INFO | model_worker | Send heart beat. Models: ['fastchat-t5-3b-v1.0']. Semaphore: Semaphore(value=4, locked=False). call_ct: 0. worker_id: 939bf87a. 
2024-10-24 01:45:27 | INFO | model_worker | Send heart beat. Models: ['fastchat-t5-3b-v1.0']. Semaphore: Semaphore(value=4, locked=False). call_ct: 0. worker_id: 939bf87a. 
2024-10-24 01:46:12 | INFO | model_worker | Send heart beat. Models: ['fastchat-t5-3b-v1.0']. Semaphore: Semaphore(value=4, locked=False). call_ct: 0. worker_id: 939bf87a. 
2024-10-24 01:46:57 | INFO | model_worker | Send heart beat. Models: ['fastchat-t5-3b-v1.0']. Semaphore: Semaphore(value=4, locked=False). call_ct: 0. worker_id: 939bf87a. 
2024-10-24 01:47:42 | INFO | model_worker | Send heart beat. Models: ['fastchat-t5-3b-v1.0']. Semaphore: Semaphore(value=4, locked=False). call_ct: 0. worker_id: 939bf87a. 
2024-10-24 01:48:27 | INFO | model_worker | Send heart beat. Models: ['fastchat-t5-3b-v1.0']. Semaphore: Semaphore(value=4, locked=False). call_ct: 0. worker_id: 939bf87a. 
2024-10-24 01:49:12 | INFO | model_worker | Send heart beat. Models: ['fastchat-t5-3b-v1.0']. Semaphore: Semaphore(value=4, locked=False). call_ct: 0. worker_id: 939bf87a. 
2024-10-24 01:49:57 | INFO | model_worker | Send heart beat. Models: ['fastchat-t5-3b-v1.0']. Semaphore: Semaphore(value=4, locked=False). call_ct: 0. worker_id: 939bf87a. 
2024-10-24 01:50:42 | INFO | model_worker | Send heart beat. Models: ['fastchat-t5-3b-v1.0']. Semaphore: Semaphore(value=4, locked=False). call_ct: 0. worker_id: 939bf87a. 
2024-10-24 01:51:27 | INFO | model_worker | Send heart beat. Models: ['fastchat-t5-3b-v1.0']. Semaphore: Semaphore(value=4, locked=False). call_ct: 0. worker_id: 939bf87a. 
2024-10-24 01:52:12 | INFO | model_worker | Send heart beat. Models: ['fastchat-t5-3b-v1.0']. Semaphore: Semaphore(value=4, locked=False). call_ct: 0. worker_id: 939bf87a. 
2024-10-24 01:52:57 | INFO | model_worker | Send heart beat. Models: ['fastchat-t5-3b-v1.0']. Semaphore: Semaphore(value=4, locked=False). call_ct: 0. worker_id: 939bf87a. 
2024-10-24 01:53:42 | INFO | model_worker | Send heart beat. Models: ['fastchat-t5-3b-v1.0']. Semaphore: Semaphore(value=4, locked=False). call_ct: 0. worker_id: 939bf87a. 
2024-10-24 01:54:27 | INFO | model_worker | Send heart beat. Models: ['fastchat-t5-3b-v1.0']. Semaphore: Semaphore(value=4, locked=False). call_ct: 0. worker_id: 939bf87a. 
2024-10-24 01:55:12 | INFO | model_worker | Send heart beat. Models: ['fastchat-t5-3b-v1.0']. Semaphore: Semaphore(value=4, locked=False). call_ct: 0. worker_id: 939bf87a. 
2024-10-24 01:55:57 | INFO | model_worker | Send heart beat. Models: ['fastchat-t5-3b-v1.0']. Semaphore: Semaphore(value=4, locked=False). call_ct: 0. worker_id: 939bf87a. 
2024-10-24 01:56:42 | INFO | model_worker | Send heart beat. Models: ['fastchat-t5-3b-v1.0']. Semaphore: Semaphore(value=4, locked=False). call_ct: 0. worker_id: 939bf87a. 
2024-10-24 01:57:27 | INFO | model_worker | Send heart beat. Models: ['fastchat-t5-3b-v1.0']. Semaphore: Semaphore(value=4, locked=False). call_ct: 0. worker_id: 939bf87a. 
2024-10-24 01:58:12 | INFO | model_worker | Send heart beat. Models: ['fastchat-t5-3b-v1.0']. Semaphore: Semaphore(value=4, locked=False). call_ct: 0. worker_id: 939bf87a. 
2024-10-24 01:58:57 | INFO | model_worker | Send heart beat. Models: ['fastchat-t5-3b-v1.0']. Semaphore: Semaphore(value=4, locked=False). call_ct: 0. worker_id: 939bf87a. 
2024-10-24 01:59:43 | INFO | model_worker | Send heart beat. Models: ['fastchat-t5-3b-v1.0']. Semaphore: Semaphore(value=4, locked=False). call_ct: 0. worker_id: 939bf87a. 
2024-10-24 02:00:28 | INFO | model_worker | Send heart beat. Models: ['fastchat-t5-3b-v1.0']. Semaphore: Semaphore(value=4, locked=False). call_ct: 0. worker_id: 939bf87a. 
2024-10-24 02:01:13 | INFO | model_worker | Send heart beat. Models: ['fastchat-t5-3b-v1.0']. Semaphore: Semaphore(value=4, locked=False). call_ct: 0. worker_id: 939bf87a. 
2024-10-24 02:01:58 | INFO | model_worker | Send heart beat. Models: ['fastchat-t5-3b-v1.0']. Semaphore: Semaphore(value=4, locked=False). call_ct: 0. worker_id: 939bf87a. 
2024-10-24 02:02:43 | INFO | model_worker | Send heart beat. Models: ['fastchat-t5-3b-v1.0']. Semaphore: Semaphore(value=4, locked=False). call_ct: 0. worker_id: 939bf87a. 
2024-10-24 02:03:28 | INFO | model_worker | Send heart beat. Models: ['fastchat-t5-3b-v1.0']. Semaphore: Semaphore(value=4, locked=False). call_ct: 0. worker_id: 939bf87a. 
2024-10-24 02:04:13 | INFO | model_worker | Send heart beat. Models: ['fastchat-t5-3b-v1.0']. Semaphore: Semaphore(value=4, locked=False). call_ct: 0. worker_id: 939bf87a. 
2024-10-24 02:04:58 | INFO | model_worker | Send heart beat. Models: ['fastchat-t5-3b-v1.0']. Semaphore: Semaphore(value=4, locked=False). call_ct: 0. worker_id: 939bf87a. 
2024-10-24 02:05:43 | INFO | model_worker | Send heart beat. Models: ['fastchat-t5-3b-v1.0']. Semaphore: Semaphore(value=4, locked=False). call_ct: 0. worker_id: 939bf87a. 
2024-10-24 02:06:28 | INFO | model_worker | Send heart beat. Models: ['fastchat-t5-3b-v1.0']. Semaphore: Semaphore(value=4, locked=False). call_ct: 0. worker_id: 939bf87a. 
2024-10-24 02:07:13 | INFO | model_worker | Send heart beat. Models: ['fastchat-t5-3b-v1.0']. Semaphore: Semaphore(value=4, locked=False). call_ct: 0. worker_id: 939bf87a. 
2024-10-24 02:07:58 | INFO | model_worker | Send heart beat. Models: ['fastchat-t5-3b-v1.0']. Semaphore: Semaphore(value=4, locked=False). call_ct: 0. worker_id: 939bf87a. 
2024-10-24 02:08:43 | INFO | model_worker | Send heart beat. Models: ['fastchat-t5-3b-v1.0']. Semaphore: Semaphore(value=4, locked=False). call_ct: 0. worker_id: 939bf87a. 
2024-10-24 02:09:28 | INFO | model_worker | Send heart beat. Models: ['fastchat-t5-3b-v1.0']. Semaphore: Semaphore(value=4, locked=False). call_ct: 0. worker_id: 939bf87a. 
2024-10-24 02:10:13 | INFO | model_worker | Send heart beat. Models: ['fastchat-t5-3b-v1.0']. Semaphore: Semaphore(value=4, locked=False). call_ct: 0. worker_id: 939bf87a. 
2024-10-24 02:10:58 | INFO | model_worker | Send heart beat. Models: ['fastchat-t5-3b-v1.0']. Semaphore: Semaphore(value=4, locked=False). call_ct: 0. worker_id: 939bf87a. 
2024-10-24 02:11:43 | INFO | model_worker | Send heart beat. Models: ['fastchat-t5-3b-v1.0']. Semaphore: Semaphore(value=4, locked=False). call_ct: 0. worker_id: 939bf87a. 
2024-10-24 02:12:28 | INFO | model_worker | Send heart beat. Models: ['fastchat-t5-3b-v1.0']. Semaphore: Semaphore(value=4, locked=False). call_ct: 0. worker_id: 939bf87a. 
2024-10-24 02:13:13 | INFO | model_worker | Send heart beat. Models: ['fastchat-t5-3b-v1.0']. Semaphore: Semaphore(value=4, locked=False). call_ct: 0. worker_id: 939bf87a. 
2024-10-24 02:13:58 | INFO | model_worker | Send heart beat. Models: ['fastchat-t5-3b-v1.0']. Semaphore: Semaphore(value=4, locked=False). call_ct: 0. worker_id: 939bf87a. 
2024-10-24 02:14:43 | INFO | model_worker | Send heart beat. Models: ['fastchat-t5-3b-v1.0']. Semaphore: Semaphore(value=4, locked=False). call_ct: 0. worker_id: 939bf87a. 
2024-10-24 02:15:28 | INFO | model_worker | Send heart beat. Models: ['fastchat-t5-3b-v1.0']. Semaphore: Semaphore(value=4, locked=False). call_ct: 0. worker_id: 939bf87a. 
2024-10-24 02:16:14 | INFO | model_worker | Send heart beat. Models: ['fastchat-t5-3b-v1.0']. Semaphore: Semaphore(value=4, locked=False). call_ct: 0. worker_id: 939bf87a. 
2024-10-24 02:16:59 | INFO | model_worker | Send heart beat. Models: ['fastchat-t5-3b-v1.0']. Semaphore: Semaphore(value=4, locked=False). call_ct: 0. worker_id: 939bf87a. 
2024-10-24 02:17:44 | INFO | model_worker | Send heart beat. Models: ['fastchat-t5-3b-v1.0']. Semaphore: Semaphore(value=4, locked=False). call_ct: 0. worker_id: 939bf87a. 
2024-10-24 02:18:29 | INFO | model_worker | Send heart beat. Models: ['fastchat-t5-3b-v1.0']. Semaphore: Semaphore(value=4, locked=False). call_ct: 0. worker_id: 939bf87a. 
2024-10-24 02:19:14 | INFO | model_worker | Send heart beat. Models: ['fastchat-t5-3b-v1.0']. Semaphore: Semaphore(value=4, locked=False). call_ct: 0. worker_id: 939bf87a. 
2024-10-24 02:19:59 | INFO | model_worker | Send heart beat. Models: ['fastchat-t5-3b-v1.0']. Semaphore: Semaphore(value=4, locked=False). call_ct: 0. worker_id: 939bf87a. 
2024-10-24 02:20:44 | INFO | model_worker | Send heart beat. Models: ['fastchat-t5-3b-v1.0']. Semaphore: Semaphore(value=4, locked=False). call_ct: 0. worker_id: 939bf87a. 
2024-10-24 02:21:29 | INFO | model_worker | Send heart beat. Models: ['fastchat-t5-3b-v1.0']. Semaphore: Semaphore(value=4, locked=False). call_ct: 0. worker_id: 939bf87a. 
2024-10-24 02:22:14 | INFO | model_worker | Send heart beat. Models: ['fastchat-t5-3b-v1.0']. Semaphore: Semaphore(value=4, locked=False). call_ct: 0. worker_id: 939bf87a. 
2024-10-24 02:22:59 | INFO | model_worker | Send heart beat. Models: ['fastchat-t5-3b-v1.0']. Semaphore: Semaphore(value=4, locked=False). call_ct: 0. worker_id: 939bf87a. 
2024-10-24 02:23:44 | INFO | model_worker | Send heart beat. Models: ['fastchat-t5-3b-v1.0']. Semaphore: Semaphore(value=4, locked=False). call_ct: 0. worker_id: 939bf87a. 
2024-10-24 02:24:29 | INFO | model_worker | Send heart beat. Models: ['fastchat-t5-3b-v1.0']. Semaphore: Semaphore(value=4, locked=False). call_ct: 0. worker_id: 939bf87a. 
2024-10-24 02:25:14 | INFO | model_worker | Send heart beat. Models: ['fastchat-t5-3b-v1.0']. Semaphore: Semaphore(value=4, locked=False). call_ct: 0. worker_id: 939bf87a. 
2024-10-24 02:25:59 | INFO | model_worker | Send heart beat. Models: ['fastchat-t5-3b-v1.0']. Semaphore: Semaphore(value=4, locked=False). call_ct: 0. worker_id: 939bf87a. 
2024-10-24 02:26:44 | INFO | model_worker | Send heart beat. Models: ['fastchat-t5-3b-v1.0']. Semaphore: Semaphore(value=4, locked=False). call_ct: 0. worker_id: 939bf87a. 
2024-10-24 02:27:29 | INFO | model_worker | Send heart beat. Models: ['fastchat-t5-3b-v1.0']. Semaphore: Semaphore(value=4, locked=False). call_ct: 0. worker_id: 939bf87a. 
2024-10-24 02:28:14 | INFO | model_worker | Send heart beat. Models: ['fastchat-t5-3b-v1.0']. Semaphore: Semaphore(value=4, locked=False). call_ct: 0. worker_id: 939bf87a. 
2024-10-24 02:28:59 | INFO | model_worker | Send heart beat. Models: ['fastchat-t5-3b-v1.0']. Semaphore: Semaphore(value=4, locked=False). call_ct: 0. worker_id: 939bf87a. 
2024-10-24 02:29:44 | INFO | model_worker | Send heart beat. Models: ['fastchat-t5-3b-v1.0']. Semaphore: Semaphore(value=4, locked=False). call_ct: 0. worker_id: 939bf87a. 
2024-10-24 02:30:29 | INFO | model_worker | Send heart beat. Models: ['fastchat-t5-3b-v1.0']. Semaphore: Semaphore(value=4, locked=False). call_ct: 0. worker_id: 939bf87a. 
2024-10-24 02:31:14 | INFO | model_worker | Send heart beat. Models: ['fastchat-t5-3b-v1.0']. Semaphore: Semaphore(value=4, locked=False). call_ct: 0. worker_id: 939bf87a. 
2024-10-24 02:31:59 | INFO | model_worker | Send heart beat. Models: ['fastchat-t5-3b-v1.0']. Semaphore: Semaphore(value=4, locked=False). call_ct: 0. worker_id: 939bf87a. 
2024-10-24 02:32:45 | INFO | model_worker | Send heart beat. Models: ['fastchat-t5-3b-v1.0']. Semaphore: Semaphore(value=4, locked=False). call_ct: 0. worker_id: 939bf87a. 
2024-10-24 02:33:30 | INFO | model_worker | Send heart beat. Models: ['fastchat-t5-3b-v1.0']. Semaphore: Semaphore(value=4, locked=False). call_ct: 0. worker_id: 939bf87a. 
2024-10-24 02:34:15 | INFO | model_worker | Send heart beat. Models: ['fastchat-t5-3b-v1.0']. Semaphore: Semaphore(value=4, locked=False). call_ct: 0. worker_id: 939bf87a. 
2024-10-24 02:35:00 | INFO | model_worker | Send heart beat. Models: ['fastchat-t5-3b-v1.0']. Semaphore: Semaphore(value=4, locked=False). call_ct: 0. worker_id: 939bf87a. 
2024-10-24 02:35:45 | INFO | model_worker | Send heart beat. Models: ['fastchat-t5-3b-v1.0']. Semaphore: Semaphore(value=4, locked=False). call_ct: 0. worker_id: 939bf87a. 
2024-10-24 02:36:30 | INFO | model_worker | Send heart beat. Models: ['fastchat-t5-3b-v1.0']. Semaphore: Semaphore(value=4, locked=False). call_ct: 0. worker_id: 939bf87a. 
2024-10-24 02:37:15 | INFO | model_worker | Send heart beat. Models: ['fastchat-t5-3b-v1.0']. Semaphore: Semaphore(value=4, locked=False). call_ct: 0. worker_id: 939bf87a. 
2024-10-24 02:38:00 | INFO | model_worker | Send heart beat. Models: ['fastchat-t5-3b-v1.0']. Semaphore: Semaphore(value=4, locked=False). call_ct: 0. worker_id: 939bf87a. 
2024-10-24 02:38:45 | INFO | model_worker | Send heart beat. Models: ['fastchat-t5-3b-v1.0']. Semaphore: Semaphore(value=4, locked=False). call_ct: 0. worker_id: 939bf87a. 
2024-10-24 02:39:30 | INFO | model_worker | Send heart beat. Models: ['fastchat-t5-3b-v1.0']. Semaphore: Semaphore(value=4, locked=False). call_ct: 0. worker_id: 939bf87a. 
2024-10-24 02:40:15 | INFO | model_worker | Send heart beat. Models: ['fastchat-t5-3b-v1.0']. Semaphore: Semaphore(value=4, locked=False). call_ct: 0. worker_id: 939bf87a. 
2024-10-24 02:41:00 | INFO | model_worker | Send heart beat. Models: ['fastchat-t5-3b-v1.0']. Semaphore: Semaphore(value=4, locked=False). call_ct: 0. worker_id: 939bf87a. 
2024-10-24 02:41:45 | INFO | model_worker | Send heart beat. Models: ['fastchat-t5-3b-v1.0']. Semaphore: Semaphore(value=4, locked=False). call_ct: 0. worker_id: 939bf87a. 
2024-10-24 02:42:30 | INFO | model_worker | Send heart beat. Models: ['fastchat-t5-3b-v1.0']. Semaphore: Semaphore(value=4, locked=False). call_ct: 0. worker_id: 939bf87a. 
2024-10-24 02:43:15 | INFO | model_worker | Send heart beat. Models: ['fastchat-t5-3b-v1.0']. Semaphore: Semaphore(value=4, locked=False). call_ct: 0. worker_id: 939bf87a. 
2024-10-24 02:44:00 | INFO | model_worker | Send heart beat. Models: ['fastchat-t5-3b-v1.0']. Semaphore: Semaphore(value=4, locked=False). call_ct: 0. worker_id: 939bf87a. 
2024-10-24 02:44:45 | INFO | model_worker | Send heart beat. Models: ['fastchat-t5-3b-v1.0']. Semaphore: Semaphore(value=4, locked=False). call_ct: 0. worker_id: 939bf87a. 
2024-10-24 02:45:30 | INFO | model_worker | Send heart beat. Models: ['fastchat-t5-3b-v1.0']. Semaphore: Semaphore(value=4, locked=False). call_ct: 0. worker_id: 939bf87a. 
2024-10-24 02:46:15 | INFO | model_worker | Send heart beat. Models: ['fastchat-t5-3b-v1.0']. Semaphore: Semaphore(value=4, locked=False). call_ct: 0. worker_id: 939bf87a. 
2024-10-24 02:47:00 | INFO | model_worker | Send heart beat. Models: ['fastchat-t5-3b-v1.0']. Semaphore: Semaphore(value=4, locked=False). call_ct: 0. worker_id: 939bf87a. 
2024-10-24 02:47:45 | INFO | model_worker | Send heart beat. Models: ['fastchat-t5-3b-v1.0']. Semaphore: Semaphore(value=4, locked=False). call_ct: 0. worker_id: 939bf87a. 
2024-10-24 02:48:30 | INFO | model_worker | Send heart beat. Models: ['fastchat-t5-3b-v1.0']. Semaphore: Semaphore(value=4, locked=False). call_ct: 0. worker_id: 939bf87a. 
2024-10-24 02:49:15 | INFO | model_worker | Send heart beat. Models: ['fastchat-t5-3b-v1.0']. Semaphore: Semaphore(value=4, locked=False). call_ct: 0. worker_id: 939bf87a. 
2024-10-24 02:50:01 | INFO | model_worker | Send heart beat. Models: ['fastchat-t5-3b-v1.0']. Semaphore: Semaphore(value=4, locked=False). call_ct: 0. worker_id: 939bf87a. 
2024-10-24 02:50:46 | INFO | model_worker | Send heart beat. Models: ['fastchat-t5-3b-v1.0']. Semaphore: Semaphore(value=4, locked=False). call_ct: 0. worker_id: 939bf87a. 
2024-10-24 02:51:31 | INFO | model_worker | Send heart beat. Models: ['fastchat-t5-3b-v1.0']. Semaphore: Semaphore(value=4, locked=False). call_ct: 0. worker_id: 939bf87a. 
2024-10-24 02:52:16 | INFO | model_worker | Send heart beat. Models: ['fastchat-t5-3b-v1.0']. Semaphore: Semaphore(value=4, locked=False). call_ct: 0. worker_id: 939bf87a. 
2024-10-24 02:53:01 | INFO | model_worker | Send heart beat. Models: ['fastchat-t5-3b-v1.0']. Semaphore: Semaphore(value=4, locked=False). call_ct: 0. worker_id: 939bf87a. 
2024-10-24 02:53:46 | INFO | model_worker | Send heart beat. Models: ['fastchat-t5-3b-v1.0']. Semaphore: Semaphore(value=4, locked=False). call_ct: 0. worker_id: 939bf87a. 
2024-10-24 02:54:31 | INFO | model_worker | Send heart beat. Models: ['fastchat-t5-3b-v1.0']. Semaphore: Semaphore(value=4, locked=False). call_ct: 0. worker_id: 939bf87a. 
2024-10-24 02:55:16 | INFO | model_worker | Send heart beat. Models: ['fastchat-t5-3b-v1.0']. Semaphore: Semaphore(value=4, locked=False). call_ct: 0. worker_id: 939bf87a. 
2024-10-24 02:56:01 | INFO | model_worker | Send heart beat. Models: ['fastchat-t5-3b-v1.0']. Semaphore: Semaphore(value=4, locked=False). call_ct: 0. worker_id: 939bf87a. 
2024-10-24 02:56:46 | INFO | model_worker | Send heart beat. Models: ['fastchat-t5-3b-v1.0']. Semaphore: Semaphore(value=4, locked=False). call_ct: 0. worker_id: 939bf87a. 
2024-10-24 02:57:31 | INFO | model_worker | Send heart beat. Models: ['fastchat-t5-3b-v1.0']. Semaphore: Semaphore(value=4, locked=False). call_ct: 0. worker_id: 939bf87a. 
2024-10-24 02:58:16 | INFO | model_worker | Send heart beat. Models: ['fastchat-t5-3b-v1.0']. Semaphore: Semaphore(value=4, locked=False). call_ct: 0. worker_id: 939bf87a. 
2024-10-24 02:59:01 | INFO | model_worker | Send heart beat. Models: ['fastchat-t5-3b-v1.0']. Semaphore: Semaphore(value=4, locked=False). call_ct: 0. worker_id: 939bf87a. 
2024-10-24 02:59:46 | INFO | model_worker | Send heart beat. Models: ['fastchat-t5-3b-v1.0']. Semaphore: Semaphore(value=4, locked=False). call_ct: 0. worker_id: 939bf87a. 
2024-10-24 03:00:31 | INFO | model_worker | Send heart beat. Models: ['fastchat-t5-3b-v1.0']. Semaphore: Semaphore(value=4, locked=False). call_ct: 0. worker_id: 939bf87a. 
2024-10-24 03:01:16 | INFO | model_worker | Send heart beat. Models: ['fastchat-t5-3b-v1.0']. Semaphore: Semaphore(value=4, locked=False). call_ct: 0. worker_id: 939bf87a. 
2024-10-24 03:02:01 | INFO | model_worker | Send heart beat. Models: ['fastchat-t5-3b-v1.0']. Semaphore: Semaphore(value=4, locked=False). call_ct: 0. worker_id: 939bf87a. 
2024-10-24 03:02:46 | INFO | model_worker | Send heart beat. Models: ['fastchat-t5-3b-v1.0']. Semaphore: Semaphore(value=4, locked=False). call_ct: 0. worker_id: 939bf87a. 
2024-10-24 03:03:31 | INFO | model_worker | Send heart beat. Models: ['fastchat-t5-3b-v1.0']. Semaphore: Semaphore(value=4, locked=False). call_ct: 0. worker_id: 939bf87a. 
2024-10-24 03:04:16 | INFO | model_worker | Send heart beat. Models: ['fastchat-t5-3b-v1.0']. Semaphore: Semaphore(value=4, locked=False). call_ct: 0. worker_id: 939bf87a. 
2024-10-24 03:05:01 | INFO | model_worker | Send heart beat. Models: ['fastchat-t5-3b-v1.0']. Semaphore: Semaphore(value=4, locked=False). call_ct: 0. worker_id: 939bf87a. 
2024-10-24 03:05:47 | INFO | model_worker | Send heart beat. Models: ['fastchat-t5-3b-v1.0']. Semaphore: Semaphore(value=4, locked=False). call_ct: 0. worker_id: 939bf87a. 
2024-10-24 03:06:32 | INFO | model_worker | Send heart beat. Models: ['fastchat-t5-3b-v1.0']. Semaphore: Semaphore(value=4, locked=False). call_ct: 0. worker_id: 939bf87a. 
2024-10-24 03:07:17 | INFO | model_worker | Send heart beat. Models: ['fastchat-t5-3b-v1.0']. Semaphore: Semaphore(value=4, locked=False). call_ct: 0. worker_id: 939bf87a. 
2024-10-24 03:08:02 | INFO | model_worker | Send heart beat. Models: ['fastchat-t5-3b-v1.0']. Semaphore: Semaphore(value=4, locked=False). call_ct: 0. worker_id: 939bf87a. 
2024-10-24 03:08:47 | INFO | model_worker | Send heart beat. Models: ['fastchat-t5-3b-v1.0']. Semaphore: Semaphore(value=4, locked=False). call_ct: 0. worker_id: 939bf87a. 
2024-10-24 03:09:32 | INFO | model_worker | Send heart beat. Models: ['fastchat-t5-3b-v1.0']. Semaphore: Semaphore(value=4, locked=False). call_ct: 0. worker_id: 939bf87a. 
2024-10-24 03:10:17 | INFO | model_worker | Send heart beat. Models: ['fastchat-t5-3b-v1.0']. Semaphore: Semaphore(value=4, locked=False). call_ct: 0. worker_id: 939bf87a. 
2024-10-24 03:11:02 | INFO | model_worker | Send heart beat. Models: ['fastchat-t5-3b-v1.0']. Semaphore: Semaphore(value=4, locked=False). call_ct: 0. worker_id: 939bf87a. 
2024-10-24 03:11:47 | INFO | model_worker | Send heart beat. Models: ['fastchat-t5-3b-v1.0']. Semaphore: Semaphore(value=4, locked=False). call_ct: 0. worker_id: 939bf87a. 
2024-10-24 03:12:32 | INFO | model_worker | Send heart beat. Models: ['fastchat-t5-3b-v1.0']. Semaphore: Semaphore(value=4, locked=False). call_ct: 0. worker_id: 939bf87a. 
2024-10-24 03:13:17 | INFO | model_worker | Send heart beat. Models: ['fastchat-t5-3b-v1.0']. Semaphore: Semaphore(value=4, locked=False). call_ct: 0. worker_id: 939bf87a. 
2024-10-24 03:14:02 | INFO | model_worker | Send heart beat. Models: ['fastchat-t5-3b-v1.0']. Semaphore: Semaphore(value=4, locked=False). call_ct: 0. worker_id: 939bf87a. 
2024-10-24 03:14:47 | INFO | model_worker | Send heart beat. Models: ['fastchat-t5-3b-v1.0']. Semaphore: Semaphore(value=4, locked=False). call_ct: 0. worker_id: 939bf87a. 
2024-10-24 03:15:32 | INFO | model_worker | Send heart beat. Models: ['fastchat-t5-3b-v1.0']. Semaphore: Semaphore(value=4, locked=False). call_ct: 0. worker_id: 939bf87a. 
2024-10-24 03:16:17 | INFO | model_worker | Send heart beat. Models: ['fastchat-t5-3b-v1.0']. Semaphore: Semaphore(value=4, locked=False). call_ct: 0. worker_id: 939bf87a. 
2024-10-24 03:17:02 | INFO | model_worker | Send heart beat. Models: ['fastchat-t5-3b-v1.0']. Semaphore: Semaphore(value=4, locked=False). call_ct: 0. worker_id: 939bf87a. 
2024-10-24 03:17:47 | INFO | model_worker | Send heart beat. Models: ['fastchat-t5-3b-v1.0']. Semaphore: Semaphore(value=4, locked=False). call_ct: 0. worker_id: 939bf87a. 
2024-10-24 03:18:32 | INFO | model_worker | Send heart beat. Models: ['fastchat-t5-3b-v1.0']. Semaphore: Semaphore(value=4, locked=False). call_ct: 0. worker_id: 939bf87a. 
2024-10-24 03:19:17 | INFO | model_worker | Send heart beat. Models: ['fastchat-t5-3b-v1.0']. Semaphore: Semaphore(value=4, locked=False). call_ct: 0. worker_id: 939bf87a. 
2024-10-24 03:20:02 | INFO | model_worker | Send heart beat. Models: ['fastchat-t5-3b-v1.0']. Semaphore: Semaphore(value=4, locked=False). call_ct: 0. worker_id: 939bf87a. 
2024-10-24 03:20:47 | INFO | model_worker | Send heart beat. Models: ['fastchat-t5-3b-v1.0']. Semaphore: Semaphore(value=4, locked=False). call_ct: 0. worker_id: 939bf87a. 
2024-10-24 03:21:32 | INFO | model_worker | Send heart beat. Models: ['fastchat-t5-3b-v1.0']. Semaphore: Semaphore(value=4, locked=False). call_ct: 0. worker_id: 939bf87a. 
2024-10-24 03:22:18 | INFO | model_worker | Send heart beat. Models: ['fastchat-t5-3b-v1.0']. Semaphore: Semaphore(value=4, locked=False). call_ct: 0. worker_id: 939bf87a. 
2024-10-24 03:23:03 | INFO | model_worker | Send heart beat. Models: ['fastchat-t5-3b-v1.0']. Semaphore: Semaphore(value=4, locked=False). call_ct: 0. worker_id: 939bf87a. 
2024-10-24 03:23:48 | INFO | model_worker | Send heart beat. Models: ['fastchat-t5-3b-v1.0']. Semaphore: Semaphore(value=4, locked=False). call_ct: 0. worker_id: 939bf87a. 
2024-10-24 03:24:33 | INFO | model_worker | Send heart beat. Models: ['fastchat-t5-3b-v1.0']. Semaphore: Semaphore(value=4, locked=False). call_ct: 0. worker_id: 939bf87a. 
2024-10-24 03:25:18 | INFO | model_worker | Send heart beat. Models: ['fastchat-t5-3b-v1.0']. Semaphore: Semaphore(value=4, locked=False). call_ct: 0. worker_id: 939bf87a. 
2024-10-24 03:26:03 | INFO | model_worker | Send heart beat. Models: ['fastchat-t5-3b-v1.0']. Semaphore: Semaphore(value=4, locked=False). call_ct: 0. worker_id: 939bf87a. 
2024-10-24 03:26:48 | INFO | model_worker | Send heart beat. Models: ['fastchat-t5-3b-v1.0']. Semaphore: Semaphore(value=4, locked=False). call_ct: 0. worker_id: 939bf87a. 
2024-10-24 03:27:33 | INFO | model_worker | Send heart beat. Models: ['fastchat-t5-3b-v1.0']. Semaphore: Semaphore(value=4, locked=False). call_ct: 0. worker_id: 939bf87a. 
2024-10-24 03:28:18 | INFO | model_worker | Send heart beat. Models: ['fastchat-t5-3b-v1.0']. Semaphore: Semaphore(value=4, locked=False). call_ct: 0. worker_id: 939bf87a. 
2024-10-24 03:29:03 | INFO | model_worker | Send heart beat. Models: ['fastchat-t5-3b-v1.0']. Semaphore: Semaphore(value=4, locked=False). call_ct: 0. worker_id: 939bf87a. 
2024-10-24 03:29:48 | INFO | model_worker | Send heart beat. Models: ['fastchat-t5-3b-v1.0']. Semaphore: Semaphore(value=4, locked=False). call_ct: 0. worker_id: 939bf87a. 
2024-10-24 03:30:33 | INFO | model_worker | Send heart beat. Models: ['fastchat-t5-3b-v1.0']. Semaphore: Semaphore(value=4, locked=False). call_ct: 0. worker_id: 939bf87a. 
2024-10-24 03:31:18 | INFO | model_worker | Send heart beat. Models: ['fastchat-t5-3b-v1.0']. Semaphore: Semaphore(value=4, locked=False). call_ct: 0. worker_id: 939bf87a. 
2024-10-24 03:32:03 | INFO | model_worker | Send heart beat. Models: ['fastchat-t5-3b-v1.0']. Semaphore: Semaphore(value=4, locked=False). call_ct: 0. worker_id: 939bf87a. 
2024-10-24 03:32:48 | INFO | model_worker | Send heart beat. Models: ['fastchat-t5-3b-v1.0']. Semaphore: Semaphore(value=4, locked=False). call_ct: 0. worker_id: 939bf87a. 
2024-10-24 03:33:33 | INFO | model_worker | Send heart beat. Models: ['fastchat-t5-3b-v1.0']. Semaphore: Semaphore(value=4, locked=False). call_ct: 0. worker_id: 939bf87a. 
2024-10-24 03:34:18 | INFO | model_worker | Send heart beat. Models: ['fastchat-t5-3b-v1.0']. Semaphore: Semaphore(value=4, locked=False). call_ct: 0. worker_id: 939bf87a. 
2024-10-24 03:35:03 | INFO | model_worker | Send heart beat. Models: ['fastchat-t5-3b-v1.0']. Semaphore: Semaphore(value=4, locked=False). call_ct: 0. worker_id: 939bf87a. 
2024-10-24 03:35:48 | INFO | model_worker | Send heart beat. Models: ['fastchat-t5-3b-v1.0']. Semaphore: Semaphore(value=4, locked=False). call_ct: 0. worker_id: 939bf87a. 
2024-10-24 03:36:33 | INFO | model_worker | Send heart beat. Models: ['fastchat-t5-3b-v1.0']. Semaphore: Semaphore(value=4, locked=False). call_ct: 0. worker_id: 939bf87a. 
2024-10-24 03:37:18 | INFO | model_worker | Send heart beat. Models: ['fastchat-t5-3b-v1.0']. Semaphore: Semaphore(value=4, locked=False). call_ct: 0. worker_id: 939bf87a. 
2024-10-24 03:38:03 | INFO | model_worker | Send heart beat. Models: ['fastchat-t5-3b-v1.0']. Semaphore: Semaphore(value=4, locked=False). call_ct: 0. worker_id: 939bf87a. 
2024-10-24 03:38:49 | INFO | model_worker | Send heart beat. Models: ['fastchat-t5-3b-v1.0']. Semaphore: Semaphore(value=4, locked=False). call_ct: 0. worker_id: 939bf87a. 
2024-10-24 03:39:34 | INFO | model_worker | Send heart beat. Models: ['fastchat-t5-3b-v1.0']. Semaphore: Semaphore(value=4, locked=False). call_ct: 0. worker_id: 939bf87a. 
2024-10-24 03:40:19 | INFO | model_worker | Send heart beat. Models: ['fastchat-t5-3b-v1.0']. Semaphore: Semaphore(value=4, locked=False). call_ct: 0. worker_id: 939bf87a. 
2024-10-24 03:41:04 | INFO | model_worker | Send heart beat. Models: ['fastchat-t5-3b-v1.0']. Semaphore: Semaphore(value=4, locked=False). call_ct: 0. worker_id: 939bf87a. 
2024-10-24 03:41:49 | INFO | model_worker | Send heart beat. Models: ['fastchat-t5-3b-v1.0']. Semaphore: Semaphore(value=4, locked=False). call_ct: 0. worker_id: 939bf87a. 
2024-10-24 03:42:34 | INFO | model_worker | Send heart beat. Models: ['fastchat-t5-3b-v1.0']. Semaphore: Semaphore(value=4, locked=False). call_ct: 0. worker_id: 939bf87a. 
2024-10-24 03:43:19 | INFO | model_worker | Send heart beat. Models: ['fastchat-t5-3b-v1.0']. Semaphore: Semaphore(value=4, locked=False). call_ct: 0. worker_id: 939bf87a. 
2024-10-24 03:44:04 | INFO | model_worker | Send heart beat. Models: ['fastchat-t5-3b-v1.0']. Semaphore: Semaphore(value=4, locked=False). call_ct: 0. worker_id: 939bf87a. 
2024-10-24 03:44:49 | INFO | model_worker | Send heart beat. Models: ['fastchat-t5-3b-v1.0']. Semaphore: Semaphore(value=4, locked=False). call_ct: 0. worker_id: 939bf87a. 
2024-10-24 03:45:34 | INFO | model_worker | Send heart beat. Models: ['fastchat-t5-3b-v1.0']. Semaphore: Semaphore(value=4, locked=False). call_ct: 0. worker_id: 939bf87a. 
2024-10-24 03:46:19 | INFO | model_worker | Send heart beat. Models: ['fastchat-t5-3b-v1.0']. Semaphore: Semaphore(value=4, locked=False). call_ct: 0. worker_id: 939bf87a. 
2024-10-24 03:47:04 | INFO | model_worker | Send heart beat. Models: ['fastchat-t5-3b-v1.0']. Semaphore: Semaphore(value=4, locked=False). call_ct: 0. worker_id: 939bf87a. 
2024-10-24 03:47:49 | INFO | model_worker | Send heart beat. Models: ['fastchat-t5-3b-v1.0']. Semaphore: Semaphore(value=4, locked=False). call_ct: 0. worker_id: 939bf87a. 
2024-10-24 03:48:34 | INFO | model_worker | Send heart beat. Models: ['fastchat-t5-3b-v1.0']. Semaphore: Semaphore(value=4, locked=False). call_ct: 0. worker_id: 939bf87a. 
2024-10-24 03:49:19 | INFO | model_worker | Send heart beat. Models: ['fastchat-t5-3b-v1.0']. Semaphore: Semaphore(value=4, locked=False). call_ct: 0. worker_id: 939bf87a. 
2024-10-24 03:50:04 | INFO | model_worker | Send heart beat. Models: ['fastchat-t5-3b-v1.0']. Semaphore: Semaphore(value=4, locked=False). call_ct: 0. worker_id: 939bf87a. 
2024-10-24 03:50:49 | INFO | model_worker | Send heart beat. Models: ['fastchat-t5-3b-v1.0']. Semaphore: Semaphore(value=4, locked=False). call_ct: 0. worker_id: 939bf87a. 
2024-10-24 03:51:34 | INFO | model_worker | Send heart beat. Models: ['fastchat-t5-3b-v1.0']. Semaphore: Semaphore(value=4, locked=False). call_ct: 0. worker_id: 939bf87a. 
2024-10-24 03:52:19 | INFO | model_worker | Send heart beat. Models: ['fastchat-t5-3b-v1.0']. Semaphore: Semaphore(value=4, locked=False). call_ct: 0. worker_id: 939bf87a. 
2024-10-24 03:53:04 | INFO | model_worker | Send heart beat. Models: ['fastchat-t5-3b-v1.0']. Semaphore: Semaphore(value=4, locked=False). call_ct: 0. worker_id: 939bf87a. 
2024-10-24 03:53:49 | INFO | model_worker | Send heart beat. Models: ['fastchat-t5-3b-v1.0']. Semaphore: Semaphore(value=4, locked=False). call_ct: 0. worker_id: 939bf87a. 
2024-10-24 03:54:34 | INFO | model_worker | Send heart beat. Models: ['fastchat-t5-3b-v1.0']. Semaphore: Semaphore(value=4, locked=False). call_ct: 0. worker_id: 939bf87a. 
2024-10-24 03:55:20 | INFO | model_worker | Send heart beat. Models: ['fastchat-t5-3b-v1.0']. Semaphore: Semaphore(value=4, locked=False). call_ct: 0. worker_id: 939bf87a. 
2024-10-24 03:56:05 | INFO | model_worker | Send heart beat. Models: ['fastchat-t5-3b-v1.0']. Semaphore: Semaphore(value=4, locked=False). call_ct: 0. worker_id: 939bf87a. 
2024-10-24 03:56:50 | INFO | model_worker | Send heart beat. Models: ['fastchat-t5-3b-v1.0']. Semaphore: Semaphore(value=4, locked=False). call_ct: 0. worker_id: 939bf87a. 
2024-10-24 03:57:35 | INFO | model_worker | Send heart beat. Models: ['fastchat-t5-3b-v1.0']. Semaphore: Semaphore(value=4, locked=False). call_ct: 0. worker_id: 939bf87a. 
2024-10-24 03:58:20 | INFO | model_worker | Send heart beat. Models: ['fastchat-t5-3b-v1.0']. Semaphore: Semaphore(value=4, locked=False). call_ct: 0. worker_id: 939bf87a. 
2024-10-24 03:59:05 | INFO | model_worker | Send heart beat. Models: ['fastchat-t5-3b-v1.0']. Semaphore: Semaphore(value=4, locked=False). call_ct: 0. worker_id: 939bf87a. 
2024-10-24 03:59:50 | INFO | model_worker | Send heart beat. Models: ['fastchat-t5-3b-v1.0']. Semaphore: Semaphore(value=4, locked=False). call_ct: 0. worker_id: 939bf87a. 
2024-10-24 04:00:35 | INFO | model_worker | Send heart beat. Models: ['fastchat-t5-3b-v1.0']. Semaphore: Semaphore(value=4, locked=False). call_ct: 0. worker_id: 939bf87a. 
2024-10-24 04:01:20 | INFO | model_worker | Send heart beat. Models: ['fastchat-t5-3b-v1.0']. Semaphore: Semaphore(value=4, locked=False). call_ct: 0. worker_id: 939bf87a. 
2024-10-24 04:02:05 | INFO | model_worker | Send heart beat. Models: ['fastchat-t5-3b-v1.0']. Semaphore: Semaphore(value=4, locked=False). call_ct: 0. worker_id: 939bf87a. 
2024-10-24 04:02:50 | INFO | model_worker | Send heart beat. Models: ['fastchat-t5-3b-v1.0']. Semaphore: Semaphore(value=4, locked=False). call_ct: 0. worker_id: 939bf87a. 
2024-10-24 04:03:35 | INFO | model_worker | Send heart beat. Models: ['fastchat-t5-3b-v1.0']. Semaphore: Semaphore(value=4, locked=False). call_ct: 0. worker_id: 939bf87a. 
2024-10-24 04:04:20 | INFO | model_worker | Send heart beat. Models: ['fastchat-t5-3b-v1.0']. Semaphore: Semaphore(value=4, locked=False). call_ct: 0. worker_id: 939bf87a. 
2024-10-24 04:05:05 | INFO | model_worker | Send heart beat. Models: ['fastchat-t5-3b-v1.0']. Semaphore: Semaphore(value=4, locked=False). call_ct: 0. worker_id: 939bf87a. 
2024-10-24 04:05:50 | INFO | model_worker | Send heart beat. Models: ['fastchat-t5-3b-v1.0']. Semaphore: Semaphore(value=4, locked=False). call_ct: 0. worker_id: 939bf87a. 
2024-10-24 04:06:35 | INFO | model_worker | Send heart beat. Models: ['fastchat-t5-3b-v1.0']. Semaphore: Semaphore(value=4, locked=False). call_ct: 0. worker_id: 939bf87a. 
2024-10-24 04:07:20 | INFO | model_worker | Send heart beat. Models: ['fastchat-t5-3b-v1.0']. Semaphore: Semaphore(value=4, locked=False). call_ct: 0. worker_id: 939bf87a. 
2024-10-24 04:08:05 | INFO | model_worker | Send heart beat. Models: ['fastchat-t5-3b-v1.0']. Semaphore: Semaphore(value=4, locked=False). call_ct: 0. worker_id: 939bf87a. 
2024-10-24 04:08:50 | INFO | model_worker | Send heart beat. Models: ['fastchat-t5-3b-v1.0']. Semaphore: Semaphore(value=4, locked=False). call_ct: 0. worker_id: 939bf87a. 
2024-10-24 04:09:35 | INFO | model_worker | Send heart beat. Models: ['fastchat-t5-3b-v1.0']. Semaphore: Semaphore(value=4, locked=False). call_ct: 0. worker_id: 939bf87a. 
2024-10-24 04:10:20 | INFO | model_worker | Send heart beat. Models: ['fastchat-t5-3b-v1.0']. Semaphore: Semaphore(value=4, locked=False). call_ct: 0. worker_id: 939bf87a. 
2024-10-24 04:11:05 | INFO | model_worker | Send heart beat. Models: ['fastchat-t5-3b-v1.0']. Semaphore: Semaphore(value=4, locked=False). call_ct: 0. worker_id: 939bf87a. 
2024-10-24 04:11:50 | INFO | model_worker | Send heart beat. Models: ['fastchat-t5-3b-v1.0']. Semaphore: Semaphore(value=4, locked=False). call_ct: 0. worker_id: 939bf87a. 
2024-10-24 04:12:36 | INFO | model_worker | Send heart beat. Models: ['fastchat-t5-3b-v1.0']. Semaphore: Semaphore(value=4, locked=False). call_ct: 0. worker_id: 939bf87a. 
2024-10-24 04:13:21 | INFO | model_worker | Send heart beat. Models: ['fastchat-t5-3b-v1.0']. Semaphore: Semaphore(value=4, locked=False). call_ct: 0. worker_id: 939bf87a. 
2024-10-24 04:14:06 | INFO | model_worker | Send heart beat. Models: ['fastchat-t5-3b-v1.0']. Semaphore: Semaphore(value=4, locked=False). call_ct: 0. worker_id: 939bf87a. 
2024-10-24 04:14:51 | INFO | model_worker | Send heart beat. Models: ['fastchat-t5-3b-v1.0']. Semaphore: Semaphore(value=4, locked=False). call_ct: 0. worker_id: 939bf87a. 
2024-10-24 04:15:36 | INFO | model_worker | Send heart beat. Models: ['fastchat-t5-3b-v1.0']. Semaphore: Semaphore(value=4, locked=False). call_ct: 0. worker_id: 939bf87a. 
2024-10-24 04:16:21 | INFO | model_worker | Send heart beat. Models: ['fastchat-t5-3b-v1.0']. Semaphore: Semaphore(value=4, locked=False). call_ct: 0. worker_id: 939bf87a. 
2024-10-24 04:17:06 | INFO | model_worker | Send heart beat. Models: ['fastchat-t5-3b-v1.0']. Semaphore: Semaphore(value=4, locked=False). call_ct: 0. worker_id: 939bf87a. 
2024-10-24 04:17:51 | INFO | model_worker | Send heart beat. Models: ['fastchat-t5-3b-v1.0']. Semaphore: Semaphore(value=4, locked=False). call_ct: 0. worker_id: 939bf87a. 
2024-10-24 04:18:36 | INFO | model_worker | Send heart beat. Models: ['fastchat-t5-3b-v1.0']. Semaphore: Semaphore(value=4, locked=False). call_ct: 0. worker_id: 939bf87a. 
2024-10-24 04:19:21 | INFO | model_worker | Send heart beat. Models: ['fastchat-t5-3b-v1.0']. Semaphore: Semaphore(value=4, locked=False). call_ct: 0. worker_id: 939bf87a. 
2024-10-24 04:20:06 | INFO | model_worker | Send heart beat. Models: ['fastchat-t5-3b-v1.0']. Semaphore: Semaphore(value=4, locked=False). call_ct: 0. worker_id: 939bf87a. 
2024-10-24 04:20:51 | INFO | model_worker | Send heart beat. Models: ['fastchat-t5-3b-v1.0']. Semaphore: Semaphore(value=4, locked=False). call_ct: 0. worker_id: 939bf87a. 
2024-10-24 04:21:36 | INFO | model_worker | Send heart beat. Models: ['fastchat-t5-3b-v1.0']. Semaphore: Semaphore(value=4, locked=False). call_ct: 0. worker_id: 939bf87a. 
2024-10-24 04:22:21 | INFO | model_worker | Send heart beat. Models: ['fastchat-t5-3b-v1.0']. Semaphore: Semaphore(value=4, locked=False). call_ct: 0. worker_id: 939bf87a. 
2024-10-24 04:23:06 | INFO | model_worker | Send heart beat. Models: ['fastchat-t5-3b-v1.0']. Semaphore: Semaphore(value=4, locked=False). call_ct: 0. worker_id: 939bf87a. 
2024-10-24 04:23:51 | INFO | model_worker | Send heart beat. Models: ['fastchat-t5-3b-v1.0']. Semaphore: Semaphore(value=4, locked=False). call_ct: 0. worker_id: 939bf87a. 
2024-10-24 04:24:36 | INFO | model_worker | Send heart beat. Models: ['fastchat-t5-3b-v1.0']. Semaphore: Semaphore(value=4, locked=False). call_ct: 0. worker_id: 939bf87a. 
2024-10-24 04:25:21 | INFO | model_worker | Send heart beat. Models: ['fastchat-t5-3b-v1.0']. Semaphore: Semaphore(value=4, locked=False). call_ct: 0. worker_id: 939bf87a. 
2024-10-24 04:26:06 | INFO | model_worker | Send heart beat. Models: ['fastchat-t5-3b-v1.0']. Semaphore: Semaphore(value=4, locked=False). call_ct: 0. worker_id: 939bf87a. 
2024-10-24 04:26:51 | INFO | model_worker | Send heart beat. Models: ['fastchat-t5-3b-v1.0']. Semaphore: Semaphore(value=4, locked=False). call_ct: 0. worker_id: 939bf87a. 
2024-10-24 04:27:36 | INFO | model_worker | Send heart beat. Models: ['fastchat-t5-3b-v1.0']. Semaphore: Semaphore(value=4, locked=False). call_ct: 0. worker_id: 939bf87a. 
2024-10-24 04:28:21 | INFO | model_worker | Send heart beat. Models: ['fastchat-t5-3b-v1.0']. Semaphore: Semaphore(value=4, locked=False). call_ct: 0. worker_id: 939bf87a. 
2024-10-24 04:29:06 | INFO | model_worker | Send heart beat. Models: ['fastchat-t5-3b-v1.0']. Semaphore: Semaphore(value=4, locked=False). call_ct: 0. worker_id: 939bf87a. 
2024-10-24 04:29:52 | INFO | model_worker | Send heart beat. Models: ['fastchat-t5-3b-v1.0']. Semaphore: Semaphore(value=4, locked=False). call_ct: 0. worker_id: 939bf87a. 
2024-10-24 04:30:37 | INFO | model_worker | Send heart beat. Models: ['fastchat-t5-3b-v1.0']. Semaphore: Semaphore(value=4, locked=False). call_ct: 0. worker_id: 939bf87a. 
2024-10-24 04:31:22 | INFO | model_worker | Send heart beat. Models: ['fastchat-t5-3b-v1.0']. Semaphore: Semaphore(value=4, locked=False). call_ct: 0. worker_id: 939bf87a. 
2024-10-24 04:32:07 | INFO | model_worker | Send heart beat. Models: ['fastchat-t5-3b-v1.0']. Semaphore: Semaphore(value=4, locked=False). call_ct: 0. worker_id: 939bf87a. 
2024-10-24 04:32:52 | INFO | model_worker | Send heart beat. Models: ['fastchat-t5-3b-v1.0']. Semaphore: Semaphore(value=4, locked=False). call_ct: 0. worker_id: 939bf87a. 
2024-10-24 04:33:37 | INFO | model_worker | Send heart beat. Models: ['fastchat-t5-3b-v1.0']. Semaphore: Semaphore(value=4, locked=False). call_ct: 0. worker_id: 939bf87a. 
2024-10-24 04:34:22 | INFO | model_worker | Send heart beat. Models: ['fastchat-t5-3b-v1.0']. Semaphore: Semaphore(value=4, locked=False). call_ct: 0. worker_id: 939bf87a. 
2024-10-24 04:35:07 | INFO | model_worker | Send heart beat. Models: ['fastchat-t5-3b-v1.0']. Semaphore: Semaphore(value=4, locked=False). call_ct: 0. worker_id: 939bf87a. 
2024-10-24 04:35:52 | INFO | model_worker | Send heart beat. Models: ['fastchat-t5-3b-v1.0']. Semaphore: Semaphore(value=4, locked=False). call_ct: 0. worker_id: 939bf87a. 
2024-10-24 04:36:37 | INFO | model_worker | Send heart beat. Models: ['fastchat-t5-3b-v1.0']. Semaphore: Semaphore(value=4, locked=False). call_ct: 0. worker_id: 939bf87a. 
2024-10-24 04:37:22 | INFO | model_worker | Send heart beat. Models: ['fastchat-t5-3b-v1.0']. Semaphore: Semaphore(value=4, locked=False). call_ct: 0. worker_id: 939bf87a. 
2024-10-24 04:38:07 | INFO | model_worker | Send heart beat. Models: ['fastchat-t5-3b-v1.0']. Semaphore: Semaphore(value=4, locked=False). call_ct: 0. worker_id: 939bf87a. 
2024-10-24 04:38:52 | INFO | model_worker | Send heart beat. Models: ['fastchat-t5-3b-v1.0']. Semaphore: Semaphore(value=4, locked=False). call_ct: 0. worker_id: 939bf87a. 
2024-10-24 04:39:37 | INFO | model_worker | Send heart beat. Models: ['fastchat-t5-3b-v1.0']. Semaphore: Semaphore(value=4, locked=False). call_ct: 0. worker_id: 939bf87a. 
2024-10-24 04:40:22 | INFO | model_worker | Send heart beat. Models: ['fastchat-t5-3b-v1.0']. Semaphore: Semaphore(value=4, locked=False). call_ct: 0. worker_id: 939bf87a. 
2024-10-24 04:41:07 | INFO | model_worker | Send heart beat. Models: ['fastchat-t5-3b-v1.0']. Semaphore: Semaphore(value=4, locked=False). call_ct: 0. worker_id: 939bf87a. 
2024-10-24 04:41:52 | INFO | model_worker | Send heart beat. Models: ['fastchat-t5-3b-v1.0']. Semaphore: Semaphore(value=4, locked=False). call_ct: 0. worker_id: 939bf87a. 
2024-10-24 04:42:37 | INFO | model_worker | Send heart beat. Models: ['fastchat-t5-3b-v1.0']. Semaphore: Semaphore(value=4, locked=False). call_ct: 0. worker_id: 939bf87a. 
2024-10-24 04:43:22 | INFO | model_worker | Send heart beat. Models: ['fastchat-t5-3b-v1.0']. Semaphore: Semaphore(value=4, locked=False). call_ct: 0. worker_id: 939bf87a. 
2024-10-24 04:44:07 | INFO | model_worker | Send heart beat. Models: ['fastchat-t5-3b-v1.0']. Semaphore: Semaphore(value=4, locked=False). call_ct: 0. worker_id: 939bf87a. 
2024-10-24 04:44:52 | INFO | model_worker | Send heart beat. Models: ['fastchat-t5-3b-v1.0']. Semaphore: Semaphore(value=4, locked=False). call_ct: 0. worker_id: 939bf87a. 
2024-10-24 04:45:37 | INFO | model_worker | Send heart beat. Models: ['fastchat-t5-3b-v1.0']. Semaphore: Semaphore(value=4, locked=False). call_ct: 0. worker_id: 939bf87a. 
2024-10-24 04:46:23 | INFO | model_worker | Send heart beat. Models: ['fastchat-t5-3b-v1.0']. Semaphore: Semaphore(value=4, locked=False). call_ct: 0. worker_id: 939bf87a. 
2024-10-24 04:47:08 | INFO | model_worker | Send heart beat. Models: ['fastchat-t5-3b-v1.0']. Semaphore: Semaphore(value=4, locked=False). call_ct: 0. worker_id: 939bf87a. 
2024-10-24 04:47:53 | INFO | model_worker | Send heart beat. Models: ['fastchat-t5-3b-v1.0']. Semaphore: Semaphore(value=4, locked=False). call_ct: 0. worker_id: 939bf87a. 
2024-10-24 04:48:38 | INFO | model_worker | Send heart beat. Models: ['fastchat-t5-3b-v1.0']. Semaphore: Semaphore(value=4, locked=False). call_ct: 0. worker_id: 939bf87a. 
2024-10-24 04:49:23 | INFO | model_worker | Send heart beat. Models: ['fastchat-t5-3b-v1.0']. Semaphore: Semaphore(value=4, locked=False). call_ct: 0. worker_id: 939bf87a. 
2024-10-24 04:50:08 | INFO | model_worker | Send heart beat. Models: ['fastchat-t5-3b-v1.0']. Semaphore: Semaphore(value=4, locked=False). call_ct: 0. worker_id: 939bf87a. 
2024-10-24 04:50:53 | INFO | model_worker | Send heart beat. Models: ['fastchat-t5-3b-v1.0']. Semaphore: Semaphore(value=4, locked=False). call_ct: 0. worker_id: 939bf87a. 
2024-10-24 04:51:38 | INFO | model_worker | Send heart beat. Models: ['fastchat-t5-3b-v1.0']. Semaphore: Semaphore(value=4, locked=False). call_ct: 0. worker_id: 939bf87a. 
2024-10-24 04:52:23 | INFO | model_worker | Send heart beat. Models: ['fastchat-t5-3b-v1.0']. Semaphore: Semaphore(value=4, locked=False). call_ct: 0. worker_id: 939bf87a. 
2024-10-24 04:53:08 | INFO | model_worker | Send heart beat. Models: ['fastchat-t5-3b-v1.0']. Semaphore: Semaphore(value=4, locked=False). call_ct: 0. worker_id: 939bf87a. 
2024-10-24 04:53:53 | INFO | model_worker | Send heart beat. Models: ['fastchat-t5-3b-v1.0']. Semaphore: Semaphore(value=4, locked=False). call_ct: 0. worker_id: 939bf87a. 
2024-10-24 04:54:38 | INFO | model_worker | Send heart beat. Models: ['fastchat-t5-3b-v1.0']. Semaphore: Semaphore(value=4, locked=False). call_ct: 0. worker_id: 939bf87a. 
2024-10-24 04:55:23 | INFO | model_worker | Send heart beat. Models: ['fastchat-t5-3b-v1.0']. Semaphore: Semaphore(value=4, locked=False). call_ct: 0. worker_id: 939bf87a. 
2024-10-24 04:56:08 | INFO | model_worker | Send heart beat. Models: ['fastchat-t5-3b-v1.0']. Semaphore: Semaphore(value=4, locked=False). call_ct: 0. worker_id: 939bf87a. 
2024-10-24 04:56:53 | INFO | model_worker | Send heart beat. Models: ['fastchat-t5-3b-v1.0']. Semaphore: Semaphore(value=4, locked=False). call_ct: 0. worker_id: 939bf87a. 
2024-10-24 04:57:38 | INFO | model_worker | Send heart beat. Models: ['fastchat-t5-3b-v1.0']. Semaphore: Semaphore(value=4, locked=False). call_ct: 0. worker_id: 939bf87a. 
2024-10-24 04:58:23 | INFO | model_worker | Send heart beat. Models: ['fastchat-t5-3b-v1.0']. Semaphore: Semaphore(value=4, locked=False). call_ct: 0. worker_id: 939bf87a. 
2024-10-24 04:59:08 | INFO | model_worker | Send heart beat. Models: ['fastchat-t5-3b-v1.0']. Semaphore: Semaphore(value=4, locked=False). call_ct: 0. worker_id: 939bf87a. 
2024-10-24 04:59:53 | INFO | model_worker | Send heart beat. Models: ['fastchat-t5-3b-v1.0']. Semaphore: Semaphore(value=4, locked=False). call_ct: 0. worker_id: 939bf87a. 
2024-10-24 05:00:38 | INFO | model_worker | Send heart beat. Models: ['fastchat-t5-3b-v1.0']. Semaphore: Semaphore(value=4, locked=False). call_ct: 0. worker_id: 939bf87a. 
2024-10-24 05:01:23 | INFO | model_worker | Send heart beat. Models: ['fastchat-t5-3b-v1.0']. Semaphore: Semaphore(value=4, locked=False). call_ct: 0. worker_id: 939bf87a. 
2024-10-24 05:02:08 | INFO | model_worker | Send heart beat. Models: ['fastchat-t5-3b-v1.0']. Semaphore: Semaphore(value=4, locked=False). call_ct: 0. worker_id: 939bf87a. 
2024-10-24 05:02:54 | INFO | model_worker | Send heart beat. Models: ['fastchat-t5-3b-v1.0']. Semaphore: Semaphore(value=4, locked=False). call_ct: 0. worker_id: 939bf87a. 
2024-10-24 05:03:39 | INFO | model_worker | Send heart beat. Models: ['fastchat-t5-3b-v1.0']. Semaphore: Semaphore(value=4, locked=False). call_ct: 0. worker_id: 939bf87a. 
2024-10-24 05:04:24 | INFO | model_worker | Send heart beat. Models: ['fastchat-t5-3b-v1.0']. Semaphore: Semaphore(value=4, locked=False). call_ct: 0. worker_id: 939bf87a. 
2024-10-24 05:05:09 | INFO | model_worker | Send heart beat. Models: ['fastchat-t5-3b-v1.0']. Semaphore: Semaphore(value=4, locked=False). call_ct: 0. worker_id: 939bf87a. 
2024-10-24 05:05:54 | INFO | model_worker | Send heart beat. Models: ['fastchat-t5-3b-v1.0']. Semaphore: Semaphore(value=4, locked=False). call_ct: 0. worker_id: 939bf87a. 
2024-10-24 05:06:39 | INFO | model_worker | Send heart beat. Models: ['fastchat-t5-3b-v1.0']. Semaphore: Semaphore(value=4, locked=False). call_ct: 0. worker_id: 939bf87a. 
2024-10-24 05:07:24 | INFO | model_worker | Send heart beat. Models: ['fastchat-t5-3b-v1.0']. Semaphore: Semaphore(value=4, locked=False). call_ct: 0. worker_id: 939bf87a. 
2024-10-24 05:08:09 | INFO | model_worker | Send heart beat. Models: ['fastchat-t5-3b-v1.0']. Semaphore: Semaphore(value=4, locked=False). call_ct: 0. worker_id: 939bf87a. 
2024-10-24 05:08:54 | INFO | model_worker | Send heart beat. Models: ['fastchat-t5-3b-v1.0']. Semaphore: Semaphore(value=4, locked=False). call_ct: 0. worker_id: 939bf87a. 
2024-10-24 05:09:39 | INFO | model_worker | Send heart beat. Models: ['fastchat-t5-3b-v1.0']. Semaphore: Semaphore(value=4, locked=False). call_ct: 0. worker_id: 939bf87a. 
2024-10-24 05:10:24 | INFO | model_worker | Send heart beat. Models: ['fastchat-t5-3b-v1.0']. Semaphore: Semaphore(value=4, locked=False). call_ct: 0. worker_id: 939bf87a. 
2024-10-24 05:11:09 | INFO | model_worker | Send heart beat. Models: ['fastchat-t5-3b-v1.0']. Semaphore: Semaphore(value=4, locked=False). call_ct: 0. worker_id: 939bf87a. 
2024-10-24 05:11:54 | INFO | model_worker | Send heart beat. Models: ['fastchat-t5-3b-v1.0']. Semaphore: Semaphore(value=4, locked=False). call_ct: 0. worker_id: 939bf87a. 
2024-10-24 05:12:39 | INFO | model_worker | Send heart beat. Models: ['fastchat-t5-3b-v1.0']. Semaphore: Semaphore(value=4, locked=False). call_ct: 0. worker_id: 939bf87a. 
2024-10-24 05:13:24 | INFO | model_worker | Send heart beat. Models: ['fastchat-t5-3b-v1.0']. Semaphore: Semaphore(value=4, locked=False). call_ct: 0. worker_id: 939bf87a. 
2024-10-24 05:14:09 | INFO | model_worker | Send heart beat. Models: ['fastchat-t5-3b-v1.0']. Semaphore: Semaphore(value=4, locked=False). call_ct: 0. worker_id: 939bf87a. 
2024-10-24 05:14:54 | INFO | model_worker | Send heart beat. Models: ['fastchat-t5-3b-v1.0']. Semaphore: Semaphore(value=4, locked=False). call_ct: 0. worker_id: 939bf87a. 
2024-10-24 05:15:39 | INFO | model_worker | Send heart beat. Models: ['fastchat-t5-3b-v1.0']. Semaphore: Semaphore(value=4, locked=False). call_ct: 0. worker_id: 939bf87a. 
2024-10-24 05:16:24 | INFO | model_worker | Send heart beat. Models: ['fastchat-t5-3b-v1.0']. Semaphore: Semaphore(value=4, locked=False). call_ct: 0. worker_id: 939bf87a. 
2024-10-24 05:17:09 | INFO | model_worker | Send heart beat. Models: ['fastchat-t5-3b-v1.0']. Semaphore: Semaphore(value=4, locked=False). call_ct: 0. worker_id: 939bf87a. 
2024-10-24 05:17:54 | INFO | model_worker | Send heart beat. Models: ['fastchat-t5-3b-v1.0']. Semaphore: Semaphore(value=4, locked=False). call_ct: 0. worker_id: 939bf87a. 
2024-10-24 05:18:39 | INFO | model_worker | Send heart beat. Models: ['fastchat-t5-3b-v1.0']. Semaphore: Semaphore(value=4, locked=False). call_ct: 0. worker_id: 939bf87a. 
2024-10-24 05:19:25 | INFO | model_worker | Send heart beat. Models: ['fastchat-t5-3b-v1.0']. Semaphore: Semaphore(value=4, locked=False). call_ct: 0. worker_id: 939bf87a. 
2024-10-24 05:20:10 | INFO | model_worker | Send heart beat. Models: ['fastchat-t5-3b-v1.0']. Semaphore: Semaphore(value=4, locked=False). call_ct: 0. worker_id: 939bf87a. 
2024-10-24 05:20:55 | INFO | model_worker | Send heart beat. Models: ['fastchat-t5-3b-v1.0']. Semaphore: Semaphore(value=4, locked=False). call_ct: 0. worker_id: 939bf87a. 
2024-10-24 05:21:40 | INFO | model_worker | Send heart beat. Models: ['fastchat-t5-3b-v1.0']. Semaphore: Semaphore(value=4, locked=False). call_ct: 0. worker_id: 939bf87a. 
2024-10-24 05:22:25 | INFO | model_worker | Send heart beat. Models: ['fastchat-t5-3b-v1.0']. Semaphore: Semaphore(value=4, locked=False). call_ct: 0. worker_id: 939bf87a. 
2024-10-24 05:23:10 | INFO | model_worker | Send heart beat. Models: ['fastchat-t5-3b-v1.0']. Semaphore: Semaphore(value=4, locked=False). call_ct: 0. worker_id: 939bf87a. 
2024-10-24 05:23:55 | INFO | model_worker | Send heart beat. Models: ['fastchat-t5-3b-v1.0']. Semaphore: Semaphore(value=4, locked=False). call_ct: 0. worker_id: 939bf87a. 
2024-10-24 05:24:40 | INFO | model_worker | Send heart beat. Models: ['fastchat-t5-3b-v1.0']. Semaphore: Semaphore(value=4, locked=False). call_ct: 0. worker_id: 939bf87a. 
2024-10-24 05:25:25 | INFO | model_worker | Send heart beat. Models: ['fastchat-t5-3b-v1.0']. Semaphore: Semaphore(value=4, locked=False). call_ct: 0. worker_id: 939bf87a. 
2024-10-24 05:26:10 | INFO | model_worker | Send heart beat. Models: ['fastchat-t5-3b-v1.0']. Semaphore: Semaphore(value=4, locked=False). call_ct: 0. worker_id: 939bf87a. 
2024-10-24 05:26:55 | INFO | model_worker | Send heart beat. Models: ['fastchat-t5-3b-v1.0']. Semaphore: Semaphore(value=4, locked=False). call_ct: 0. worker_id: 939bf87a. 
2024-10-24 05:27:40 | INFO | model_worker | Send heart beat. Models: ['fastchat-t5-3b-v1.0']. Semaphore: Semaphore(value=4, locked=False). call_ct: 0. worker_id: 939bf87a. 
2024-10-24 05:28:25 | INFO | model_worker | Send heart beat. Models: ['fastchat-t5-3b-v1.0']. Semaphore: Semaphore(value=4, locked=False). call_ct: 0. worker_id: 939bf87a. 
2024-10-24 05:29:10 | INFO | model_worker | Send heart beat. Models: ['fastchat-t5-3b-v1.0']. Semaphore: Semaphore(value=4, locked=False). call_ct: 0. worker_id: 939bf87a. 
2024-10-24 05:29:55 | INFO | model_worker | Send heart beat. Models: ['fastchat-t5-3b-v1.0']. Semaphore: Semaphore(value=4, locked=False). call_ct: 0. worker_id: 939bf87a. 
2024-10-24 05:30:40 | INFO | model_worker | Send heart beat. Models: ['fastchat-t5-3b-v1.0']. Semaphore: Semaphore(value=4, locked=False). call_ct: 0. worker_id: 939bf87a. 
2024-10-24 05:31:25 | INFO | model_worker | Send heart beat. Models: ['fastchat-t5-3b-v1.0']. Semaphore: Semaphore(value=4, locked=False). call_ct: 0. worker_id: 939bf87a. 
2024-10-24 05:32:10 | INFO | model_worker | Send heart beat. Models: ['fastchat-t5-3b-v1.0']. Semaphore: Semaphore(value=4, locked=False). call_ct: 0. worker_id: 939bf87a. 
2024-10-24 05:32:55 | INFO | model_worker | Send heart beat. Models: ['fastchat-t5-3b-v1.0']. Semaphore: Semaphore(value=4, locked=False). call_ct: 0. worker_id: 939bf87a. 
2024-10-24 05:33:40 | INFO | model_worker | Send heart beat. Models: ['fastchat-t5-3b-v1.0']. Semaphore: Semaphore(value=4, locked=False). call_ct: 0. worker_id: 939bf87a. 
2024-10-24 05:34:25 | INFO | model_worker | Send heart beat. Models: ['fastchat-t5-3b-v1.0']. Semaphore: Semaphore(value=4, locked=False). call_ct: 0. worker_id: 939bf87a. 
2024-10-24 05:35:11 | INFO | model_worker | Send heart beat. Models: ['fastchat-t5-3b-v1.0']. Semaphore: Semaphore(value=4, locked=False). call_ct: 0. worker_id: 939bf87a. 
2024-10-24 05:35:56 | INFO | model_worker | Send heart beat. Models: ['fastchat-t5-3b-v1.0']. Semaphore: Semaphore(value=4, locked=False). call_ct: 0. worker_id: 939bf87a. 
2024-10-24 05:36:41 | INFO | model_worker | Send heart beat. Models: ['fastchat-t5-3b-v1.0']. Semaphore: Semaphore(value=4, locked=False). call_ct: 0. worker_id: 939bf87a. 
2024-10-24 05:37:26 | INFO | model_worker | Send heart beat. Models: ['fastchat-t5-3b-v1.0']. Semaphore: Semaphore(value=4, locked=False). call_ct: 0. worker_id: 939bf87a. 
2024-10-24 05:38:11 | INFO | model_worker | Send heart beat. Models: ['fastchat-t5-3b-v1.0']. Semaphore: Semaphore(value=4, locked=False). call_ct: 0. worker_id: 939bf87a. 
2024-10-24 05:38:56 | INFO | model_worker | Send heart beat. Models: ['fastchat-t5-3b-v1.0']. Semaphore: Semaphore(value=4, locked=False). call_ct: 0. worker_id: 939bf87a. 
2024-10-24 05:39:41 | INFO | model_worker | Send heart beat. Models: ['fastchat-t5-3b-v1.0']. Semaphore: Semaphore(value=4, locked=False). call_ct: 0. worker_id: 939bf87a. 
2024-10-24 05:40:26 | INFO | model_worker | Send heart beat. Models: ['fastchat-t5-3b-v1.0']. Semaphore: Semaphore(value=4, locked=False). call_ct: 0. worker_id: 939bf87a. 
2024-10-24 05:41:11 | INFO | model_worker | Send heart beat. Models: ['fastchat-t5-3b-v1.0']. Semaphore: Semaphore(value=4, locked=False). call_ct: 0. worker_id: 939bf87a. 
2024-10-24 05:41:56 | INFO | model_worker | Send heart beat. Models: ['fastchat-t5-3b-v1.0']. Semaphore: Semaphore(value=4, locked=False). call_ct: 0. worker_id: 939bf87a. 
2024-10-24 05:42:41 | INFO | model_worker | Send heart beat. Models: ['fastchat-t5-3b-v1.0']. Semaphore: Semaphore(value=4, locked=False). call_ct: 0. worker_id: 939bf87a. 
2024-10-24 05:43:26 | INFO | model_worker | Send heart beat. Models: ['fastchat-t5-3b-v1.0']. Semaphore: Semaphore(value=4, locked=False). call_ct: 0. worker_id: 939bf87a. 
2024-10-24 05:44:11 | INFO | model_worker | Send heart beat. Models: ['fastchat-t5-3b-v1.0']. Semaphore: Semaphore(value=4, locked=False). call_ct: 0. worker_id: 939bf87a. 
2024-10-24 05:44:56 | INFO | model_worker | Send heart beat. Models: ['fastchat-t5-3b-v1.0']. Semaphore: Semaphore(value=4, locked=False). call_ct: 0. worker_id: 939bf87a. 
2024-10-24 05:45:41 | INFO | model_worker | Send heart beat. Models: ['fastchat-t5-3b-v1.0']. Semaphore: Semaphore(value=4, locked=False). call_ct: 0. worker_id: 939bf87a. 
2024-10-24 05:46:26 | INFO | model_worker | Send heart beat. Models: ['fastchat-t5-3b-v1.0']. Semaphore: Semaphore(value=4, locked=False). call_ct: 0. worker_id: 939bf87a. 
2024-10-24 05:47:11 | INFO | model_worker | Send heart beat. Models: ['fastchat-t5-3b-v1.0']. Semaphore: Semaphore(value=4, locked=False). call_ct: 0. worker_id: 939bf87a. 
2024-10-24 05:47:56 | INFO | model_worker | Send heart beat. Models: ['fastchat-t5-3b-v1.0']. Semaphore: Semaphore(value=4, locked=False). call_ct: 0. worker_id: 939bf87a. 
2024-10-24 05:48:41 | INFO | model_worker | Send heart beat. Models: ['fastchat-t5-3b-v1.0']. Semaphore: Semaphore(value=4, locked=False). call_ct: 0. worker_id: 939bf87a. 
2024-10-24 05:49:26 | INFO | model_worker | Send heart beat. Models: ['fastchat-t5-3b-v1.0']. Semaphore: Semaphore(value=4, locked=False). call_ct: 0. worker_id: 939bf87a. 
2024-10-24 05:50:11 | INFO | model_worker | Send heart beat. Models: ['fastchat-t5-3b-v1.0']. Semaphore: Semaphore(value=4, locked=False). call_ct: 0. worker_id: 939bf87a. 
2024-10-24 05:50:56 | INFO | model_worker | Send heart beat. Models: ['fastchat-t5-3b-v1.0']. Semaphore: Semaphore(value=4, locked=False). call_ct: 0. worker_id: 939bf87a. 
2024-10-24 05:51:42 | INFO | model_worker | Send heart beat. Models: ['fastchat-t5-3b-v1.0']. Semaphore: Semaphore(value=4, locked=False). call_ct: 0. worker_id: 939bf87a. 
2024-10-24 05:52:27 | INFO | model_worker | Send heart beat. Models: ['fastchat-t5-3b-v1.0']. Semaphore: Semaphore(value=4, locked=False). call_ct: 0. worker_id: 939bf87a. 
2024-10-24 05:53:12 | INFO | model_worker | Send heart beat. Models: ['fastchat-t5-3b-v1.0']. Semaphore: Semaphore(value=4, locked=False). call_ct: 0. worker_id: 939bf87a. 
2024-10-24 05:53:57 | INFO | model_worker | Send heart beat. Models: ['fastchat-t5-3b-v1.0']. Semaphore: Semaphore(value=4, locked=False). call_ct: 0. worker_id: 939bf87a. 
2024-10-24 05:54:42 | INFO | model_worker | Send heart beat. Models: ['fastchat-t5-3b-v1.0']. Semaphore: Semaphore(value=4, locked=False). call_ct: 0. worker_id: 939bf87a. 
2024-10-24 05:55:27 | INFO | model_worker | Send heart beat. Models: ['fastchat-t5-3b-v1.0']. Semaphore: Semaphore(value=4, locked=False). call_ct: 0. worker_id: 939bf87a. 
2024-10-24 05:56:12 | INFO | model_worker | Send heart beat. Models: ['fastchat-t5-3b-v1.0']. Semaphore: Semaphore(value=4, locked=False). call_ct: 0. worker_id: 939bf87a. 
2024-10-24 05:56:57 | INFO | model_worker | Send heart beat. Models: ['fastchat-t5-3b-v1.0']. Semaphore: Semaphore(value=4, locked=False). call_ct: 0. worker_id: 939bf87a. 
2024-10-24 05:57:42 | INFO | model_worker | Send heart beat. Models: ['fastchat-t5-3b-v1.0']. Semaphore: Semaphore(value=4, locked=False). call_ct: 0. worker_id: 939bf87a. 
2024-10-24 05:58:27 | INFO | model_worker | Send heart beat. Models: ['fastchat-t5-3b-v1.0']. Semaphore: Semaphore(value=4, locked=False). call_ct: 0. worker_id: 939bf87a. 
2024-10-24 05:59:12 | INFO | model_worker | Send heart beat. Models: ['fastchat-t5-3b-v1.0']. Semaphore: Semaphore(value=4, locked=False). call_ct: 0. worker_id: 939bf87a. 
2024-10-24 05:59:57 | INFO | model_worker | Send heart beat. Models: ['fastchat-t5-3b-v1.0']. Semaphore: Semaphore(value=4, locked=False). call_ct: 0. worker_id: 939bf87a. 
2024-10-24 06:00:42 | INFO | model_worker | Send heart beat. Models: ['fastchat-t5-3b-v1.0']. Semaphore: Semaphore(value=4, locked=False). call_ct: 0. worker_id: 939bf87a. 
2024-10-24 06:01:27 | INFO | model_worker | Send heart beat. Models: ['fastchat-t5-3b-v1.0']. Semaphore: Semaphore(value=4, locked=False). call_ct: 0. worker_id: 939bf87a. 
2024-10-24 06:02:12 | INFO | model_worker | Send heart beat. Models: ['fastchat-t5-3b-v1.0']. Semaphore: Semaphore(value=4, locked=False). call_ct: 0. worker_id: 939bf87a. 
2024-10-24 06:02:57 | INFO | model_worker | Send heart beat. Models: ['fastchat-t5-3b-v1.0']. Semaphore: Semaphore(value=4, locked=False). call_ct: 0. worker_id: 939bf87a. 
2024-10-24 06:03:42 | INFO | model_worker | Send heart beat. Models: ['fastchat-t5-3b-v1.0']. Semaphore: Semaphore(value=4, locked=False). call_ct: 0. worker_id: 939bf87a. 
2024-10-24 06:04:27 | INFO | model_worker | Send heart beat. Models: ['fastchat-t5-3b-v1.0']. Semaphore: Semaphore(value=4, locked=False). call_ct: 0. worker_id: 939bf87a. 
2024-10-24 06:05:12 | INFO | model_worker | Send heart beat. Models: ['fastchat-t5-3b-v1.0']. Semaphore: Semaphore(value=4, locked=False). call_ct: 0. worker_id: 939bf87a. 
2024-10-24 06:05:57 | INFO | model_worker | Send heart beat. Models: ['fastchat-t5-3b-v1.0']. Semaphore: Semaphore(value=4, locked=False). call_ct: 0. worker_id: 939bf87a. 
2024-10-24 06:06:42 | INFO | model_worker | Send heart beat. Models: ['fastchat-t5-3b-v1.0']. Semaphore: Semaphore(value=4, locked=False). call_ct: 0. worker_id: 939bf87a. 
2024-10-24 06:07:27 | INFO | model_worker | Send heart beat. Models: ['fastchat-t5-3b-v1.0']. Semaphore: Semaphore(value=4, locked=False). call_ct: 0. worker_id: 939bf87a. 
2024-10-24 06:08:13 | INFO | model_worker | Send heart beat. Models: ['fastchat-t5-3b-v1.0']. Semaphore: Semaphore(value=4, locked=False). call_ct: 0. worker_id: 939bf87a. 
2024-10-24 06:08:58 | INFO | model_worker | Send heart beat. Models: ['fastchat-t5-3b-v1.0']. Semaphore: Semaphore(value=4, locked=False). call_ct: 0. worker_id: 939bf87a. 
2024-10-24 06:09:43 | INFO | model_worker | Send heart beat. Models: ['fastchat-t5-3b-v1.0']. Semaphore: Semaphore(value=4, locked=False). call_ct: 0. worker_id: 939bf87a. 
2024-10-24 06:10:28 | INFO | model_worker | Send heart beat. Models: ['fastchat-t5-3b-v1.0']. Semaphore: Semaphore(value=4, locked=False). call_ct: 0. worker_id: 939bf87a. 
2024-10-24 06:11:13 | INFO | model_worker | Send heart beat. Models: ['fastchat-t5-3b-v1.0']. Semaphore: Semaphore(value=4, locked=False). call_ct: 0. worker_id: 939bf87a. 
2024-10-24 06:11:58 | INFO | model_worker | Send heart beat. Models: ['fastchat-t5-3b-v1.0']. Semaphore: Semaphore(value=4, locked=False). call_ct: 0. worker_id: 939bf87a. 
2024-10-24 06:12:43 | INFO | model_worker | Send heart beat. Models: ['fastchat-t5-3b-v1.0']. Semaphore: Semaphore(value=4, locked=False). call_ct: 0. worker_id: 939bf87a. 
2024-10-24 06:13:28 | INFO | model_worker | Send heart beat. Models: ['fastchat-t5-3b-v1.0']. Semaphore: Semaphore(value=4, locked=False). call_ct: 0. worker_id: 939bf87a. 
2024-10-24 06:14:13 | INFO | model_worker | Send heart beat. Models: ['fastchat-t5-3b-v1.0']. Semaphore: Semaphore(value=4, locked=False). call_ct: 0. worker_id: 939bf87a. 
2024-10-24 06:14:58 | INFO | model_worker | Send heart beat. Models: ['fastchat-t5-3b-v1.0']. Semaphore: Semaphore(value=4, locked=False). call_ct: 0. worker_id: 939bf87a. 
2024-10-24 06:15:43 | INFO | model_worker | Send heart beat. Models: ['fastchat-t5-3b-v1.0']. Semaphore: Semaphore(value=4, locked=False). call_ct: 0. worker_id: 939bf87a. 
2024-10-24 06:16:28 | INFO | model_worker | Send heart beat. Models: ['fastchat-t5-3b-v1.0']. Semaphore: Semaphore(value=4, locked=False). call_ct: 0. worker_id: 939bf87a. 
2024-10-24 06:17:13 | INFO | model_worker | Send heart beat. Models: ['fastchat-t5-3b-v1.0']. Semaphore: Semaphore(value=4, locked=False). call_ct: 0. worker_id: 939bf87a. 
2024-10-24 06:17:58 | INFO | model_worker | Send heart beat. Models: ['fastchat-t5-3b-v1.0']. Semaphore: Semaphore(value=4, locked=False). call_ct: 0. worker_id: 939bf87a. 
2024-10-24 06:18:43 | INFO | model_worker | Send heart beat. Models: ['fastchat-t5-3b-v1.0']. Semaphore: Semaphore(value=4, locked=False). call_ct: 0. worker_id: 939bf87a. 
2024-10-24 06:19:28 | INFO | model_worker | Send heart beat. Models: ['fastchat-t5-3b-v1.0']. Semaphore: Semaphore(value=4, locked=False). call_ct: 0. worker_id: 939bf87a. 
2024-10-24 06:20:13 | INFO | model_worker | Send heart beat. Models: ['fastchat-t5-3b-v1.0']. Semaphore: Semaphore(value=4, locked=False). call_ct: 0. worker_id: 939bf87a. 
2024-10-24 06:20:58 | INFO | model_worker | Send heart beat. Models: ['fastchat-t5-3b-v1.0']. Semaphore: Semaphore(value=4, locked=False). call_ct: 0. worker_id: 939bf87a. 
2024-10-24 06:21:43 | INFO | model_worker | Send heart beat. Models: ['fastchat-t5-3b-v1.0']. Semaphore: Semaphore(value=4, locked=False). call_ct: 0. worker_id: 939bf87a. 
2024-10-24 06:22:28 | INFO | model_worker | Send heart beat. Models: ['fastchat-t5-3b-v1.0']. Semaphore: Semaphore(value=4, locked=False). call_ct: 0. worker_id: 939bf87a. 
2024-10-24 06:23:13 | INFO | model_worker | Send heart beat. Models: ['fastchat-t5-3b-v1.0']. Semaphore: Semaphore(value=4, locked=False). call_ct: 0. worker_id: 939bf87a. 
2024-10-24 06:23:58 | INFO | model_worker | Send heart beat. Models: ['fastchat-t5-3b-v1.0']. Semaphore: Semaphore(value=4, locked=False). call_ct: 0. worker_id: 939bf87a. 
2024-10-24 06:24:43 | INFO | model_worker | Send heart beat. Models: ['fastchat-t5-3b-v1.0']. Semaphore: Semaphore(value=4, locked=False). call_ct: 0. worker_id: 939bf87a. 
2024-10-24 06:25:28 | INFO | model_worker | Send heart beat. Models: ['fastchat-t5-3b-v1.0']. Semaphore: Semaphore(value=4, locked=False). call_ct: 0. worker_id: 939bf87a. 
2024-10-24 06:26:14 | INFO | model_worker | Send heart beat. Models: ['fastchat-t5-3b-v1.0']. Semaphore: Semaphore(value=4, locked=False). call_ct: 0. worker_id: 939bf87a. 
2024-10-24 06:26:59 | INFO | model_worker | Send heart beat. Models: ['fastchat-t5-3b-v1.0']. Semaphore: Semaphore(value=4, locked=False). call_ct: 0. worker_id: 939bf87a. 
2024-10-24 06:27:44 | INFO | model_worker | Send heart beat. Models: ['fastchat-t5-3b-v1.0']. Semaphore: Semaphore(value=4, locked=False). call_ct: 0. worker_id: 939bf87a. 
2024-10-24 06:28:29 | INFO | model_worker | Send heart beat. Models: ['fastchat-t5-3b-v1.0']. Semaphore: Semaphore(value=4, locked=False). call_ct: 0. worker_id: 939bf87a. 
2024-10-24 06:29:14 | INFO | model_worker | Send heart beat. Models: ['fastchat-t5-3b-v1.0']. Semaphore: Semaphore(value=4, locked=False). call_ct: 0. worker_id: 939bf87a. 
2024-10-24 06:29:59 | INFO | model_worker | Send heart beat. Models: ['fastchat-t5-3b-v1.0']. Semaphore: Semaphore(value=4, locked=False). call_ct: 0. worker_id: 939bf87a. 
2024-10-24 06:30:44 | INFO | model_worker | Send heart beat. Models: ['fastchat-t5-3b-v1.0']. Semaphore: Semaphore(value=4, locked=False). call_ct: 0. worker_id: 939bf87a. 
2024-10-24 06:31:29 | INFO | model_worker | Send heart beat. Models: ['fastchat-t5-3b-v1.0']. Semaphore: Semaphore(value=4, locked=False). call_ct: 0. worker_id: 939bf87a. 
2024-10-24 06:32:14 | INFO | model_worker | Send heart beat. Models: ['fastchat-t5-3b-v1.0']. Semaphore: Semaphore(value=4, locked=False). call_ct: 0. worker_id: 939bf87a. 
2024-10-24 06:32:59 | INFO | model_worker | Send heart beat. Models: ['fastchat-t5-3b-v1.0']. Semaphore: Semaphore(value=4, locked=False). call_ct: 0. worker_id: 939bf87a. 
2024-10-24 06:33:44 | INFO | model_worker | Send heart beat. Models: ['fastchat-t5-3b-v1.0']. Semaphore: Semaphore(value=4, locked=False). call_ct: 0. worker_id: 939bf87a. 
2024-10-24 06:34:29 | INFO | model_worker | Send heart beat. Models: ['fastchat-t5-3b-v1.0']. Semaphore: Semaphore(value=4, locked=False). call_ct: 0. worker_id: 939bf87a. 
2024-10-24 06:35:14 | INFO | model_worker | Send heart beat. Models: ['fastchat-t5-3b-v1.0']. Semaphore: Semaphore(value=4, locked=False). call_ct: 0. worker_id: 939bf87a. 
2024-10-24 06:35:59 | INFO | model_worker | Send heart beat. Models: ['fastchat-t5-3b-v1.0']. Semaphore: Semaphore(value=4, locked=False). call_ct: 0. worker_id: 939bf87a. 
2024-10-24 06:36:44 | INFO | model_worker | Send heart beat. Models: ['fastchat-t5-3b-v1.0']. Semaphore: Semaphore(value=4, locked=False). call_ct: 0. worker_id: 939bf87a. 
2024-10-24 06:37:29 | INFO | model_worker | Send heart beat. Models: ['fastchat-t5-3b-v1.0']. Semaphore: Semaphore(value=4, locked=False). call_ct: 0. worker_id: 939bf87a. 
2024-10-24 06:38:14 | INFO | model_worker | Send heart beat. Models: ['fastchat-t5-3b-v1.0']. Semaphore: Semaphore(value=4, locked=False). call_ct: 0. worker_id: 939bf87a. 
2024-10-24 06:38:59 | INFO | model_worker | Send heart beat. Models: ['fastchat-t5-3b-v1.0']. Semaphore: Semaphore(value=4, locked=False). call_ct: 0. worker_id: 939bf87a. 
2024-10-24 06:39:44 | INFO | model_worker | Send heart beat. Models: ['fastchat-t5-3b-v1.0']. Semaphore: Semaphore(value=4, locked=False). call_ct: 0. worker_id: 939bf87a. 
2024-10-24 06:40:29 | INFO | model_worker | Send heart beat. Models: ['fastchat-t5-3b-v1.0']. Semaphore: Semaphore(value=4, locked=False). call_ct: 0. worker_id: 939bf87a. 
2024-10-24 06:41:14 | INFO | model_worker | Send heart beat. Models: ['fastchat-t5-3b-v1.0']. Semaphore: Semaphore(value=4, locked=False). call_ct: 0. worker_id: 939bf87a. 
2024-10-24 06:41:59 | INFO | model_worker | Send heart beat. Models: ['fastchat-t5-3b-v1.0']. Semaphore: Semaphore(value=4, locked=False). call_ct: 0. worker_id: 939bf87a. 
2024-10-24 06:42:44 | INFO | model_worker | Send heart beat. Models: ['fastchat-t5-3b-v1.0']. Semaphore: Semaphore(value=4, locked=False). call_ct: 0. worker_id: 939bf87a. 
2024-10-24 06:43:30 | INFO | model_worker | Send heart beat. Models: ['fastchat-t5-3b-v1.0']. Semaphore: Semaphore(value=4, locked=False). call_ct: 0. worker_id: 939bf87a. 
2024-10-24 06:44:15 | INFO | model_worker | Send heart beat. Models: ['fastchat-t5-3b-v1.0']. Semaphore: Semaphore(value=4, locked=False). call_ct: 0. worker_id: 939bf87a. 
2024-10-24 06:45:00 | INFO | model_worker | Send heart beat. Models: ['fastchat-t5-3b-v1.0']. Semaphore: Semaphore(value=4, locked=False). call_ct: 0. worker_id: 939bf87a. 
2024-10-24 06:45:45 | INFO | model_worker | Send heart beat. Models: ['fastchat-t5-3b-v1.0']. Semaphore: Semaphore(value=4, locked=False). call_ct: 0. worker_id: 939bf87a. 
2024-10-24 06:46:30 | INFO | model_worker | Send heart beat. Models: ['fastchat-t5-3b-v1.0']. Semaphore: Semaphore(value=4, locked=False). call_ct: 0. worker_id: 939bf87a. 
2024-10-24 06:47:15 | INFO | model_worker | Send heart beat. Models: ['fastchat-t5-3b-v1.0']. Semaphore: Semaphore(value=4, locked=False). call_ct: 0. worker_id: 939bf87a. 
2024-10-24 06:48:00 | INFO | model_worker | Send heart beat. Models: ['fastchat-t5-3b-v1.0']. Semaphore: Semaphore(value=4, locked=False). call_ct: 0. worker_id: 939bf87a. 
2024-10-24 06:48:45 | INFO | model_worker | Send heart beat. Models: ['fastchat-t5-3b-v1.0']. Semaphore: Semaphore(value=4, locked=False). call_ct: 0. worker_id: 939bf87a. 
2024-10-24 06:49:30 | INFO | model_worker | Send heart beat. Models: ['fastchat-t5-3b-v1.0']. Semaphore: Semaphore(value=4, locked=False). call_ct: 0. worker_id: 939bf87a. 
2024-10-24 06:50:15 | INFO | model_worker | Send heart beat. Models: ['fastchat-t5-3b-v1.0']. Semaphore: Semaphore(value=4, locked=False). call_ct: 0. worker_id: 939bf87a. 
2024-10-24 06:51:00 | INFO | model_worker | Send heart beat. Models: ['fastchat-t5-3b-v1.0']. Semaphore: Semaphore(value=4, locked=False). call_ct: 0. worker_id: 939bf87a. 
2024-10-24 06:51:45 | INFO | model_worker | Send heart beat. Models: ['fastchat-t5-3b-v1.0']. Semaphore: Semaphore(value=4, locked=False). call_ct: 0. worker_id: 939bf87a. 
2024-10-24 06:52:30 | INFO | model_worker | Send heart beat. Models: ['fastchat-t5-3b-v1.0']. Semaphore: Semaphore(value=4, locked=False). call_ct: 0. worker_id: 939bf87a. 
2024-10-24 06:53:15 | INFO | model_worker | Send heart beat. Models: ['fastchat-t5-3b-v1.0']. Semaphore: Semaphore(value=4, locked=False). call_ct: 0. worker_id: 939bf87a. 
2024-10-24 06:54:00 | INFO | model_worker | Send heart beat. Models: ['fastchat-t5-3b-v1.0']. Semaphore: Semaphore(value=4, locked=False). call_ct: 0. worker_id: 939bf87a. 
2024-10-24 06:54:45 | INFO | model_worker | Send heart beat. Models: ['fastchat-t5-3b-v1.0']. Semaphore: Semaphore(value=4, locked=False). call_ct: 0. worker_id: 939bf87a. 
2024-10-24 06:55:30 | INFO | model_worker | Send heart beat. Models: ['fastchat-t5-3b-v1.0']. Semaphore: Semaphore(value=4, locked=False). call_ct: 0. worker_id: 939bf87a. 
2024-10-24 06:56:15 | INFO | model_worker | Send heart beat. Models: ['fastchat-t5-3b-v1.0']. Semaphore: Semaphore(value=4, locked=False). call_ct: 0. worker_id: 939bf87a. 
2024-10-24 06:57:00 | INFO | model_worker | Send heart beat. Models: ['fastchat-t5-3b-v1.0']. Semaphore: Semaphore(value=4, locked=False). call_ct: 0. worker_id: 939bf87a. 
2024-10-24 06:57:45 | INFO | model_worker | Send heart beat. Models: ['fastchat-t5-3b-v1.0']. Semaphore: Semaphore(value=4, locked=False). call_ct: 0. worker_id: 939bf87a. 
2024-10-24 06:58:30 | INFO | model_worker | Send heart beat. Models: ['fastchat-t5-3b-v1.0']. Semaphore: Semaphore(value=4, locked=False). call_ct: 0. worker_id: 939bf87a. 
2024-10-24 06:59:15 | INFO | model_worker | Send heart beat. Models: ['fastchat-t5-3b-v1.0']. Semaphore: Semaphore(value=4, locked=False). call_ct: 0. worker_id: 939bf87a. 
2024-10-24 07:00:01 | INFO | model_worker | Send heart beat. Models: ['fastchat-t5-3b-v1.0']. Semaphore: Semaphore(value=4, locked=False). call_ct: 0. worker_id: 939bf87a. 
2024-10-24 07:00:46 | INFO | model_worker | Send heart beat. Models: ['fastchat-t5-3b-v1.0']. Semaphore: Semaphore(value=4, locked=False). call_ct: 0. worker_id: 939bf87a. 
2024-10-24 07:01:31 | INFO | model_worker | Send heart beat. Models: ['fastchat-t5-3b-v1.0']. Semaphore: Semaphore(value=4, locked=False). call_ct: 0. worker_id: 939bf87a. 
2024-10-24 07:02:16 | INFO | model_worker | Send heart beat. Models: ['fastchat-t5-3b-v1.0']. Semaphore: Semaphore(value=4, locked=False). call_ct: 0. worker_id: 939bf87a. 
2024-10-24 07:03:01 | INFO | model_worker | Send heart beat. Models: ['fastchat-t5-3b-v1.0']. Semaphore: Semaphore(value=4, locked=False). call_ct: 0. worker_id: 939bf87a. 
2024-10-24 07:03:46 | INFO | model_worker | Send heart beat. Models: ['fastchat-t5-3b-v1.0']. Semaphore: Semaphore(value=4, locked=False). call_ct: 0. worker_id: 939bf87a. 
2024-10-24 07:04:31 | INFO | model_worker | Send heart beat. Models: ['fastchat-t5-3b-v1.0']. Semaphore: Semaphore(value=4, locked=False). call_ct: 0. worker_id: 939bf87a. 
2024-10-24 07:05:16 | INFO | model_worker | Send heart beat. Models: ['fastchat-t5-3b-v1.0']. Semaphore: Semaphore(value=4, locked=False). call_ct: 0. worker_id: 939bf87a. 
2024-10-24 07:06:01 | INFO | model_worker | Send heart beat. Models: ['fastchat-t5-3b-v1.0']. Semaphore: Semaphore(value=4, locked=False). call_ct: 0. worker_id: 939bf87a. 
2024-10-24 07:06:46 | INFO | model_worker | Send heart beat. Models: ['fastchat-t5-3b-v1.0']. Semaphore: Semaphore(value=4, locked=False). call_ct: 0. worker_id: 939bf87a. 
2024-10-24 07:07:31 | INFO | model_worker | Send heart beat. Models: ['fastchat-t5-3b-v1.0']. Semaphore: Semaphore(value=4, locked=False). call_ct: 0. worker_id: 939bf87a. 
2024-10-24 07:08:16 | INFO | model_worker | Send heart beat. Models: ['fastchat-t5-3b-v1.0']. Semaphore: Semaphore(value=4, locked=False). call_ct: 0. worker_id: 939bf87a. 
2024-10-24 07:09:01 | INFO | model_worker | Send heart beat. Models: ['fastchat-t5-3b-v1.0']. Semaphore: Semaphore(value=4, locked=False). call_ct: 0. worker_id: 939bf87a. 
2024-10-24 07:09:46 | INFO | model_worker | Send heart beat. Models: ['fastchat-t5-3b-v1.0']. Semaphore: Semaphore(value=4, locked=False). call_ct: 0. worker_id: 939bf87a. 
2024-10-24 07:10:31 | INFO | model_worker | Send heart beat. Models: ['fastchat-t5-3b-v1.0']. Semaphore: Semaphore(value=4, locked=False). call_ct: 0. worker_id: 939bf87a. 
2024-10-24 07:11:16 | INFO | model_worker | Send heart beat. Models: ['fastchat-t5-3b-v1.0']. Semaphore: Semaphore(value=4, locked=False). call_ct: 0. worker_id: 939bf87a. 
2024-10-24 07:12:01 | INFO | model_worker | Send heart beat. Models: ['fastchat-t5-3b-v1.0']. Semaphore: Semaphore(value=4, locked=False). call_ct: 0. worker_id: 939bf87a. 
2024-10-24 07:12:46 | INFO | model_worker | Send heart beat. Models: ['fastchat-t5-3b-v1.0']. Semaphore: Semaphore(value=4, locked=False). call_ct: 0. worker_id: 939bf87a. 
2024-10-24 07:13:31 | INFO | model_worker | Send heart beat. Models: ['fastchat-t5-3b-v1.0']. Semaphore: Semaphore(value=4, locked=False). call_ct: 0. worker_id: 939bf87a. 
2024-10-24 07:14:16 | INFO | model_worker | Send heart beat. Models: ['fastchat-t5-3b-v1.0']. Semaphore: Semaphore(value=4, locked=False). call_ct: 0. worker_id: 939bf87a. 
2024-10-24 07:15:01 | INFO | model_worker | Send heart beat. Models: ['fastchat-t5-3b-v1.0']. Semaphore: Semaphore(value=4, locked=False). call_ct: 0. worker_id: 939bf87a. 
2024-10-24 07:15:46 | INFO | model_worker | Send heart beat. Models: ['fastchat-t5-3b-v1.0']. Semaphore: Semaphore(value=4, locked=False). call_ct: 0. worker_id: 939bf87a. 
2024-10-24 07:16:32 | INFO | model_worker | Send heart beat. Models: ['fastchat-t5-3b-v1.0']. Semaphore: Semaphore(value=4, locked=False). call_ct: 0. worker_id: 939bf87a. 
2024-10-24 07:17:17 | INFO | model_worker | Send heart beat. Models: ['fastchat-t5-3b-v1.0']. Semaphore: Semaphore(value=4, locked=False). call_ct: 0. worker_id: 939bf87a. 
2024-10-24 07:18:02 | INFO | model_worker | Send heart beat. Models: ['fastchat-t5-3b-v1.0']. Semaphore: Semaphore(value=4, locked=False). call_ct: 0. worker_id: 939bf87a. 
2024-10-24 07:18:47 | INFO | model_worker | Send heart beat. Models: ['fastchat-t5-3b-v1.0']. Semaphore: Semaphore(value=4, locked=False). call_ct: 0. worker_id: 939bf87a. 
2024-10-24 07:19:32 | INFO | model_worker | Send heart beat. Models: ['fastchat-t5-3b-v1.0']. Semaphore: Semaphore(value=4, locked=False). call_ct: 0. worker_id: 939bf87a. 
2024-10-24 07:20:17 | INFO | model_worker | Send heart beat. Models: ['fastchat-t5-3b-v1.0']. Semaphore: Semaphore(value=4, locked=False). call_ct: 0. worker_id: 939bf87a. 
2024-10-24 07:21:02 | INFO | model_worker | Send heart beat. Models: ['fastchat-t5-3b-v1.0']. Semaphore: Semaphore(value=4, locked=False). call_ct: 0. worker_id: 939bf87a. 
2024-10-24 07:21:47 | INFO | model_worker | Send heart beat. Models: ['fastchat-t5-3b-v1.0']. Semaphore: Semaphore(value=4, locked=False). call_ct: 0. worker_id: 939bf87a. 
2024-10-24 07:22:32 | INFO | model_worker | Send heart beat. Models: ['fastchat-t5-3b-v1.0']. Semaphore: Semaphore(value=4, locked=False). call_ct: 0. worker_id: 939bf87a. 
2024-10-24 07:23:17 | INFO | model_worker | Send heart beat. Models: ['fastchat-t5-3b-v1.0']. Semaphore: Semaphore(value=4, locked=False). call_ct: 0. worker_id: 939bf87a. 
2024-10-24 07:24:02 | INFO | model_worker | Send heart beat. Models: ['fastchat-t5-3b-v1.0']. Semaphore: Semaphore(value=4, locked=False). call_ct: 0. worker_id: 939bf87a. 
2024-10-24 07:24:47 | INFO | model_worker | Send heart beat. Models: ['fastchat-t5-3b-v1.0']. Semaphore: Semaphore(value=4, locked=False). call_ct: 0. worker_id: 939bf87a. 
2024-10-24 07:25:32 | INFO | model_worker | Send heart beat. Models: ['fastchat-t5-3b-v1.0']. Semaphore: Semaphore(value=4, locked=False). call_ct: 0. worker_id: 939bf87a. 
2024-10-24 07:26:17 | INFO | model_worker | Send heart beat. Models: ['fastchat-t5-3b-v1.0']. Semaphore: Semaphore(value=4, locked=False). call_ct: 0. worker_id: 939bf87a. 
2024-10-24 07:27:02 | INFO | model_worker | Send heart beat. Models: ['fastchat-t5-3b-v1.0']. Semaphore: Semaphore(value=4, locked=False). call_ct: 0. worker_id: 939bf87a. 
2024-10-24 07:27:47 | INFO | model_worker | Send heart beat. Models: ['fastchat-t5-3b-v1.0']. Semaphore: Semaphore(value=4, locked=False). call_ct: 0. worker_id: 939bf87a. 
2024-10-24 07:28:32 | INFO | model_worker | Send heart beat. Models: ['fastchat-t5-3b-v1.0']. Semaphore: Semaphore(value=4, locked=False). call_ct: 0. worker_id: 939bf87a. 
2024-10-24 07:29:17 | INFO | model_worker | Send heart beat. Models: ['fastchat-t5-3b-v1.0']. Semaphore: Semaphore(value=4, locked=False). call_ct: 0. worker_id: 939bf87a. 
2024-10-24 07:30:02 | INFO | model_worker | Send heart beat. Models: ['fastchat-t5-3b-v1.0']. Semaphore: Semaphore(value=4, locked=False). call_ct: 0. worker_id: 939bf87a. 
2024-10-24 07:30:47 | INFO | model_worker | Send heart beat. Models: ['fastchat-t5-3b-v1.0']. Semaphore: Semaphore(value=4, locked=False). call_ct: 0. worker_id: 939bf87a. 
2024-10-24 07:31:32 | INFO | model_worker | Send heart beat. Models: ['fastchat-t5-3b-v1.0']. Semaphore: Semaphore(value=4, locked=False). call_ct: 0. worker_id: 939bf87a. 
2024-10-24 07:32:17 | INFO | model_worker | Send heart beat. Models: ['fastchat-t5-3b-v1.0']. Semaphore: Semaphore(value=4, locked=False). call_ct: 0. worker_id: 939bf87a. 
2024-10-24 07:33:03 | INFO | model_worker | Send heart beat. Models: ['fastchat-t5-3b-v1.0']. Semaphore: Semaphore(value=4, locked=False). call_ct: 0. worker_id: 939bf87a. 
2024-10-24 07:33:48 | INFO | model_worker | Send heart beat. Models: ['fastchat-t5-3b-v1.0']. Semaphore: Semaphore(value=4, locked=False). call_ct: 0. worker_id: 939bf87a. 
2024-10-24 07:34:33 | INFO | model_worker | Send heart beat. Models: ['fastchat-t5-3b-v1.0']. Semaphore: Semaphore(value=4, locked=False). call_ct: 0. worker_id: 939bf87a. 
2024-10-24 07:35:18 | INFO | model_worker | Send heart beat. Models: ['fastchat-t5-3b-v1.0']. Semaphore: Semaphore(value=4, locked=False). call_ct: 0. worker_id: 939bf87a. 
2024-10-24 07:36:03 | INFO | model_worker | Send heart beat. Models: ['fastchat-t5-3b-v1.0']. Semaphore: Semaphore(value=4, locked=False). call_ct: 0. worker_id: 939bf87a. 
2024-10-24 07:36:48 | INFO | model_worker | Send heart beat. Models: ['fastchat-t5-3b-v1.0']. Semaphore: Semaphore(value=4, locked=False). call_ct: 0. worker_id: 939bf87a. 
2024-10-24 07:37:33 | INFO | model_worker | Send heart beat. Models: ['fastchat-t5-3b-v1.0']. Semaphore: Semaphore(value=4, locked=False). call_ct: 0. worker_id: 939bf87a. 
2024-10-24 07:38:18 | INFO | model_worker | Send heart beat. Models: ['fastchat-t5-3b-v1.0']. Semaphore: Semaphore(value=4, locked=False). call_ct: 0. worker_id: 939bf87a. 
2024-10-24 07:39:03 | INFO | model_worker | Send heart beat. Models: ['fastchat-t5-3b-v1.0']. Semaphore: Semaphore(value=4, locked=False). call_ct: 0. worker_id: 939bf87a. 
2024-10-24 07:39:48 | INFO | model_worker | Send heart beat. Models: ['fastchat-t5-3b-v1.0']. Semaphore: Semaphore(value=4, locked=False). call_ct: 0. worker_id: 939bf87a. 
2024-10-24 07:40:33 | INFO | model_worker | Send heart beat. Models: ['fastchat-t5-3b-v1.0']. Semaphore: Semaphore(value=4, locked=False). call_ct: 0. worker_id: 939bf87a. 
2024-10-24 07:41:18 | INFO | model_worker | Send heart beat. Models: ['fastchat-t5-3b-v1.0']. Semaphore: Semaphore(value=4, locked=False). call_ct: 0. worker_id: 939bf87a. 
2024-10-24 07:42:03 | INFO | model_worker | Send heart beat. Models: ['fastchat-t5-3b-v1.0']. Semaphore: Semaphore(value=4, locked=False). call_ct: 0. worker_id: 939bf87a. 
2024-10-24 07:42:48 | INFO | model_worker | Send heart beat. Models: ['fastchat-t5-3b-v1.0']. Semaphore: Semaphore(value=4, locked=False). call_ct: 0. worker_id: 939bf87a. 
2024-10-24 07:43:33 | INFO | model_worker | Send heart beat. Models: ['fastchat-t5-3b-v1.0']. Semaphore: Semaphore(value=4, locked=False). call_ct: 0. worker_id: 939bf87a. 
2024-10-24 07:44:18 | INFO | model_worker | Send heart beat. Models: ['fastchat-t5-3b-v1.0']. Semaphore: Semaphore(value=4, locked=False). call_ct: 0. worker_id: 939bf87a. 
2024-10-24 07:45:03 | INFO | model_worker | Send heart beat. Models: ['fastchat-t5-3b-v1.0']. Semaphore: Semaphore(value=4, locked=False). call_ct: 0. worker_id: 939bf87a. 
2024-10-24 07:45:48 | INFO | model_worker | Send heart beat. Models: ['fastchat-t5-3b-v1.0']. Semaphore: Semaphore(value=4, locked=False). call_ct: 0. worker_id: 939bf87a. 
2024-10-24 07:46:33 | INFO | model_worker | Send heart beat. Models: ['fastchat-t5-3b-v1.0']. Semaphore: Semaphore(value=4, locked=False). call_ct: 0. worker_id: 939bf87a. 
2024-10-24 07:47:18 | INFO | model_worker | Send heart beat. Models: ['fastchat-t5-3b-v1.0']. Semaphore: Semaphore(value=4, locked=False). call_ct: 0. worker_id: 939bf87a. 
2024-10-24 07:48:03 | INFO | model_worker | Send heart beat. Models: ['fastchat-t5-3b-v1.0']. Semaphore: Semaphore(value=4, locked=False). call_ct: 0. worker_id: 939bf87a. 
2024-10-24 07:48:48 | INFO | model_worker | Send heart beat. Models: ['fastchat-t5-3b-v1.0']. Semaphore: Semaphore(value=4, locked=False). call_ct: 0. worker_id: 939bf87a. 
2024-10-24 07:49:33 | INFO | model_worker | Send heart beat. Models: ['fastchat-t5-3b-v1.0']. Semaphore: Semaphore(value=4, locked=False). call_ct: 0. worker_id: 939bf87a. 
2024-10-24 07:50:19 | INFO | model_worker | Send heart beat. Models: ['fastchat-t5-3b-v1.0']. Semaphore: Semaphore(value=4, locked=False). call_ct: 0. worker_id: 939bf87a. 
2024-10-24 07:51:04 | INFO | model_worker | Send heart beat. Models: ['fastchat-t5-3b-v1.0']. Semaphore: Semaphore(value=4, locked=False). call_ct: 0. worker_id: 939bf87a. 
2024-10-24 07:51:49 | INFO | model_worker | Send heart beat. Models: ['fastchat-t5-3b-v1.0']. Semaphore: Semaphore(value=4, locked=False). call_ct: 0. worker_id: 939bf87a. 
2024-10-24 07:52:34 | INFO | model_worker | Send heart beat. Models: ['fastchat-t5-3b-v1.0']. Semaphore: Semaphore(value=4, locked=False). call_ct: 0. worker_id: 939bf87a. 
2024-10-24 07:53:19 | INFO | model_worker | Send heart beat. Models: ['fastchat-t5-3b-v1.0']. Semaphore: Semaphore(value=4, locked=False). call_ct: 0. worker_id: 939bf87a. 
2024-10-24 07:54:04 | INFO | model_worker | Send heart beat. Models: ['fastchat-t5-3b-v1.0']. Semaphore: Semaphore(value=4, locked=False). call_ct: 0. worker_id: 939bf87a. 
2024-10-24 07:54:49 | INFO | model_worker | Send heart beat. Models: ['fastchat-t5-3b-v1.0']. Semaphore: Semaphore(value=4, locked=False). call_ct: 0. worker_id: 939bf87a. 
2024-10-24 07:55:34 | INFO | model_worker | Send heart beat. Models: ['fastchat-t5-3b-v1.0']. Semaphore: Semaphore(value=4, locked=False). call_ct: 0. worker_id: 939bf87a. 
2024-10-24 07:56:19 | INFO | model_worker | Send heart beat. Models: ['fastchat-t5-3b-v1.0']. Semaphore: Semaphore(value=4, locked=False). call_ct: 0. worker_id: 939bf87a. 
2024-10-24 07:57:04 | INFO | model_worker | Send heart beat. Models: ['fastchat-t5-3b-v1.0']. Semaphore: Semaphore(value=4, locked=False). call_ct: 0. worker_id: 939bf87a. 
2024-10-24 07:57:49 | INFO | model_worker | Send heart beat. Models: ['fastchat-t5-3b-v1.0']. Semaphore: Semaphore(value=4, locked=False). call_ct: 0. worker_id: 939bf87a. 
2024-10-24 07:58:34 | INFO | model_worker | Send heart beat. Models: ['fastchat-t5-3b-v1.0']. Semaphore: Semaphore(value=4, locked=False). call_ct: 0. worker_id: 939bf87a. 
2024-10-24 07:59:19 | INFO | model_worker | Send heart beat. Models: ['fastchat-t5-3b-v1.0']. Semaphore: Semaphore(value=4, locked=False). call_ct: 0. worker_id: 939bf87a. 
2024-10-24 08:00:04 | INFO | model_worker | Send heart beat. Models: ['fastchat-t5-3b-v1.0']. Semaphore: Semaphore(value=4, locked=False). call_ct: 0. worker_id: 939bf87a. 
2024-10-24 08:00:49 | INFO | model_worker | Send heart beat. Models: ['fastchat-t5-3b-v1.0']. Semaphore: Semaphore(value=4, locked=False). call_ct: 0. worker_id: 939bf87a. 
2024-10-24 08:01:34 | INFO | model_worker | Send heart beat. Models: ['fastchat-t5-3b-v1.0']. Semaphore: Semaphore(value=4, locked=False). call_ct: 0. worker_id: 939bf87a. 
2024-10-24 08:02:19 | INFO | model_worker | Send heart beat. Models: ['fastchat-t5-3b-v1.0']. Semaphore: Semaphore(value=4, locked=False). call_ct: 0. worker_id: 939bf87a. 
2024-10-24 08:03:04 | INFO | model_worker | Send heart beat. Models: ['fastchat-t5-3b-v1.0']. Semaphore: Semaphore(value=4, locked=False). call_ct: 0. worker_id: 939bf87a. 
2024-10-24 08:03:49 | INFO | model_worker | Send heart beat. Models: ['fastchat-t5-3b-v1.0']. Semaphore: Semaphore(value=4, locked=False). call_ct: 0. worker_id: 939bf87a. 
2024-10-24 08:04:34 | INFO | model_worker | Send heart beat. Models: ['fastchat-t5-3b-v1.0']. Semaphore: Semaphore(value=4, locked=False). call_ct: 0. worker_id: 939bf87a. 
2024-10-24 08:05:19 | INFO | model_worker | Send heart beat. Models: ['fastchat-t5-3b-v1.0']. Semaphore: Semaphore(value=4, locked=False). call_ct: 0. worker_id: 939bf87a. 
2024-10-24 08:06:04 | INFO | model_worker | Send heart beat. Models: ['fastchat-t5-3b-v1.0']. Semaphore: Semaphore(value=4, locked=False). call_ct: 0. worker_id: 939bf87a. 
2024-10-24 08:06:50 | INFO | model_worker | Send heart beat. Models: ['fastchat-t5-3b-v1.0']. Semaphore: Semaphore(value=4, locked=False). call_ct: 0. worker_id: 939bf87a. 
2024-10-24 08:07:35 | INFO | model_worker | Send heart beat. Models: ['fastchat-t5-3b-v1.0']. Semaphore: Semaphore(value=4, locked=False). call_ct: 0. worker_id: 939bf87a. 
2024-10-24 08:08:20 | INFO | model_worker | Send heart beat. Models: ['fastchat-t5-3b-v1.0']. Semaphore: Semaphore(value=4, locked=False). call_ct: 0. worker_id: 939bf87a. 
2024-10-24 08:09:05 | INFO | model_worker | Send heart beat. Models: ['fastchat-t5-3b-v1.0']. Semaphore: Semaphore(value=4, locked=False). call_ct: 0. worker_id: 939bf87a. 
2024-10-24 08:09:50 | INFO | model_worker | Send heart beat. Models: ['fastchat-t5-3b-v1.0']. Semaphore: Semaphore(value=4, locked=False). call_ct: 0. worker_id: 939bf87a. 
2024-10-24 08:10:35 | INFO | model_worker | Send heart beat. Models: ['fastchat-t5-3b-v1.0']. Semaphore: Semaphore(value=4, locked=False). call_ct: 0. worker_id: 939bf87a. 
2024-10-24 08:11:20 | INFO | model_worker | Send heart beat. Models: ['fastchat-t5-3b-v1.0']. Semaphore: Semaphore(value=4, locked=False). call_ct: 0. worker_id: 939bf87a. 
2024-10-24 08:12:05 | INFO | model_worker | Send heart beat. Models: ['fastchat-t5-3b-v1.0']. Semaphore: Semaphore(value=4, locked=False). call_ct: 0. worker_id: 939bf87a. 
2024-10-24 08:12:50 | INFO | model_worker | Send heart beat. Models: ['fastchat-t5-3b-v1.0']. Semaphore: Semaphore(value=4, locked=False). call_ct: 0. worker_id: 939bf87a. 
2024-10-24 08:13:35 | INFO | model_worker | Send heart beat. Models: ['fastchat-t5-3b-v1.0']. Semaphore: Semaphore(value=4, locked=False). call_ct: 0. worker_id: 939bf87a. 
2024-10-24 08:14:20 | INFO | model_worker | Send heart beat. Models: ['fastchat-t5-3b-v1.0']. Semaphore: Semaphore(value=4, locked=False). call_ct: 0. worker_id: 939bf87a. 
2024-10-24 08:15:05 | INFO | model_worker | Send heart beat. Models: ['fastchat-t5-3b-v1.0']. Semaphore: Semaphore(value=4, locked=False). call_ct: 0. worker_id: 939bf87a. 
2024-10-24 08:15:50 | INFO | model_worker | Send heart beat. Models: ['fastchat-t5-3b-v1.0']. Semaphore: Semaphore(value=4, locked=False). call_ct: 0. worker_id: 939bf87a. 
2024-10-24 08:16:35 | INFO | model_worker | Send heart beat. Models: ['fastchat-t5-3b-v1.0']. Semaphore: Semaphore(value=4, locked=False). call_ct: 0. worker_id: 939bf87a. 
2024-10-24 08:17:20 | INFO | model_worker | Send heart beat. Models: ['fastchat-t5-3b-v1.0']. Semaphore: Semaphore(value=4, locked=False). call_ct: 0. worker_id: 939bf87a. 
2024-10-24 08:18:05 | INFO | model_worker | Send heart beat. Models: ['fastchat-t5-3b-v1.0']. Semaphore: Semaphore(value=4, locked=False). call_ct: 0. worker_id: 939bf87a. 
2024-10-24 08:18:50 | INFO | model_worker | Send heart beat. Models: ['fastchat-t5-3b-v1.0']. Semaphore: Semaphore(value=4, locked=False). call_ct: 0. worker_id: 939bf87a. 
2024-10-24 08:19:35 | INFO | model_worker | Send heart beat. Models: ['fastchat-t5-3b-v1.0']. Semaphore: Semaphore(value=4, locked=False). call_ct: 0. worker_id: 939bf87a. 
2024-10-24 08:20:20 | INFO | model_worker | Send heart beat. Models: ['fastchat-t5-3b-v1.0']. Semaphore: Semaphore(value=4, locked=False). call_ct: 0. worker_id: 939bf87a. 
2024-10-24 08:21:05 | INFO | model_worker | Send heart beat. Models: ['fastchat-t5-3b-v1.0']. Semaphore: Semaphore(value=4, locked=False). call_ct: 0. worker_id: 939bf87a. 
2024-10-24 08:21:50 | INFO | model_worker | Send heart beat. Models: ['fastchat-t5-3b-v1.0']. Semaphore: Semaphore(value=4, locked=False). call_ct: 0. worker_id: 939bf87a. 
2024-10-24 08:22:35 | INFO | model_worker | Send heart beat. Models: ['fastchat-t5-3b-v1.0']. Semaphore: Semaphore(value=4, locked=False). call_ct: 0. worker_id: 939bf87a. 
2024-10-24 08:23:20 | INFO | model_worker | Send heart beat. Models: ['fastchat-t5-3b-v1.0']. Semaphore: Semaphore(value=4, locked=False). call_ct: 0. worker_id: 939bf87a. 
2024-10-24 08:24:06 | INFO | model_worker | Send heart beat. Models: ['fastchat-t5-3b-v1.0']. Semaphore: Semaphore(value=4, locked=False). call_ct: 0. worker_id: 939bf87a. 
2024-10-24 08:24:51 | INFO | model_worker | Send heart beat. Models: ['fastchat-t5-3b-v1.0']. Semaphore: Semaphore(value=4, locked=False). call_ct: 0. worker_id: 939bf87a. 
2024-10-24 08:25:36 | INFO | model_worker | Send heart beat. Models: ['fastchat-t5-3b-v1.0']. Semaphore: Semaphore(value=4, locked=False). call_ct: 0. worker_id: 939bf87a. 
2024-10-24 08:26:21 | INFO | model_worker | Send heart beat. Models: ['fastchat-t5-3b-v1.0']. Semaphore: Semaphore(value=4, locked=False). call_ct: 0. worker_id: 939bf87a. 
2024-10-24 08:27:06 | INFO | model_worker | Send heart beat. Models: ['fastchat-t5-3b-v1.0']. Semaphore: Semaphore(value=4, locked=False). call_ct: 0. worker_id: 939bf87a. 
2024-10-24 08:27:51 | INFO | model_worker | Send heart beat. Models: ['fastchat-t5-3b-v1.0']. Semaphore: Semaphore(value=4, locked=False). call_ct: 0. worker_id: 939bf87a. 
2024-10-24 08:28:36 | INFO | model_worker | Send heart beat. Models: ['fastchat-t5-3b-v1.0']. Semaphore: Semaphore(value=4, locked=False). call_ct: 0. worker_id: 939bf87a. 
2024-10-24 08:29:21 | INFO | model_worker | Send heart beat. Models: ['fastchat-t5-3b-v1.0']. Semaphore: Semaphore(value=4, locked=False). call_ct: 0. worker_id: 939bf87a. 
2024-10-24 08:30:06 | INFO | model_worker | Send heart beat. Models: ['fastchat-t5-3b-v1.0']. Semaphore: Semaphore(value=4, locked=False). call_ct: 0. worker_id: 939bf87a. 
2024-10-24 08:30:51 | INFO | model_worker | Send heart beat. Models: ['fastchat-t5-3b-v1.0']. Semaphore: Semaphore(value=4, locked=False). call_ct: 0. worker_id: 939bf87a. 
2024-10-24 08:31:36 | INFO | model_worker | Send heart beat. Models: ['fastchat-t5-3b-v1.0']. Semaphore: Semaphore(value=4, locked=False). call_ct: 0. worker_id: 939bf87a. 
2024-10-24 08:32:21 | INFO | model_worker | Send heart beat. Models: ['fastchat-t5-3b-v1.0']. Semaphore: Semaphore(value=4, locked=False). call_ct: 0. worker_id: 939bf87a. 
2024-10-24 08:33:06 | INFO | model_worker | Send heart beat. Models: ['fastchat-t5-3b-v1.0']. Semaphore: Semaphore(value=4, locked=False). call_ct: 0. worker_id: 939bf87a. 
2024-10-24 08:33:51 | INFO | model_worker | Send heart beat. Models: ['fastchat-t5-3b-v1.0']. Semaphore: Semaphore(value=4, locked=False). call_ct: 0. worker_id: 939bf87a. 
2024-10-24 08:34:36 | INFO | model_worker | Send heart beat. Models: ['fastchat-t5-3b-v1.0']. Semaphore: Semaphore(value=4, locked=False). call_ct: 0. worker_id: 939bf87a. 
2024-10-24 08:35:21 | INFO | model_worker | Send heart beat. Models: ['fastchat-t5-3b-v1.0']. Semaphore: Semaphore(value=4, locked=False). call_ct: 0. worker_id: 939bf87a. 
2024-10-24 08:36:06 | INFO | model_worker | Send heart beat. Models: ['fastchat-t5-3b-v1.0']. Semaphore: Semaphore(value=4, locked=False). call_ct: 0. worker_id: 939bf87a. 
2024-10-24 08:36:51 | INFO | model_worker | Send heart beat. Models: ['fastchat-t5-3b-v1.0']. Semaphore: Semaphore(value=4, locked=False). call_ct: 0. worker_id: 939bf87a. 
2024-10-24 08:37:36 | INFO | model_worker | Send heart beat. Models: ['fastchat-t5-3b-v1.0']. Semaphore: Semaphore(value=4, locked=False). call_ct: 0. worker_id: 939bf87a. 
2024-10-24 08:38:21 | INFO | model_worker | Send heart beat. Models: ['fastchat-t5-3b-v1.0']. Semaphore: Semaphore(value=4, locked=False). call_ct: 0. worker_id: 939bf87a. 
2024-10-24 08:39:06 | INFO | model_worker | Send heart beat. Models: ['fastchat-t5-3b-v1.0']. Semaphore: Semaphore(value=4, locked=False). call_ct: 0. worker_id: 939bf87a. 
2024-10-24 08:39:51 | INFO | model_worker | Send heart beat. Models: ['fastchat-t5-3b-v1.0']. Semaphore: Semaphore(value=4, locked=False). call_ct: 0. worker_id: 939bf87a. 
2024-10-24 08:40:37 | INFO | model_worker | Send heart beat. Models: ['fastchat-t5-3b-v1.0']. Semaphore: Semaphore(value=4, locked=False). call_ct: 0. worker_id: 939bf87a. 
2024-10-24 08:41:22 | INFO | model_worker | Send heart beat. Models: ['fastchat-t5-3b-v1.0']. Semaphore: Semaphore(value=4, locked=False). call_ct: 0. worker_id: 939bf87a. 
2024-10-24 08:42:07 | INFO | model_worker | Send heart beat. Models: ['fastchat-t5-3b-v1.0']. Semaphore: Semaphore(value=4, locked=False). call_ct: 0. worker_id: 939bf87a. 
2024-10-24 08:42:52 | INFO | model_worker | Send heart beat. Models: ['fastchat-t5-3b-v1.0']. Semaphore: Semaphore(value=4, locked=False). call_ct: 0. worker_id: 939bf87a. 
2024-10-24 08:43:37 | INFO | model_worker | Send heart beat. Models: ['fastchat-t5-3b-v1.0']. Semaphore: Semaphore(value=4, locked=False). call_ct: 0. worker_id: 939bf87a. 
2024-10-24 08:44:22 | INFO | model_worker | Send heart beat. Models: ['fastchat-t5-3b-v1.0']. Semaphore: Semaphore(value=4, locked=False). call_ct: 0. worker_id: 939bf87a. 
2024-10-24 08:45:07 | INFO | model_worker | Send heart beat. Models: ['fastchat-t5-3b-v1.0']. Semaphore: Semaphore(value=4, locked=False). call_ct: 0. worker_id: 939bf87a. 
2024-10-24 08:45:52 | INFO | model_worker | Send heart beat. Models: ['fastchat-t5-3b-v1.0']. Semaphore: Semaphore(value=4, locked=False). call_ct: 0. worker_id: 939bf87a. 
2024-10-24 08:46:37 | INFO | model_worker | Send heart beat. Models: ['fastchat-t5-3b-v1.0']. Semaphore: Semaphore(value=4, locked=False). call_ct: 0. worker_id: 939bf87a. 
2024-10-24 08:47:22 | INFO | model_worker | Send heart beat. Models: ['fastchat-t5-3b-v1.0']. Semaphore: Semaphore(value=4, locked=False). call_ct: 0. worker_id: 939bf87a. 
2024-10-24 08:48:07 | INFO | model_worker | Send heart beat. Models: ['fastchat-t5-3b-v1.0']. Semaphore: Semaphore(value=4, locked=False). call_ct: 0. worker_id: 939bf87a. 
2024-10-24 08:48:52 | INFO | model_worker | Send heart beat. Models: ['fastchat-t5-3b-v1.0']. Semaphore: Semaphore(value=4, locked=False). call_ct: 0. worker_id: 939bf87a. 
2024-10-24 08:49:37 | INFO | model_worker | Send heart beat. Models: ['fastchat-t5-3b-v1.0']. Semaphore: Semaphore(value=4, locked=False). call_ct: 0. worker_id: 939bf87a. 
2024-10-24 08:50:22 | INFO | model_worker | Send heart beat. Models: ['fastchat-t5-3b-v1.0']. Semaphore: Semaphore(value=4, locked=False). call_ct: 0. worker_id: 939bf87a. 
2024-10-24 08:51:07 | INFO | model_worker | Send heart beat. Models: ['fastchat-t5-3b-v1.0']. Semaphore: Semaphore(value=4, locked=False). call_ct: 0. worker_id: 939bf87a. 
2024-10-24 08:51:52 | INFO | model_worker | Send heart beat. Models: ['fastchat-t5-3b-v1.0']. Semaphore: Semaphore(value=4, locked=False). call_ct: 0. worker_id: 939bf87a. 
2024-10-24 08:52:37 | INFO | model_worker | Send heart beat. Models: ['fastchat-t5-3b-v1.0']. Semaphore: Semaphore(value=4, locked=False). call_ct: 0. worker_id: 939bf87a. 
2024-10-24 08:53:22 | INFO | model_worker | Send heart beat. Models: ['fastchat-t5-3b-v1.0']. Semaphore: Semaphore(value=4, locked=False). call_ct: 0. worker_id: 939bf87a. 
2024-10-24 08:54:07 | INFO | model_worker | Send heart beat. Models: ['fastchat-t5-3b-v1.0']. Semaphore: Semaphore(value=4, locked=False). call_ct: 0. worker_id: 939bf87a. 
2024-10-24 08:54:52 | INFO | model_worker | Send heart beat. Models: ['fastchat-t5-3b-v1.0']. Semaphore: Semaphore(value=4, locked=False). call_ct: 0. worker_id: 939bf87a. 
2024-10-24 08:55:37 | INFO | model_worker | Send heart beat. Models: ['fastchat-t5-3b-v1.0']. Semaphore: Semaphore(value=4, locked=False). call_ct: 0. worker_id: 939bf87a. 
2024-10-24 08:56:22 | INFO | model_worker | Send heart beat. Models: ['fastchat-t5-3b-v1.0']. Semaphore: Semaphore(value=4, locked=False). call_ct: 0. worker_id: 939bf87a. 
2024-10-24 08:57:07 | INFO | model_worker | Send heart beat. Models: ['fastchat-t5-3b-v1.0']. Semaphore: Semaphore(value=4, locked=False). call_ct: 0. worker_id: 939bf87a. 
2024-10-24 08:57:53 | INFO | model_worker | Send heart beat. Models: ['fastchat-t5-3b-v1.0']. Semaphore: Semaphore(value=4, locked=False). call_ct: 0. worker_id: 939bf87a. 
2024-10-24 08:58:38 | INFO | model_worker | Send heart beat. Models: ['fastchat-t5-3b-v1.0']. Semaphore: Semaphore(value=4, locked=False). call_ct: 0. worker_id: 939bf87a. 
2024-10-24 08:59:23 | INFO | model_worker | Send heart beat. Models: ['fastchat-t5-3b-v1.0']. Semaphore: Semaphore(value=4, locked=False). call_ct: 0. worker_id: 939bf87a. 
2024-10-24 09:00:08 | INFO | model_worker | Send heart beat. Models: ['fastchat-t5-3b-v1.0']. Semaphore: Semaphore(value=4, locked=False). call_ct: 0. worker_id: 939bf87a. 
2024-10-24 09:00:53 | INFO | model_worker | Send heart beat. Models: ['fastchat-t5-3b-v1.0']. Semaphore: Semaphore(value=4, locked=False). call_ct: 0. worker_id: 939bf87a. 
2024-10-24 09:01:38 | INFO | model_worker | Send heart beat. Models: ['fastchat-t5-3b-v1.0']. Semaphore: Semaphore(value=4, locked=False). call_ct: 0. worker_id: 939bf87a. 
2024-10-24 09:02:23 | INFO | model_worker | Send heart beat. Models: ['fastchat-t5-3b-v1.0']. Semaphore: Semaphore(value=4, locked=False). call_ct: 0. worker_id: 939bf87a. 
2024-10-24 09:03:08 | INFO | model_worker | Send heart beat. Models: ['fastchat-t5-3b-v1.0']. Semaphore: Semaphore(value=4, locked=False). call_ct: 0. worker_id: 939bf87a. 
2024-10-24 09:03:53 | INFO | model_worker | Send heart beat. Models: ['fastchat-t5-3b-v1.0']. Semaphore: Semaphore(value=4, locked=False). call_ct: 0. worker_id: 939bf87a. 
2024-10-24 09:04:38 | INFO | model_worker | Send heart beat. Models: ['fastchat-t5-3b-v1.0']. Semaphore: Semaphore(value=4, locked=False). call_ct: 0. worker_id: 939bf87a. 
2024-10-24 09:05:23 | INFO | model_worker | Send heart beat. Models: ['fastchat-t5-3b-v1.0']. Semaphore: Semaphore(value=4, locked=False). call_ct: 0. worker_id: 939bf87a. 
2024-10-24 09:06:08 | INFO | model_worker | Send heart beat. Models: ['fastchat-t5-3b-v1.0']. Semaphore: Semaphore(value=4, locked=False). call_ct: 0. worker_id: 939bf87a. 
2024-10-24 09:06:53 | INFO | model_worker | Send heart beat. Models: ['fastchat-t5-3b-v1.0']. Semaphore: Semaphore(value=4, locked=False). call_ct: 0. worker_id: 939bf87a. 
2024-10-24 09:07:38 | INFO | model_worker | Send heart beat. Models: ['fastchat-t5-3b-v1.0']. Semaphore: Semaphore(value=4, locked=False). call_ct: 0. worker_id: 939bf87a. 
2024-10-24 09:08:23 | INFO | model_worker | Send heart beat. Models: ['fastchat-t5-3b-v1.0']. Semaphore: Semaphore(value=4, locked=False). call_ct: 0. worker_id: 939bf87a. 
2024-10-24 09:09:08 | INFO | model_worker | Send heart beat. Models: ['fastchat-t5-3b-v1.0']. Semaphore: Semaphore(value=4, locked=False). call_ct: 0. worker_id: 939bf87a. 
2024-10-24 09:09:53 | INFO | model_worker | Send heart beat. Models: ['fastchat-t5-3b-v1.0']. Semaphore: Semaphore(value=4, locked=False). call_ct: 0. worker_id: 939bf87a. 
2024-10-24 09:10:38 | INFO | model_worker | Send heart beat. Models: ['fastchat-t5-3b-v1.0']. Semaphore: Semaphore(value=4, locked=False). call_ct: 0. worker_id: 939bf87a. 
2024-10-24 09:11:23 | INFO | model_worker | Send heart beat. Models: ['fastchat-t5-3b-v1.0']. Semaphore: Semaphore(value=4, locked=False). call_ct: 0. worker_id: 939bf87a. 
2024-10-24 09:12:08 | INFO | model_worker | Send heart beat. Models: ['fastchat-t5-3b-v1.0']. Semaphore: Semaphore(value=4, locked=False). call_ct: 0. worker_id: 939bf87a. 
2024-10-24 09:12:53 | INFO | model_worker | Send heart beat. Models: ['fastchat-t5-3b-v1.0']. Semaphore: Semaphore(value=4, locked=False). call_ct: 0. worker_id: 939bf87a. 
2024-10-24 09:13:38 | INFO | model_worker | Send heart beat. Models: ['fastchat-t5-3b-v1.0']. Semaphore: Semaphore(value=4, locked=False). call_ct: 0. worker_id: 939bf87a. 
2024-10-24 09:14:24 | INFO | model_worker | Send heart beat. Models: ['fastchat-t5-3b-v1.0']. Semaphore: Semaphore(value=4, locked=False). call_ct: 0. worker_id: 939bf87a. 
2024-10-24 09:15:09 | INFO | model_worker | Send heart beat. Models: ['fastchat-t5-3b-v1.0']. Semaphore: Semaphore(value=4, locked=False). call_ct: 0. worker_id: 939bf87a. 
2024-10-24 09:15:54 | INFO | model_worker | Send heart beat. Models: ['fastchat-t5-3b-v1.0']. Semaphore: Semaphore(value=4, locked=False). call_ct: 0. worker_id: 939bf87a. 
2024-10-24 09:16:39 | INFO | model_worker | Send heart beat. Models: ['fastchat-t5-3b-v1.0']. Semaphore: Semaphore(value=4, locked=False). call_ct: 0. worker_id: 939bf87a. 
2024-10-24 09:17:24 | INFO | model_worker | Send heart beat. Models: ['fastchat-t5-3b-v1.0']. Semaphore: Semaphore(value=4, locked=False). call_ct: 0. worker_id: 939bf87a. 
2024-10-24 09:18:09 | INFO | model_worker | Send heart beat. Models: ['fastchat-t5-3b-v1.0']. Semaphore: Semaphore(value=4, locked=False). call_ct: 0. worker_id: 939bf87a. 
2024-10-24 09:18:54 | INFO | model_worker | Send heart beat. Models: ['fastchat-t5-3b-v1.0']. Semaphore: Semaphore(value=4, locked=False). call_ct: 0. worker_id: 939bf87a. 
2024-10-24 09:19:39 | INFO | model_worker | Send heart beat. Models: ['fastchat-t5-3b-v1.0']. Semaphore: Semaphore(value=4, locked=False). call_ct: 0. worker_id: 939bf87a. 
2024-10-24 09:20:24 | INFO | model_worker | Send heart beat. Models: ['fastchat-t5-3b-v1.0']. Semaphore: Semaphore(value=4, locked=False). call_ct: 0. worker_id: 939bf87a. 
2024-10-24 09:21:09 | INFO | model_worker | Send heart beat. Models: ['fastchat-t5-3b-v1.0']. Semaphore: Semaphore(value=4, locked=False). call_ct: 0. worker_id: 939bf87a. 
2024-10-24 09:21:54 | INFO | model_worker | Send heart beat. Models: ['fastchat-t5-3b-v1.0']. Semaphore: Semaphore(value=4, locked=False). call_ct: 0. worker_id: 939bf87a. 
2024-10-24 09:22:39 | INFO | model_worker | Send heart beat. Models: ['fastchat-t5-3b-v1.0']. Semaphore: Semaphore(value=4, locked=False). call_ct: 0. worker_id: 939bf87a. 
2024-10-24 09:23:24 | INFO | model_worker | Send heart beat. Models: ['fastchat-t5-3b-v1.0']. Semaphore: Semaphore(value=4, locked=False). call_ct: 0. worker_id: 939bf87a. 
2024-10-24 09:24:09 | INFO | model_worker | Send heart beat. Models: ['fastchat-t5-3b-v1.0']. Semaphore: Semaphore(value=4, locked=False). call_ct: 0. worker_id: 939bf87a. 
2024-10-24 09:24:54 | INFO | model_worker | Send heart beat. Models: ['fastchat-t5-3b-v1.0']. Semaphore: Semaphore(value=4, locked=False). call_ct: 0. worker_id: 939bf87a. 
2024-10-24 09:25:39 | INFO | model_worker | Send heart beat. Models: ['fastchat-t5-3b-v1.0']. Semaphore: Semaphore(value=4, locked=False). call_ct: 0. worker_id: 939bf87a. 
2024-10-24 09:26:24 | INFO | model_worker | Send heart beat. Models: ['fastchat-t5-3b-v1.0']. Semaphore: Semaphore(value=4, locked=False). call_ct: 0. worker_id: 939bf87a. 
2024-10-24 09:27:09 | INFO | model_worker | Send heart beat. Models: ['fastchat-t5-3b-v1.0']. Semaphore: Semaphore(value=4, locked=False). call_ct: 0. worker_id: 939bf87a. 
2024-10-24 09:27:54 | INFO | model_worker | Send heart beat. Models: ['fastchat-t5-3b-v1.0']. Semaphore: Semaphore(value=4, locked=False). call_ct: 0. worker_id: 939bf87a. 
2024-10-24 09:28:39 | INFO | model_worker | Send heart beat. Models: ['fastchat-t5-3b-v1.0']. Semaphore: Semaphore(value=4, locked=False). call_ct: 0. worker_id: 939bf87a. 
2024-10-24 09:29:24 | INFO | model_worker | Send heart beat. Models: ['fastchat-t5-3b-v1.0']. Semaphore: Semaphore(value=4, locked=False). call_ct: 0. worker_id: 939bf87a. 
2024-10-24 09:30:09 | INFO | model_worker | Send heart beat. Models: ['fastchat-t5-3b-v1.0']. Semaphore: Semaphore(value=4, locked=False). call_ct: 0. worker_id: 939bf87a. 
2024-10-24 09:30:55 | INFO | model_worker | Send heart beat. Models: ['fastchat-t5-3b-v1.0']. Semaphore: Semaphore(value=4, locked=False). call_ct: 0. worker_id: 939bf87a. 
2024-10-24 09:31:40 | INFO | model_worker | Send heart beat. Models: ['fastchat-t5-3b-v1.0']. Semaphore: Semaphore(value=4, locked=False). call_ct: 0. worker_id: 939bf87a. 
2024-10-24 09:32:25 | INFO | model_worker | Send heart beat. Models: ['fastchat-t5-3b-v1.0']. Semaphore: Semaphore(value=4, locked=False). call_ct: 0. worker_id: 939bf87a. 
2024-10-24 09:33:10 | INFO | model_worker | Send heart beat. Models: ['fastchat-t5-3b-v1.0']. Semaphore: Semaphore(value=4, locked=False). call_ct: 0. worker_id: 939bf87a. 
2024-10-24 09:33:55 | INFO | model_worker | Send heart beat. Models: ['fastchat-t5-3b-v1.0']. Semaphore: Semaphore(value=4, locked=False). call_ct: 0. worker_id: 939bf87a. 
2024-10-24 09:34:40 | INFO | model_worker | Send heart beat. Models: ['fastchat-t5-3b-v1.0']. Semaphore: Semaphore(value=4, locked=False). call_ct: 0. worker_id: 939bf87a. 
2024-10-24 09:35:25 | INFO | model_worker | Send heart beat. Models: ['fastchat-t5-3b-v1.0']. Semaphore: Semaphore(value=4, locked=False). call_ct: 0. worker_id: 939bf87a. 
2024-10-24 09:36:10 | INFO | model_worker | Send heart beat. Models: ['fastchat-t5-3b-v1.0']. Semaphore: Semaphore(value=4, locked=False). call_ct: 0. worker_id: 939bf87a. 
2024-10-24 09:36:55 | INFO | model_worker | Send heart beat. Models: ['fastchat-t5-3b-v1.0']. Semaphore: Semaphore(value=4, locked=False). call_ct: 0. worker_id: 939bf87a. 
2024-10-24 09:37:40 | INFO | model_worker | Send heart beat. Models: ['fastchat-t5-3b-v1.0']. Semaphore: Semaphore(value=4, locked=False). call_ct: 0. worker_id: 939bf87a. 
2024-10-24 09:38:25 | INFO | model_worker | Send heart beat. Models: ['fastchat-t5-3b-v1.0']. Semaphore: Semaphore(value=4, locked=False). call_ct: 0. worker_id: 939bf87a. 
2024-10-24 09:39:10 | INFO | model_worker | Send heart beat. Models: ['fastchat-t5-3b-v1.0']. Semaphore: Semaphore(value=4, locked=False). call_ct: 0. worker_id: 939bf87a. 
2024-10-24 09:39:55 | INFO | model_worker | Send heart beat. Models: ['fastchat-t5-3b-v1.0']. Semaphore: Semaphore(value=4, locked=False). call_ct: 0. worker_id: 939bf87a. 
2024-10-24 09:40:40 | INFO | model_worker | Send heart beat. Models: ['fastchat-t5-3b-v1.0']. Semaphore: Semaphore(value=4, locked=False). call_ct: 0. worker_id: 939bf87a. 
2024-10-24 09:41:25 | INFO | model_worker | Send heart beat. Models: ['fastchat-t5-3b-v1.0']. Semaphore: Semaphore(value=4, locked=False). call_ct: 0. worker_id: 939bf87a. 
2024-10-24 09:42:10 | INFO | model_worker | Send heart beat. Models: ['fastchat-t5-3b-v1.0']. Semaphore: Semaphore(value=4, locked=False). call_ct: 0. worker_id: 939bf87a. 
2024-10-24 09:42:55 | INFO | model_worker | Send heart beat. Models: ['fastchat-t5-3b-v1.0']. Semaphore: Semaphore(value=4, locked=False). call_ct: 0. worker_id: 939bf87a. 
2024-10-24 09:43:40 | INFO | model_worker | Send heart beat. Models: ['fastchat-t5-3b-v1.0']. Semaphore: Semaphore(value=4, locked=False). call_ct: 0. worker_id: 939bf87a. 
2024-10-24 09:44:25 | INFO | model_worker | Send heart beat. Models: ['fastchat-t5-3b-v1.0']. Semaphore: Semaphore(value=4, locked=False). call_ct: 0. worker_id: 939bf87a. 
2024-10-24 09:45:10 | INFO | model_worker | Send heart beat. Models: ['fastchat-t5-3b-v1.0']. Semaphore: Semaphore(value=4, locked=False). call_ct: 0. worker_id: 939bf87a. 
2024-10-24 09:45:55 | INFO | model_worker | Send heart beat. Models: ['fastchat-t5-3b-v1.0']. Semaphore: Semaphore(value=4, locked=False). call_ct: 0. worker_id: 939bf87a. 
2024-10-24 09:46:40 | INFO | model_worker | Send heart beat. Models: ['fastchat-t5-3b-v1.0']. Semaphore: Semaphore(value=4, locked=False). call_ct: 0. worker_id: 939bf87a. 
2024-10-24 09:47:26 | INFO | model_worker | Send heart beat. Models: ['fastchat-t5-3b-v1.0']. Semaphore: Semaphore(value=4, locked=False). call_ct: 0. worker_id: 939bf87a. 
2024-10-24 09:48:11 | INFO | model_worker | Send heart beat. Models: ['fastchat-t5-3b-v1.0']. Semaphore: Semaphore(value=4, locked=False). call_ct: 0. worker_id: 939bf87a. 
2024-10-24 09:48:56 | INFO | model_worker | Send heart beat. Models: ['fastchat-t5-3b-v1.0']. Semaphore: Semaphore(value=4, locked=False). call_ct: 0. worker_id: 939bf87a. 
2024-10-24 09:49:41 | INFO | model_worker | Send heart beat. Models: ['fastchat-t5-3b-v1.0']. Semaphore: Semaphore(value=4, locked=False). call_ct: 0. worker_id: 939bf87a. 
2024-10-24 09:50:26 | INFO | model_worker | Send heart beat. Models: ['fastchat-t5-3b-v1.0']. Semaphore: Semaphore(value=4, locked=False). call_ct: 0. worker_id: 939bf87a. 
2024-10-24 09:51:11 | INFO | model_worker | Send heart beat. Models: ['fastchat-t5-3b-v1.0']. Semaphore: Semaphore(value=4, locked=False). call_ct: 0. worker_id: 939bf87a. 
2024-10-24 09:51:56 | INFO | model_worker | Send heart beat. Models: ['fastchat-t5-3b-v1.0']. Semaphore: Semaphore(value=4, locked=False). call_ct: 0. worker_id: 939bf87a. 
2024-10-24 09:52:41 | INFO | model_worker | Send heart beat. Models: ['fastchat-t5-3b-v1.0']. Semaphore: Semaphore(value=4, locked=False). call_ct: 0. worker_id: 939bf87a. 
2024-10-24 09:53:26 | INFO | model_worker | Send heart beat. Models: ['fastchat-t5-3b-v1.0']. Semaphore: Semaphore(value=4, locked=False). call_ct: 0. worker_id: 939bf87a. 
2024-10-24 09:54:11 | INFO | model_worker | Send heart beat. Models: ['fastchat-t5-3b-v1.0']. Semaphore: Semaphore(value=4, locked=False). call_ct: 0. worker_id: 939bf87a. 
2024-10-24 09:54:56 | INFO | model_worker | Send heart beat. Models: ['fastchat-t5-3b-v1.0']. Semaphore: Semaphore(value=4, locked=False). call_ct: 0. worker_id: 939bf87a. 
2024-10-24 09:55:41 | INFO | model_worker | Send heart beat. Models: ['fastchat-t5-3b-v1.0']. Semaphore: Semaphore(value=4, locked=False). call_ct: 0. worker_id: 939bf87a. 
2024-10-24 09:56:26 | INFO | model_worker | Send heart beat. Models: ['fastchat-t5-3b-v1.0']. Semaphore: Semaphore(value=4, locked=False). call_ct: 0. worker_id: 939bf87a. 
2024-10-24 09:57:11 | INFO | model_worker | Send heart beat. Models: ['fastchat-t5-3b-v1.0']. Semaphore: Semaphore(value=4, locked=False). call_ct: 0. worker_id: 939bf87a. 
2024-10-24 09:57:56 | INFO | model_worker | Send heart beat. Models: ['fastchat-t5-3b-v1.0']. Semaphore: Semaphore(value=4, locked=False). call_ct: 0. worker_id: 939bf87a. 
2024-10-24 09:58:41 | INFO | model_worker | Send heart beat. Models: ['fastchat-t5-3b-v1.0']. Semaphore: Semaphore(value=4, locked=False). call_ct: 0. worker_id: 939bf87a. 
2024-10-24 09:59:26 | INFO | model_worker | Send heart beat. Models: ['fastchat-t5-3b-v1.0']. Semaphore: Semaphore(value=4, locked=False). call_ct: 0. worker_id: 939bf87a. 
2024-10-24 10:00:11 | INFO | model_worker | Send heart beat. Models: ['fastchat-t5-3b-v1.0']. Semaphore: Semaphore(value=4, locked=False). call_ct: 0. worker_id: 939bf87a. 
2024-10-24 10:00:56 | INFO | model_worker | Send heart beat. Models: ['fastchat-t5-3b-v1.0']. Semaphore: Semaphore(value=4, locked=False). call_ct: 0. worker_id: 939bf87a. 
2024-10-24 10:01:41 | INFO | model_worker | Send heart beat. Models: ['fastchat-t5-3b-v1.0']. Semaphore: Semaphore(value=4, locked=False). call_ct: 0. worker_id: 939bf87a. 
2024-10-24 10:02:26 | INFO | model_worker | Send heart beat. Models: ['fastchat-t5-3b-v1.0']. Semaphore: Semaphore(value=4, locked=False). call_ct: 0. worker_id: 939bf87a. 
2024-10-24 10:03:11 | INFO | model_worker | Send heart beat. Models: ['fastchat-t5-3b-v1.0']. Semaphore: Semaphore(value=4, locked=False). call_ct: 0. worker_id: 939bf87a. 
2024-10-24 10:03:57 | INFO | model_worker | Send heart beat. Models: ['fastchat-t5-3b-v1.0']. Semaphore: Semaphore(value=4, locked=False). call_ct: 0. worker_id: 939bf87a. 
2024-10-24 10:04:42 | INFO | model_worker | Send heart beat. Models: ['fastchat-t5-3b-v1.0']. Semaphore: Semaphore(value=4, locked=False). call_ct: 0. worker_id: 939bf87a. 
2024-10-24 10:05:27 | INFO | model_worker | Send heart beat. Models: ['fastchat-t5-3b-v1.0']. Semaphore: Semaphore(value=4, locked=False). call_ct: 0. worker_id: 939bf87a. 
2024-10-24 10:06:12 | INFO | model_worker | Send heart beat. Models: ['fastchat-t5-3b-v1.0']. Semaphore: Semaphore(value=4, locked=False). call_ct: 0. worker_id: 939bf87a. 
2024-10-24 10:06:57 | INFO | model_worker | Send heart beat. Models: ['fastchat-t5-3b-v1.0']. Semaphore: Semaphore(value=4, locked=False). call_ct: 0. worker_id: 939bf87a. 
2024-10-24 10:07:42 | INFO | model_worker | Send heart beat. Models: ['fastchat-t5-3b-v1.0']. Semaphore: Semaphore(value=4, locked=False). call_ct: 0. worker_id: 939bf87a. 
2024-10-24 10:08:27 | INFO | model_worker | Send heart beat. Models: ['fastchat-t5-3b-v1.0']. Semaphore: Semaphore(value=4, locked=False). call_ct: 0. worker_id: 939bf87a. 
2024-10-24 10:09:12 | INFO | model_worker | Send heart beat. Models: ['fastchat-t5-3b-v1.0']. Semaphore: Semaphore(value=4, locked=False). call_ct: 0. worker_id: 939bf87a. 
2024-10-24 10:09:57 | INFO | model_worker | Send heart beat. Models: ['fastchat-t5-3b-v1.0']. Semaphore: Semaphore(value=4, locked=False). call_ct: 0. worker_id: 939bf87a. 
2024-10-24 10:10:42 | INFO | model_worker | Send heart beat. Models: ['fastchat-t5-3b-v1.0']. Semaphore: Semaphore(value=4, locked=False). call_ct: 0. worker_id: 939bf87a. 
2024-10-24 10:11:27 | INFO | model_worker | Send heart beat. Models: ['fastchat-t5-3b-v1.0']. Semaphore: Semaphore(value=4, locked=False). call_ct: 0. worker_id: 939bf87a. 
2024-10-24 10:12:12 | INFO | model_worker | Send heart beat. Models: ['fastchat-t5-3b-v1.0']. Semaphore: Semaphore(value=4, locked=False). call_ct: 0. worker_id: 939bf87a. 
2024-10-24 10:12:57 | INFO | model_worker | Send heart beat. Models: ['fastchat-t5-3b-v1.0']. Semaphore: Semaphore(value=4, locked=False). call_ct: 0. worker_id: 939bf87a. 
2024-10-24 10:13:42 | INFO | model_worker | Send heart beat. Models: ['fastchat-t5-3b-v1.0']. Semaphore: Semaphore(value=4, locked=False). call_ct: 0. worker_id: 939bf87a. 
2024-10-24 10:14:27 | INFO | model_worker | Send heart beat. Models: ['fastchat-t5-3b-v1.0']. Semaphore: Semaphore(value=4, locked=False). call_ct: 0. worker_id: 939bf87a. 
2024-10-24 10:15:12 | INFO | model_worker | Send heart beat. Models: ['fastchat-t5-3b-v1.0']. Semaphore: Semaphore(value=4, locked=False). call_ct: 0. worker_id: 939bf87a. 
2024-10-24 10:15:57 | INFO | model_worker | Send heart beat. Models: ['fastchat-t5-3b-v1.0']. Semaphore: Semaphore(value=4, locked=False). call_ct: 0. worker_id: 939bf87a. 
2024-10-24 10:16:42 | INFO | model_worker | Send heart beat. Models: ['fastchat-t5-3b-v1.0']. Semaphore: Semaphore(value=4, locked=False). call_ct: 0. worker_id: 939bf87a. 
2024-10-24 10:17:27 | INFO | model_worker | Send heart beat. Models: ['fastchat-t5-3b-v1.0']. Semaphore: Semaphore(value=4, locked=False). call_ct: 0. worker_id: 939bf87a. 
2024-10-24 10:18:12 | INFO | model_worker | Send heart beat. Models: ['fastchat-t5-3b-v1.0']. Semaphore: Semaphore(value=4, locked=False). call_ct: 0. worker_id: 939bf87a. 
2024-10-24 10:18:57 | INFO | model_worker | Send heart beat. Models: ['fastchat-t5-3b-v1.0']. Semaphore: Semaphore(value=4, locked=False). call_ct: 0. worker_id: 939bf87a. 
2024-10-24 10:19:42 | INFO | model_worker | Send heart beat. Models: ['fastchat-t5-3b-v1.0']. Semaphore: Semaphore(value=4, locked=False). call_ct: 0. worker_id: 939bf87a. 
2024-10-24 10:20:27 | INFO | model_worker | Send heart beat. Models: ['fastchat-t5-3b-v1.0']. Semaphore: Semaphore(value=4, locked=False). call_ct: 0. worker_id: 939bf87a. 
2024-10-24 10:21:13 | INFO | model_worker | Send heart beat. Models: ['fastchat-t5-3b-v1.0']. Semaphore: Semaphore(value=4, locked=False). call_ct: 0. worker_id: 939bf87a. 
2024-10-24 10:21:58 | INFO | model_worker | Send heart beat. Models: ['fastchat-t5-3b-v1.0']. Semaphore: Semaphore(value=4, locked=False). call_ct: 0. worker_id: 939bf87a. 
2024-10-24 10:22:43 | INFO | model_worker | Send heart beat. Models: ['fastchat-t5-3b-v1.0']. Semaphore: Semaphore(value=4, locked=False). call_ct: 0. worker_id: 939bf87a. 
2024-10-24 10:23:28 | INFO | model_worker | Send heart beat. Models: ['fastchat-t5-3b-v1.0']. Semaphore: Semaphore(value=4, locked=False). call_ct: 0. worker_id: 939bf87a. 
2024-10-24 10:24:13 | INFO | model_worker | Send heart beat. Models: ['fastchat-t5-3b-v1.0']. Semaphore: Semaphore(value=4, locked=False). call_ct: 0. worker_id: 939bf87a. 
2024-10-24 10:24:58 | INFO | model_worker | Send heart beat. Models: ['fastchat-t5-3b-v1.0']. Semaphore: Semaphore(value=4, locked=False). call_ct: 0. worker_id: 939bf87a. 
2024-10-24 10:25:43 | INFO | model_worker | Send heart beat. Models: ['fastchat-t5-3b-v1.0']. Semaphore: Semaphore(value=4, locked=False). call_ct: 0. worker_id: 939bf87a. 
2024-10-24 10:26:28 | INFO | model_worker | Send heart beat. Models: ['fastchat-t5-3b-v1.0']. Semaphore: Semaphore(value=4, locked=False). call_ct: 0. worker_id: 939bf87a. 
2024-10-24 10:27:13 | INFO | model_worker | Send heart beat. Models: ['fastchat-t5-3b-v1.0']. Semaphore: Semaphore(value=4, locked=False). call_ct: 0. worker_id: 939bf87a. 
2024-10-24 10:27:58 | INFO | model_worker | Send heart beat. Models: ['fastchat-t5-3b-v1.0']. Semaphore: Semaphore(value=4, locked=False). call_ct: 0. worker_id: 939bf87a. 
2024-10-24 10:28:43 | INFO | model_worker | Send heart beat. Models: ['fastchat-t5-3b-v1.0']. Semaphore: Semaphore(value=4, locked=False). call_ct: 0. worker_id: 939bf87a. 
2024-10-24 10:29:28 | INFO | model_worker | Send heart beat. Models: ['fastchat-t5-3b-v1.0']. Semaphore: Semaphore(value=4, locked=False). call_ct: 0. worker_id: 939bf87a. 
2024-10-24 10:30:13 | INFO | model_worker | Send heart beat. Models: ['fastchat-t5-3b-v1.0']. Semaphore: Semaphore(value=4, locked=False). call_ct: 0. worker_id: 939bf87a. 
2024-10-24 10:30:58 | INFO | model_worker | Send heart beat. Models: ['fastchat-t5-3b-v1.0']. Semaphore: Semaphore(value=4, locked=False). call_ct: 0. worker_id: 939bf87a. 
2024-10-24 10:31:43 | INFO | model_worker | Send heart beat. Models: ['fastchat-t5-3b-v1.0']. Semaphore: Semaphore(value=4, locked=False). call_ct: 0. worker_id: 939bf87a. 
2024-10-24 10:32:28 | INFO | model_worker | Send heart beat. Models: ['fastchat-t5-3b-v1.0']. Semaphore: Semaphore(value=4, locked=False). call_ct: 0. worker_id: 939bf87a. 
2024-10-24 10:33:13 | INFO | model_worker | Send heart beat. Models: ['fastchat-t5-3b-v1.0']. Semaphore: Semaphore(value=4, locked=False). call_ct: 0. worker_id: 939bf87a. 
2024-10-24 10:33:58 | INFO | model_worker | Send heart beat. Models: ['fastchat-t5-3b-v1.0']. Semaphore: Semaphore(value=4, locked=False). call_ct: 0. worker_id: 939bf87a. 
2024-10-24 10:34:43 | INFO | model_worker | Send heart beat. Models: ['fastchat-t5-3b-v1.0']. Semaphore: Semaphore(value=4, locked=False). call_ct: 0. worker_id: 939bf87a. 
2024-10-24 10:35:28 | INFO | model_worker | Send heart beat. Models: ['fastchat-t5-3b-v1.0']. Semaphore: Semaphore(value=4, locked=False). call_ct: 0. worker_id: 939bf87a. 
2024-10-24 10:36:13 | INFO | model_worker | Send heart beat. Models: ['fastchat-t5-3b-v1.0']. Semaphore: Semaphore(value=4, locked=False). call_ct: 0. worker_id: 939bf87a. 
2024-10-24 10:36:58 | INFO | model_worker | Send heart beat. Models: ['fastchat-t5-3b-v1.0']. Semaphore: Semaphore(value=4, locked=False). call_ct: 0. worker_id: 939bf87a. 
2024-10-24 10:37:43 | INFO | model_worker | Send heart beat. Models: ['fastchat-t5-3b-v1.0']. Semaphore: Semaphore(value=4, locked=False). call_ct: 0. worker_id: 939bf87a. 
2024-10-24 10:38:29 | INFO | model_worker | Send heart beat. Models: ['fastchat-t5-3b-v1.0']. Semaphore: Semaphore(value=4, locked=False). call_ct: 0. worker_id: 939bf87a. 
2024-10-24 10:39:14 | INFO | model_worker | Send heart beat. Models: ['fastchat-t5-3b-v1.0']. Semaphore: Semaphore(value=4, locked=False). call_ct: 0. worker_id: 939bf87a. 
2024-10-24 10:39:59 | INFO | model_worker | Send heart beat. Models: ['fastchat-t5-3b-v1.0']. Semaphore: Semaphore(value=4, locked=False). call_ct: 0. worker_id: 939bf87a. 
2024-10-24 10:40:44 | INFO | model_worker | Send heart beat. Models: ['fastchat-t5-3b-v1.0']. Semaphore: Semaphore(value=4, locked=False). call_ct: 0. worker_id: 939bf87a. 
2024-10-24 10:41:29 | INFO | model_worker | Send heart beat. Models: ['fastchat-t5-3b-v1.0']. Semaphore: Semaphore(value=4, locked=False). call_ct: 0. worker_id: 939bf87a. 
2024-10-24 10:42:14 | INFO | model_worker | Send heart beat. Models: ['fastchat-t5-3b-v1.0']. Semaphore: Semaphore(value=4, locked=False). call_ct: 0. worker_id: 939bf87a. 
2024-10-24 10:42:59 | INFO | model_worker | Send heart beat. Models: ['fastchat-t5-3b-v1.0']. Semaphore: Semaphore(value=4, locked=False). call_ct: 0. worker_id: 939bf87a. 
2024-10-24 10:43:44 | INFO | model_worker | Send heart beat. Models: ['fastchat-t5-3b-v1.0']. Semaphore: Semaphore(value=4, locked=False). call_ct: 0. worker_id: 939bf87a. 
2024-10-24 10:44:29 | INFO | model_worker | Send heart beat. Models: ['fastchat-t5-3b-v1.0']. Semaphore: Semaphore(value=4, locked=False). call_ct: 0. worker_id: 939bf87a. 
2024-10-24 10:45:14 | INFO | model_worker | Send heart beat. Models: ['fastchat-t5-3b-v1.0']. Semaphore: Semaphore(value=4, locked=False). call_ct: 0. worker_id: 939bf87a. 
2024-10-24 10:45:59 | INFO | model_worker | Send heart beat. Models: ['fastchat-t5-3b-v1.0']. Semaphore: Semaphore(value=4, locked=False). call_ct: 0. worker_id: 939bf87a. 
2024-10-24 10:46:44 | INFO | model_worker | Send heart beat. Models: ['fastchat-t5-3b-v1.0']. Semaphore: Semaphore(value=4, locked=False). call_ct: 0. worker_id: 939bf87a. 
2024-10-24 10:47:29 | INFO | model_worker | Send heart beat. Models: ['fastchat-t5-3b-v1.0']. Semaphore: Semaphore(value=4, locked=False). call_ct: 0. worker_id: 939bf87a. 
2024-10-24 10:48:14 | INFO | model_worker | Send heart beat. Models: ['fastchat-t5-3b-v1.0']. Semaphore: Semaphore(value=4, locked=False). call_ct: 0. worker_id: 939bf87a. 
2024-10-24 10:48:59 | INFO | model_worker | Send heart beat. Models: ['fastchat-t5-3b-v1.0']. Semaphore: Semaphore(value=4, locked=False). call_ct: 0. worker_id: 939bf87a. 
2024-10-24 10:49:44 | INFO | model_worker | Send heart beat. Models: ['fastchat-t5-3b-v1.0']. Semaphore: Semaphore(value=4, locked=False). call_ct: 0. worker_id: 939bf87a. 
2024-10-24 10:50:29 | INFO | model_worker | Send heart beat. Models: ['fastchat-t5-3b-v1.0']. Semaphore: Semaphore(value=4, locked=False). call_ct: 0. worker_id: 939bf87a. 
2024-10-24 10:51:14 | INFO | model_worker | Send heart beat. Models: ['fastchat-t5-3b-v1.0']. Semaphore: Semaphore(value=4, locked=False). call_ct: 0. worker_id: 939bf87a. 
2024-10-24 10:51:59 | INFO | model_worker | Send heart beat. Models: ['fastchat-t5-3b-v1.0']. Semaphore: Semaphore(value=4, locked=False). call_ct: 0. worker_id: 939bf87a. 
2024-10-24 10:52:44 | INFO | model_worker | Send heart beat. Models: ['fastchat-t5-3b-v1.0']. Semaphore: Semaphore(value=4, locked=False). call_ct: 0. worker_id: 939bf87a. 
2024-10-24 10:53:29 | INFO | model_worker | Send heart beat. Models: ['fastchat-t5-3b-v1.0']. Semaphore: Semaphore(value=4, locked=False). call_ct: 0. worker_id: 939bf87a. 
2024-10-24 10:54:14 | INFO | model_worker | Send heart beat. Models: ['fastchat-t5-3b-v1.0']. Semaphore: Semaphore(value=4, locked=False). call_ct: 0. worker_id: 939bf87a. 
2024-10-24 10:55:00 | INFO | model_worker | Send heart beat. Models: ['fastchat-t5-3b-v1.0']. Semaphore: Semaphore(value=4, locked=False). call_ct: 0. worker_id: 939bf87a. 
2024-10-24 10:55:45 | INFO | model_worker | Send heart beat. Models: ['fastchat-t5-3b-v1.0']. Semaphore: Semaphore(value=4, locked=False). call_ct: 0. worker_id: 939bf87a. 
2024-10-24 10:56:30 | INFO | model_worker | Send heart beat. Models: ['fastchat-t5-3b-v1.0']. Semaphore: Semaphore(value=4, locked=False). call_ct: 0. worker_id: 939bf87a. 
2024-10-24 10:57:15 | INFO | model_worker | Send heart beat. Models: ['fastchat-t5-3b-v1.0']. Semaphore: Semaphore(value=4, locked=False). call_ct: 0. worker_id: 939bf87a. 
2024-10-24 10:58:00 | INFO | model_worker | Send heart beat. Models: ['fastchat-t5-3b-v1.0']. Semaphore: Semaphore(value=4, locked=False). call_ct: 0. worker_id: 939bf87a. 
2024-10-24 10:58:45 | INFO | model_worker | Send heart beat. Models: ['fastchat-t5-3b-v1.0']. Semaphore: Semaphore(value=4, locked=False). call_ct: 0. worker_id: 939bf87a. 
2024-10-24 10:59:30 | INFO | model_worker | Send heart beat. Models: ['fastchat-t5-3b-v1.0']. Semaphore: Semaphore(value=4, locked=False). call_ct: 0. worker_id: 939bf87a. 
2024-10-24 11:00:15 | INFO | model_worker | Send heart beat. Models: ['fastchat-t5-3b-v1.0']. Semaphore: Semaphore(value=4, locked=False). call_ct: 0. worker_id: 939bf87a. 
2024-10-24 11:01:00 | INFO | model_worker | Send heart beat. Models: ['fastchat-t5-3b-v1.0']. Semaphore: Semaphore(value=4, locked=False). call_ct: 0. worker_id: 939bf87a. 
2024-10-24 11:01:45 | INFO | model_worker | Send heart beat. Models: ['fastchat-t5-3b-v1.0']. Semaphore: Semaphore(value=4, locked=False). call_ct: 0. worker_id: 939bf87a. 
2024-10-24 11:02:30 | INFO | model_worker | Send heart beat. Models: ['fastchat-t5-3b-v1.0']. Semaphore: Semaphore(value=4, locked=False). call_ct: 0. worker_id: 939bf87a. 
2024-10-24 11:03:15 | INFO | model_worker | Send heart beat. Models: ['fastchat-t5-3b-v1.0']. Semaphore: Semaphore(value=4, locked=False). call_ct: 0. worker_id: 939bf87a. 
2024-10-24 11:04:00 | INFO | model_worker | Send heart beat. Models: ['fastchat-t5-3b-v1.0']. Semaphore: Semaphore(value=4, locked=False). call_ct: 0. worker_id: 939bf87a. 
2024-10-24 11:04:45 | INFO | model_worker | Send heart beat. Models: ['fastchat-t5-3b-v1.0']. Semaphore: Semaphore(value=4, locked=False). call_ct: 0. worker_id: 939bf87a. 
2024-10-24 11:05:30 | INFO | model_worker | Send heart beat. Models: ['fastchat-t5-3b-v1.0']. Semaphore: Semaphore(value=4, locked=False). call_ct: 0. worker_id: 939bf87a. 
2024-10-24 11:06:15 | INFO | model_worker | Send heart beat. Models: ['fastchat-t5-3b-v1.0']. Semaphore: Semaphore(value=4, locked=False). call_ct: 0. worker_id: 939bf87a. 
2024-10-24 11:07:00 | INFO | model_worker | Send heart beat. Models: ['fastchat-t5-3b-v1.0']. Semaphore: Semaphore(value=4, locked=False). call_ct: 0. worker_id: 939bf87a. 
2024-10-24 11:07:45 | INFO | model_worker | Send heart beat. Models: ['fastchat-t5-3b-v1.0']. Semaphore: Semaphore(value=4, locked=False). call_ct: 0. worker_id: 939bf87a. 
2024-10-24 11:08:30 | INFO | model_worker | Send heart beat. Models: ['fastchat-t5-3b-v1.0']. Semaphore: Semaphore(value=4, locked=False). call_ct: 0. worker_id: 939bf87a. 
2024-10-24 11:09:15 | INFO | model_worker | Send heart beat. Models: ['fastchat-t5-3b-v1.0']. Semaphore: Semaphore(value=4, locked=False). call_ct: 0. worker_id: 939bf87a. 
2024-10-24 11:10:00 | INFO | model_worker | Send heart beat. Models: ['fastchat-t5-3b-v1.0']. Semaphore: Semaphore(value=4, locked=False). call_ct: 0. worker_id: 939bf87a. 
2024-10-24 11:10:45 | INFO | model_worker | Send heart beat. Models: ['fastchat-t5-3b-v1.0']. Semaphore: Semaphore(value=4, locked=False). call_ct: 0. worker_id: 939bf87a. 
2024-10-24 11:11:31 | INFO | model_worker | Send heart beat. Models: ['fastchat-t5-3b-v1.0']. Semaphore: Semaphore(value=4, locked=False). call_ct: 0. worker_id: 939bf87a. 
2024-10-24 11:12:16 | INFO | model_worker | Send heart beat. Models: ['fastchat-t5-3b-v1.0']. Semaphore: Semaphore(value=4, locked=False). call_ct: 0. worker_id: 939bf87a. 
2024-10-24 11:13:01 | INFO | model_worker | Send heart beat. Models: ['fastchat-t5-3b-v1.0']. Semaphore: Semaphore(value=4, locked=False). call_ct: 0. worker_id: 939bf87a. 
2024-10-24 11:13:46 | INFO | model_worker | Send heart beat. Models: ['fastchat-t5-3b-v1.0']. Semaphore: Semaphore(value=4, locked=False). call_ct: 0. worker_id: 939bf87a. 
2024-10-24 11:14:31 | INFO | model_worker | Send heart beat. Models: ['fastchat-t5-3b-v1.0']. Semaphore: Semaphore(value=4, locked=False). call_ct: 0. worker_id: 939bf87a. 
2024-10-24 11:15:16 | INFO | model_worker | Send heart beat. Models: ['fastchat-t5-3b-v1.0']. Semaphore: Semaphore(value=4, locked=False). call_ct: 0. worker_id: 939bf87a. 
2024-10-24 11:16:01 | INFO | model_worker | Send heart beat. Models: ['fastchat-t5-3b-v1.0']. Semaphore: Semaphore(value=4, locked=False). call_ct: 0. worker_id: 939bf87a. 
2024-10-24 11:16:46 | INFO | model_worker | Send heart beat. Models: ['fastchat-t5-3b-v1.0']. Semaphore: Semaphore(value=4, locked=False). call_ct: 0. worker_id: 939bf87a. 
2024-10-24 11:17:31 | INFO | model_worker | Send heart beat. Models: ['fastchat-t5-3b-v1.0']. Semaphore: Semaphore(value=4, locked=False). call_ct: 0. worker_id: 939bf87a. 
2024-10-24 11:18:16 | INFO | model_worker | Send heart beat. Models: ['fastchat-t5-3b-v1.0']. Semaphore: Semaphore(value=4, locked=False). call_ct: 0. worker_id: 939bf87a. 
2024-10-24 11:19:01 | INFO | model_worker | Send heart beat. Models: ['fastchat-t5-3b-v1.0']. Semaphore: Semaphore(value=4, locked=False). call_ct: 0. worker_id: 939bf87a. 
2024-10-24 11:19:46 | INFO | model_worker | Send heart beat. Models: ['fastchat-t5-3b-v1.0']. Semaphore: Semaphore(value=4, locked=False). call_ct: 0. worker_id: 939bf87a. 
2024-10-24 11:20:31 | INFO | model_worker | Send heart beat. Models: ['fastchat-t5-3b-v1.0']. Semaphore: Semaphore(value=4, locked=False). call_ct: 0. worker_id: 939bf87a. 
2024-10-24 11:21:16 | INFO | model_worker | Send heart beat. Models: ['fastchat-t5-3b-v1.0']. Semaphore: Semaphore(value=4, locked=False). call_ct: 0. worker_id: 939bf87a. 
2024-10-24 11:22:01 | INFO | model_worker | Send heart beat. Models: ['fastchat-t5-3b-v1.0']. Semaphore: Semaphore(value=4, locked=False). call_ct: 0. worker_id: 939bf87a. 
2024-10-24 11:22:46 | INFO | model_worker | Send heart beat. Models: ['fastchat-t5-3b-v1.0']. Semaphore: Semaphore(value=4, locked=False). call_ct: 0. worker_id: 939bf87a. 
2024-10-24 11:23:31 | INFO | model_worker | Send heart beat. Models: ['fastchat-t5-3b-v1.0']. Semaphore: Semaphore(value=4, locked=False). call_ct: 0. worker_id: 939bf87a. 
2024-10-24 11:24:16 | INFO | model_worker | Send heart beat. Models: ['fastchat-t5-3b-v1.0']. Semaphore: Semaphore(value=4, locked=False). call_ct: 0. worker_id: 939bf87a. 
2024-10-24 11:25:01 | INFO | model_worker | Send heart beat. Models: ['fastchat-t5-3b-v1.0']. Semaphore: Semaphore(value=4, locked=False). call_ct: 0. worker_id: 939bf87a. 
2024-10-24 11:25:46 | INFO | model_worker | Send heart beat. Models: ['fastchat-t5-3b-v1.0']. Semaphore: Semaphore(value=4, locked=False). call_ct: 0. worker_id: 939bf87a. 
2024-10-24 11:26:31 | INFO | model_worker | Send heart beat. Models: ['fastchat-t5-3b-v1.0']. Semaphore: Semaphore(value=4, locked=False). call_ct: 0. worker_id: 939bf87a. 
2024-10-24 11:27:16 | INFO | model_worker | Send heart beat. Models: ['fastchat-t5-3b-v1.0']. Semaphore: Semaphore(value=4, locked=False). call_ct: 0. worker_id: 939bf87a. 
2024-10-24 11:28:02 | INFO | model_worker | Send heart beat. Models: ['fastchat-t5-3b-v1.0']. Semaphore: Semaphore(value=4, locked=False). call_ct: 0. worker_id: 939bf87a. 
2024-10-24 11:28:47 | INFO | model_worker | Send heart beat. Models: ['fastchat-t5-3b-v1.0']. Semaphore: Semaphore(value=4, locked=False). call_ct: 0. worker_id: 939bf87a. 
2024-10-24 11:29:32 | INFO | model_worker | Send heart beat. Models: ['fastchat-t5-3b-v1.0']. Semaphore: Semaphore(value=4, locked=False). call_ct: 0. worker_id: 939bf87a. 
2024-10-24 11:30:17 | INFO | model_worker | Send heart beat. Models: ['fastchat-t5-3b-v1.0']. Semaphore: Semaphore(value=4, locked=False). call_ct: 0. worker_id: 939bf87a. 
2024-10-24 11:31:02 | INFO | model_worker | Send heart beat. Models: ['fastchat-t5-3b-v1.0']. Semaphore: Semaphore(value=4, locked=False). call_ct: 0. worker_id: 939bf87a. 
2024-10-24 11:31:47 | INFO | model_worker | Send heart beat. Models: ['fastchat-t5-3b-v1.0']. Semaphore: Semaphore(value=4, locked=False). call_ct: 0. worker_id: 939bf87a. 
2024-10-24 11:32:32 | INFO | model_worker | Send heart beat. Models: ['fastchat-t5-3b-v1.0']. Semaphore: Semaphore(value=4, locked=False). call_ct: 0. worker_id: 939bf87a. 
2024-10-24 11:33:17 | INFO | model_worker | Send heart beat. Models: ['fastchat-t5-3b-v1.0']. Semaphore: Semaphore(value=4, locked=False). call_ct: 0. worker_id: 939bf87a. 
2024-10-24 11:34:02 | INFO | model_worker | Send heart beat. Models: ['fastchat-t5-3b-v1.0']. Semaphore: Semaphore(value=4, locked=False). call_ct: 0. worker_id: 939bf87a. 
2024-10-24 11:34:47 | INFO | model_worker | Send heart beat. Models: ['fastchat-t5-3b-v1.0']. Semaphore: Semaphore(value=4, locked=False). call_ct: 0. worker_id: 939bf87a. 
2024-10-24 11:35:32 | INFO | model_worker | Send heart beat. Models: ['fastchat-t5-3b-v1.0']. Semaphore: Semaphore(value=4, locked=False). call_ct: 0. worker_id: 939bf87a. 
2024-10-24 11:36:17 | INFO | model_worker | Send heart beat. Models: ['fastchat-t5-3b-v1.0']. Semaphore: Semaphore(value=4, locked=False). call_ct: 0. worker_id: 939bf87a. 
2024-10-24 11:37:02 | INFO | model_worker | Send heart beat. Models: ['fastchat-t5-3b-v1.0']. Semaphore: Semaphore(value=4, locked=False). call_ct: 0. worker_id: 939bf87a. 
2024-10-24 11:37:47 | INFO | model_worker | Send heart beat. Models: ['fastchat-t5-3b-v1.0']. Semaphore: Semaphore(value=4, locked=False). call_ct: 0. worker_id: 939bf87a. 
2024-10-24 11:38:32 | INFO | model_worker | Send heart beat. Models: ['fastchat-t5-3b-v1.0']. Semaphore: Semaphore(value=4, locked=False). call_ct: 0. worker_id: 939bf87a. 
2024-10-24 11:39:17 | INFO | model_worker | Send heart beat. Models: ['fastchat-t5-3b-v1.0']. Semaphore: Semaphore(value=4, locked=False). call_ct: 0. worker_id: 939bf87a. 
2024-10-24 11:40:02 | INFO | model_worker | Send heart beat. Models: ['fastchat-t5-3b-v1.0']. Semaphore: Semaphore(value=4, locked=False). call_ct: 0. worker_id: 939bf87a. 
2024-10-24 11:40:47 | INFO | model_worker | Send heart beat. Models: ['fastchat-t5-3b-v1.0']. Semaphore: Semaphore(value=4, locked=False). call_ct: 0. worker_id: 939bf87a. 
2024-10-24 11:41:32 | INFO | model_worker | Send heart beat. Models: ['fastchat-t5-3b-v1.0']. Semaphore: Semaphore(value=4, locked=False). call_ct: 0. worker_id: 939bf87a. 
2024-10-24 11:42:17 | INFO | model_worker | Send heart beat. Models: ['fastchat-t5-3b-v1.0']. Semaphore: Semaphore(value=4, locked=False). call_ct: 0. worker_id: 939bf87a. 
2024-10-24 11:43:02 | INFO | model_worker | Send heart beat. Models: ['fastchat-t5-3b-v1.0']. Semaphore: Semaphore(value=4, locked=False). call_ct: 0. worker_id: 939bf87a. 
2024-10-24 11:43:47 | INFO | model_worker | Send heart beat. Models: ['fastchat-t5-3b-v1.0']. Semaphore: Semaphore(value=4, locked=False). call_ct: 0. worker_id: 939bf87a. 
2024-10-24 11:44:33 | INFO | model_worker | Send heart beat. Models: ['fastchat-t5-3b-v1.0']. Semaphore: Semaphore(value=4, locked=False). call_ct: 0. worker_id: 939bf87a. 
2024-10-24 11:45:18 | INFO | model_worker | Send heart beat. Models: ['fastchat-t5-3b-v1.0']. Semaphore: Semaphore(value=4, locked=False). call_ct: 0. worker_id: 939bf87a. 
2024-10-24 11:46:03 | INFO | model_worker | Send heart beat. Models: ['fastchat-t5-3b-v1.0']. Semaphore: Semaphore(value=4, locked=False). call_ct: 0. worker_id: 939bf87a. 
2024-10-24 11:46:48 | INFO | model_worker | Send heart beat. Models: ['fastchat-t5-3b-v1.0']. Semaphore: Semaphore(value=4, locked=False). call_ct: 0. worker_id: 939bf87a. 
2024-10-24 11:47:33 | INFO | model_worker | Send heart beat. Models: ['fastchat-t5-3b-v1.0']. Semaphore: Semaphore(value=4, locked=False). call_ct: 0. worker_id: 939bf87a. 
2024-10-24 11:48:18 | INFO | model_worker | Send heart beat. Models: ['fastchat-t5-3b-v1.0']. Semaphore: Semaphore(value=4, locked=False). call_ct: 0. worker_id: 939bf87a. 
2024-10-24 11:49:03 | INFO | model_worker | Send heart beat. Models: ['fastchat-t5-3b-v1.0']. Semaphore: Semaphore(value=4, locked=False). call_ct: 0. worker_id: 939bf87a. 
2024-10-24 11:49:48 | INFO | model_worker | Send heart beat. Models: ['fastchat-t5-3b-v1.0']. Semaphore: Semaphore(value=4, locked=False). call_ct: 0. worker_id: 939bf87a. 
2024-10-24 11:50:33 | INFO | model_worker | Send heart beat. Models: ['fastchat-t5-3b-v1.0']. Semaphore: Semaphore(value=4, locked=False). call_ct: 0. worker_id: 939bf87a. 
2024-10-24 11:51:18 | INFO | model_worker | Send heart beat. Models: ['fastchat-t5-3b-v1.0']. Semaphore: Semaphore(value=4, locked=False). call_ct: 0. worker_id: 939bf87a. 
2024-10-24 11:52:03 | INFO | model_worker | Send heart beat. Models: ['fastchat-t5-3b-v1.0']. Semaphore: Semaphore(value=4, locked=False). call_ct: 0. worker_id: 939bf87a. 
2024-10-24 11:52:48 | INFO | model_worker | Send heart beat. Models: ['fastchat-t5-3b-v1.0']. Semaphore: Semaphore(value=4, locked=False). call_ct: 0. worker_id: 939bf87a. 
2024-10-24 11:53:33 | INFO | model_worker | Send heart beat. Models: ['fastchat-t5-3b-v1.0']. Semaphore: Semaphore(value=4, locked=False). call_ct: 0. worker_id: 939bf87a. 
2024-10-24 11:54:18 | INFO | model_worker | Send heart beat. Models: ['fastchat-t5-3b-v1.0']. Semaphore: Semaphore(value=4, locked=False). call_ct: 0. worker_id: 939bf87a. 
2024-10-24 11:55:03 | INFO | model_worker | Send heart beat. Models: ['fastchat-t5-3b-v1.0']. Semaphore: Semaphore(value=4, locked=False). call_ct: 0. worker_id: 939bf87a. 
2024-10-24 11:55:48 | INFO | model_worker | Send heart beat. Models: ['fastchat-t5-3b-v1.0']. Semaphore: Semaphore(value=4, locked=False). call_ct: 0. worker_id: 939bf87a. 
2024-10-24 11:56:33 | INFO | model_worker | Send heart beat. Models: ['fastchat-t5-3b-v1.0']. Semaphore: Semaphore(value=4, locked=False). call_ct: 0. worker_id: 939bf87a. 
2024-10-24 11:57:18 | INFO | model_worker | Send heart beat. Models: ['fastchat-t5-3b-v1.0']. Semaphore: Semaphore(value=4, locked=False). call_ct: 0. worker_id: 939bf87a. 
2024-10-24 11:58:03 | INFO | model_worker | Send heart beat. Models: ['fastchat-t5-3b-v1.0']. Semaphore: Semaphore(value=4, locked=False). call_ct: 0. worker_id: 939bf87a. 
2024-10-24 11:58:48 | INFO | model_worker | Send heart beat. Models: ['fastchat-t5-3b-v1.0']. Semaphore: Semaphore(value=4, locked=False). call_ct: 0. worker_id: 939bf87a. 
2024-10-24 11:59:33 | INFO | model_worker | Send heart beat. Models: ['fastchat-t5-3b-v1.0']. Semaphore: Semaphore(value=4, locked=False). call_ct: 0. worker_id: 939bf87a. 
2024-10-24 12:00:18 | INFO | model_worker | Send heart beat. Models: ['fastchat-t5-3b-v1.0']. Semaphore: Semaphore(value=4, locked=False). call_ct: 0. worker_id: 939bf87a. 
2024-10-24 12:01:04 | INFO | model_worker | Send heart beat. Models: ['fastchat-t5-3b-v1.0']. Semaphore: Semaphore(value=4, locked=False). call_ct: 0. worker_id: 939bf87a. 
2024-10-24 12:01:49 | INFO | model_worker | Send heart beat. Models: ['fastchat-t5-3b-v1.0']. Semaphore: Semaphore(value=4, locked=False). call_ct: 0. worker_id: 939bf87a. 
2024-10-24 12:02:34 | INFO | model_worker | Send heart beat. Models: ['fastchat-t5-3b-v1.0']. Semaphore: Semaphore(value=4, locked=False). call_ct: 0. worker_id: 939bf87a. 
2024-10-24 12:03:19 | INFO | model_worker | Send heart beat. Models: ['fastchat-t5-3b-v1.0']. Semaphore: Semaphore(value=4, locked=False). call_ct: 0. worker_id: 939bf87a. 
2024-10-24 12:04:04 | INFO | model_worker | Send heart beat. Models: ['fastchat-t5-3b-v1.0']. Semaphore: Semaphore(value=4, locked=False). call_ct: 0. worker_id: 939bf87a. 
2024-10-24 12:04:49 | INFO | model_worker | Send heart beat. Models: ['fastchat-t5-3b-v1.0']. Semaphore: Semaphore(value=4, locked=False). call_ct: 0. worker_id: 939bf87a. 
2024-10-24 12:05:34 | INFO | model_worker | Send heart beat. Models: ['fastchat-t5-3b-v1.0']. Semaphore: Semaphore(value=4, locked=False). call_ct: 0. worker_id: 939bf87a. 
2024-10-24 12:06:19 | INFO | model_worker | Send heart beat. Models: ['fastchat-t5-3b-v1.0']. Semaphore: Semaphore(value=4, locked=False). call_ct: 0. worker_id: 939bf87a. 
2024-10-24 12:07:04 | INFO | model_worker | Send heart beat. Models: ['fastchat-t5-3b-v1.0']. Semaphore: Semaphore(value=4, locked=False). call_ct: 0. worker_id: 939bf87a. 
2024-10-24 12:07:49 | INFO | model_worker | Send heart beat. Models: ['fastchat-t5-3b-v1.0']. Semaphore: Semaphore(value=4, locked=False). call_ct: 0. worker_id: 939bf87a. 
2024-10-24 12:08:34 | INFO | model_worker | Send heart beat. Models: ['fastchat-t5-3b-v1.0']. Semaphore: Semaphore(value=4, locked=False). call_ct: 0. worker_id: 939bf87a. 
2024-10-24 12:09:19 | INFO | model_worker | Send heart beat. Models: ['fastchat-t5-3b-v1.0']. Semaphore: Semaphore(value=4, locked=False). call_ct: 0. worker_id: 939bf87a. 
2024-10-24 12:10:04 | INFO | model_worker | Send heart beat. Models: ['fastchat-t5-3b-v1.0']. Semaphore: Semaphore(value=4, locked=False). call_ct: 0. worker_id: 939bf87a. 
2024-10-24 12:10:49 | INFO | model_worker | Send heart beat. Models: ['fastchat-t5-3b-v1.0']. Semaphore: Semaphore(value=4, locked=False). call_ct: 0. worker_id: 939bf87a. 
2024-10-24 12:11:34 | INFO | model_worker | Send heart beat. Models: ['fastchat-t5-3b-v1.0']. Semaphore: Semaphore(value=4, locked=False). call_ct: 0. worker_id: 939bf87a. 
2024-10-24 12:12:19 | INFO | model_worker | Send heart beat. Models: ['fastchat-t5-3b-v1.0']. Semaphore: Semaphore(value=4, locked=False). call_ct: 0. worker_id: 939bf87a. 
2024-10-24 12:13:04 | INFO | model_worker | Send heart beat. Models: ['fastchat-t5-3b-v1.0']. Semaphore: Semaphore(value=4, locked=False). call_ct: 0. worker_id: 939bf87a. 
2024-10-24 12:13:49 | INFO | model_worker | Send heart beat. Models: ['fastchat-t5-3b-v1.0']. Semaphore: Semaphore(value=4, locked=False). call_ct: 0. worker_id: 939bf87a. 
2024-10-24 12:14:34 | INFO | model_worker | Send heart beat. Models: ['fastchat-t5-3b-v1.0']. Semaphore: Semaphore(value=4, locked=False). call_ct: 0. worker_id: 939bf87a. 
2024-10-24 12:15:19 | INFO | model_worker | Send heart beat. Models: ['fastchat-t5-3b-v1.0']. Semaphore: Semaphore(value=4, locked=False). call_ct: 0. worker_id: 939bf87a. 
2024-10-24 12:16:04 | INFO | model_worker | Send heart beat. Models: ['fastchat-t5-3b-v1.0']. Semaphore: Semaphore(value=4, locked=False). call_ct: 0. worker_id: 939bf87a. 
2024-10-24 12:16:49 | INFO | model_worker | Send heart beat. Models: ['fastchat-t5-3b-v1.0']. Semaphore: Semaphore(value=4, locked=False). call_ct: 0. worker_id: 939bf87a. 
2024-10-24 12:17:34 | INFO | model_worker | Send heart beat. Models: ['fastchat-t5-3b-v1.0']. Semaphore: Semaphore(value=4, locked=False). call_ct: 0. worker_id: 939bf87a. 
2024-10-24 12:18:20 | INFO | model_worker | Send heart beat. Models: ['fastchat-t5-3b-v1.0']. Semaphore: Semaphore(value=4, locked=False). call_ct: 0. worker_id: 939bf87a. 
2024-10-24 12:19:05 | INFO | model_worker | Send heart beat. Models: ['fastchat-t5-3b-v1.0']. Semaphore: Semaphore(value=4, locked=False). call_ct: 0. worker_id: 939bf87a. 
2024-10-24 12:19:50 | INFO | model_worker | Send heart beat. Models: ['fastchat-t5-3b-v1.0']. Semaphore: Semaphore(value=4, locked=False). call_ct: 0. worker_id: 939bf87a. 
2024-10-24 12:20:35 | INFO | model_worker | Send heart beat. Models: ['fastchat-t5-3b-v1.0']. Semaphore: Semaphore(value=4, locked=False). call_ct: 0. worker_id: 939bf87a. 
2024-10-24 12:21:20 | INFO | model_worker | Send heart beat. Models: ['fastchat-t5-3b-v1.0']. Semaphore: Semaphore(value=4, locked=False). call_ct: 0. worker_id: 939bf87a. 
2024-10-24 12:22:05 | INFO | model_worker | Send heart beat. Models: ['fastchat-t5-3b-v1.0']. Semaphore: Semaphore(value=4, locked=False). call_ct: 0. worker_id: 939bf87a. 
2024-10-24 12:22:50 | INFO | model_worker | Send heart beat. Models: ['fastchat-t5-3b-v1.0']. Semaphore: Semaphore(value=4, locked=False). call_ct: 0. worker_id: 939bf87a. 
2024-10-24 12:23:35 | INFO | model_worker | Send heart beat. Models: ['fastchat-t5-3b-v1.0']. Semaphore: Semaphore(value=4, locked=False). call_ct: 0. worker_id: 939bf87a. 
2024-10-24 12:24:20 | INFO | model_worker | Send heart beat. Models: ['fastchat-t5-3b-v1.0']. Semaphore: Semaphore(value=4, locked=False). call_ct: 0. worker_id: 939bf87a. 
2024-10-24 12:25:05 | INFO | model_worker | Send heart beat. Models: ['fastchat-t5-3b-v1.0']. Semaphore: Semaphore(value=4, locked=False). call_ct: 0. worker_id: 939bf87a. 
2024-10-24 12:25:50 | INFO | model_worker | Send heart beat. Models: ['fastchat-t5-3b-v1.0']. Semaphore: Semaphore(value=4, locked=False). call_ct: 0. worker_id: 939bf87a. 
2024-10-24 12:26:35 | INFO | model_worker | Send heart beat. Models: ['fastchat-t5-3b-v1.0']. Semaphore: Semaphore(value=4, locked=False). call_ct: 0. worker_id: 939bf87a. 
2024-10-24 12:27:20 | INFO | model_worker | Send heart beat. Models: ['fastchat-t5-3b-v1.0']. Semaphore: Semaphore(value=4, locked=False). call_ct: 0. worker_id: 939bf87a. 
2024-10-24 12:28:05 | INFO | model_worker | Send heart beat. Models: ['fastchat-t5-3b-v1.0']. Semaphore: Semaphore(value=4, locked=False). call_ct: 0. worker_id: 939bf87a. 
2024-10-24 12:28:50 | INFO | model_worker | Send heart beat. Models: ['fastchat-t5-3b-v1.0']. Semaphore: Semaphore(value=4, locked=False). call_ct: 0. worker_id: 939bf87a. 
2024-10-24 12:29:35 | INFO | model_worker | Send heart beat. Models: ['fastchat-t5-3b-v1.0']. Semaphore: Semaphore(value=4, locked=False). call_ct: 0. worker_id: 939bf87a. 
2024-10-24 12:30:20 | INFO | model_worker | Send heart beat. Models: ['fastchat-t5-3b-v1.0']. Semaphore: Semaphore(value=4, locked=False). call_ct: 0. worker_id: 939bf87a. 
2024-10-24 12:31:05 | INFO | model_worker | Send heart beat. Models: ['fastchat-t5-3b-v1.0']. Semaphore: Semaphore(value=4, locked=False). call_ct: 0. worker_id: 939bf87a. 
2024-10-24 12:31:50 | INFO | model_worker | Send heart beat. Models: ['fastchat-t5-3b-v1.0']. Semaphore: Semaphore(value=4, locked=False). call_ct: 0. worker_id: 939bf87a. 
2024-10-24 12:32:35 | INFO | model_worker | Send heart beat. Models: ['fastchat-t5-3b-v1.0']. Semaphore: Semaphore(value=4, locked=False). call_ct: 0. worker_id: 939bf87a. 
2024-10-24 12:33:20 | INFO | model_worker | Send heart beat. Models: ['fastchat-t5-3b-v1.0']. Semaphore: Semaphore(value=4, locked=False). call_ct: 0. worker_id: 939bf87a. 
2024-10-24 12:34:05 | INFO | model_worker | Send heart beat. Models: ['fastchat-t5-3b-v1.0']. Semaphore: Semaphore(value=4, locked=False). call_ct: 0. worker_id: 939bf87a. 
2024-10-24 12:34:51 | INFO | model_worker | Send heart beat. Models: ['fastchat-t5-3b-v1.0']. Semaphore: Semaphore(value=4, locked=False). call_ct: 0. worker_id: 939bf87a. 
2024-10-24 12:35:36 | INFO | model_worker | Send heart beat. Models: ['fastchat-t5-3b-v1.0']. Semaphore: Semaphore(value=4, locked=False). call_ct: 0. worker_id: 939bf87a. 
2024-10-24 12:36:21 | INFO | model_worker | Send heart beat. Models: ['fastchat-t5-3b-v1.0']. Semaphore: Semaphore(value=4, locked=False). call_ct: 0. worker_id: 939bf87a. 
2024-10-24 12:37:06 | INFO | model_worker | Send heart beat. Models: ['fastchat-t5-3b-v1.0']. Semaphore: Semaphore(value=4, locked=False). call_ct: 0. worker_id: 939bf87a. 
2024-10-24 12:37:51 | INFO | model_worker | Send heart beat. Models: ['fastchat-t5-3b-v1.0']. Semaphore: Semaphore(value=4, locked=False). call_ct: 0. worker_id: 939bf87a. 
2024-10-24 12:38:36 | INFO | model_worker | Send heart beat. Models: ['fastchat-t5-3b-v1.0']. Semaphore: Semaphore(value=4, locked=False). call_ct: 0. worker_id: 939bf87a. 
2024-10-24 12:39:21 | INFO | model_worker | Send heart beat. Models: ['fastchat-t5-3b-v1.0']. Semaphore: Semaphore(value=4, locked=False). call_ct: 0. worker_id: 939bf87a. 
2024-10-24 12:40:06 | INFO | model_worker | Send heart beat. Models: ['fastchat-t5-3b-v1.0']. Semaphore: Semaphore(value=4, locked=False). call_ct: 0. worker_id: 939bf87a. 
2024-10-24 12:40:51 | INFO | model_worker | Send heart beat. Models: ['fastchat-t5-3b-v1.0']. Semaphore: Semaphore(value=4, locked=False). call_ct: 0. worker_id: 939bf87a. 
2024-10-24 12:41:36 | INFO | model_worker | Send heart beat. Models: ['fastchat-t5-3b-v1.0']. Semaphore: Semaphore(value=4, locked=False). call_ct: 0. worker_id: 939bf87a. 
2024-10-24 12:42:21 | INFO | model_worker | Send heart beat. Models: ['fastchat-t5-3b-v1.0']. Semaphore: Semaphore(value=4, locked=False). call_ct: 0. worker_id: 939bf87a. 
2024-10-24 12:43:06 | INFO | model_worker | Send heart beat. Models: ['fastchat-t5-3b-v1.0']. Semaphore: Semaphore(value=4, locked=False). call_ct: 0. worker_id: 939bf87a. 
2024-10-24 12:43:51 | INFO | model_worker | Send heart beat. Models: ['fastchat-t5-3b-v1.0']. Semaphore: Semaphore(value=4, locked=False). call_ct: 0. worker_id: 939bf87a. 
2024-10-24 12:44:36 | INFO | model_worker | Send heart beat. Models: ['fastchat-t5-3b-v1.0']. Semaphore: Semaphore(value=4, locked=False). call_ct: 0. worker_id: 939bf87a. 
2024-10-24 12:45:21 | INFO | model_worker | Send heart beat. Models: ['fastchat-t5-3b-v1.0']. Semaphore: Semaphore(value=4, locked=False). call_ct: 0. worker_id: 939bf87a. 
2024-10-24 12:46:06 | INFO | model_worker | Send heart beat. Models: ['fastchat-t5-3b-v1.0']. Semaphore: Semaphore(value=4, locked=False). call_ct: 0. worker_id: 939bf87a. 
2024-10-24 12:46:51 | INFO | model_worker | Send heart beat. Models: ['fastchat-t5-3b-v1.0']. Semaphore: Semaphore(value=4, locked=False). call_ct: 0. worker_id: 939bf87a. 
2024-10-24 12:47:36 | INFO | model_worker | Send heart beat. Models: ['fastchat-t5-3b-v1.0']. Semaphore: Semaphore(value=4, locked=False). call_ct: 0. worker_id: 939bf87a. 
2024-10-24 12:48:21 | INFO | model_worker | Send heart beat. Models: ['fastchat-t5-3b-v1.0']. Semaphore: Semaphore(value=4, locked=False). call_ct: 0. worker_id: 939bf87a. 
2024-10-24 12:49:06 | INFO | model_worker | Send heart beat. Models: ['fastchat-t5-3b-v1.0']. Semaphore: Semaphore(value=4, locked=False). call_ct: 0. worker_id: 939bf87a. 
2024-10-24 12:49:51 | INFO | model_worker | Send heart beat. Models: ['fastchat-t5-3b-v1.0']. Semaphore: Semaphore(value=4, locked=False). call_ct: 0. worker_id: 939bf87a. 
2024-10-24 12:50:36 | INFO | model_worker | Send heart beat. Models: ['fastchat-t5-3b-v1.0']. Semaphore: Semaphore(value=4, locked=False). call_ct: 0. worker_id: 939bf87a. 
2024-10-24 12:51:21 | INFO | model_worker | Send heart beat. Models: ['fastchat-t5-3b-v1.0']. Semaphore: Semaphore(value=4, locked=False). call_ct: 0. worker_id: 939bf87a. 
2024-10-24 12:52:07 | INFO | model_worker | Send heart beat. Models: ['fastchat-t5-3b-v1.0']. Semaphore: Semaphore(value=4, locked=False). call_ct: 0. worker_id: 939bf87a. 
2024-10-24 12:52:52 | INFO | model_worker | Send heart beat. Models: ['fastchat-t5-3b-v1.0']. Semaphore: Semaphore(value=4, locked=False). call_ct: 0. worker_id: 939bf87a. 
2024-10-24 12:53:37 | INFO | model_worker | Send heart beat. Models: ['fastchat-t5-3b-v1.0']. Semaphore: Semaphore(value=4, locked=False). call_ct: 0. worker_id: 939bf87a. 
2024-10-24 12:54:22 | INFO | model_worker | Send heart beat. Models: ['fastchat-t5-3b-v1.0']. Semaphore: Semaphore(value=4, locked=False). call_ct: 0. worker_id: 939bf87a. 
2024-10-24 12:55:07 | INFO | model_worker | Send heart beat. Models: ['fastchat-t5-3b-v1.0']. Semaphore: Semaphore(value=4, locked=False). call_ct: 0. worker_id: 939bf87a. 
2024-10-24 12:55:52 | INFO | model_worker | Send heart beat. Models: ['fastchat-t5-3b-v1.0']. Semaphore: Semaphore(value=4, locked=False). call_ct: 0. worker_id: 939bf87a. 
2024-10-24 12:56:37 | INFO | model_worker | Send heart beat. Models: ['fastchat-t5-3b-v1.0']. Semaphore: Semaphore(value=4, locked=False). call_ct: 0. worker_id: 939bf87a. 
2024-10-24 12:57:22 | INFO | model_worker | Send heart beat. Models: ['fastchat-t5-3b-v1.0']. Semaphore: Semaphore(value=4, locked=False). call_ct: 0. worker_id: 939bf87a. 
2024-10-24 12:58:07 | INFO | model_worker | Send heart beat. Models: ['fastchat-t5-3b-v1.0']. Semaphore: Semaphore(value=4, locked=False). call_ct: 0. worker_id: 939bf87a. 
2024-10-24 12:58:52 | INFO | model_worker | Send heart beat. Models: ['fastchat-t5-3b-v1.0']. Semaphore: Semaphore(value=4, locked=False). call_ct: 0. worker_id: 939bf87a. 
2024-10-24 12:59:37 | INFO | model_worker | Send heart beat. Models: ['fastchat-t5-3b-v1.0']. Semaphore: Semaphore(value=4, locked=False). call_ct: 0. worker_id: 939bf87a. 
2024-10-24 13:00:22 | INFO | model_worker | Send heart beat. Models: ['fastchat-t5-3b-v1.0']. Semaphore: Semaphore(value=4, locked=False). call_ct: 0. worker_id: 939bf87a. 
2024-10-24 13:01:07 | INFO | model_worker | Send heart beat. Models: ['fastchat-t5-3b-v1.0']. Semaphore: Semaphore(value=4, locked=False). call_ct: 0. worker_id: 939bf87a. 
2024-10-24 13:01:52 | INFO | model_worker | Send heart beat. Models: ['fastchat-t5-3b-v1.0']. Semaphore: Semaphore(value=4, locked=False). call_ct: 0. worker_id: 939bf87a. 
2024-10-24 13:02:37 | INFO | model_worker | Send heart beat. Models: ['fastchat-t5-3b-v1.0']. Semaphore: Semaphore(value=4, locked=False). call_ct: 0. worker_id: 939bf87a. 
2024-10-24 13:03:22 | INFO | model_worker | Send heart beat. Models: ['fastchat-t5-3b-v1.0']. Semaphore: Semaphore(value=4, locked=False). call_ct: 0. worker_id: 939bf87a. 
2024-10-24 13:04:07 | INFO | model_worker | Send heart beat. Models: ['fastchat-t5-3b-v1.0']. Semaphore: Semaphore(value=4, locked=False). call_ct: 0. worker_id: 939bf87a. 
2024-10-24 13:04:52 | INFO | model_worker | Send heart beat. Models: ['fastchat-t5-3b-v1.0']. Semaphore: Semaphore(value=4, locked=False). call_ct: 0. worker_id: 939bf87a. 
2024-10-24 13:05:37 | INFO | model_worker | Send heart beat. Models: ['fastchat-t5-3b-v1.0']. Semaphore: Semaphore(value=4, locked=False). call_ct: 0. worker_id: 939bf87a. 
2024-10-24 13:06:22 | INFO | model_worker | Send heart beat. Models: ['fastchat-t5-3b-v1.0']. Semaphore: Semaphore(value=4, locked=False). call_ct: 0. worker_id: 939bf87a. 
2024-10-24 13:07:07 | INFO | model_worker | Send heart beat. Models: ['fastchat-t5-3b-v1.0']. Semaphore: Semaphore(value=4, locked=False). call_ct: 0. worker_id: 939bf87a. 
2024-10-24 13:07:52 | INFO | model_worker | Send heart beat. Models: ['fastchat-t5-3b-v1.0']. Semaphore: Semaphore(value=4, locked=False). call_ct: 0. worker_id: 939bf87a. 
2024-10-24 13:08:38 | INFO | model_worker | Send heart beat. Models: ['fastchat-t5-3b-v1.0']. Semaphore: Semaphore(value=4, locked=False). call_ct: 0. worker_id: 939bf87a. 
2024-10-24 13:09:23 | INFO | model_worker | Send heart beat. Models: ['fastchat-t5-3b-v1.0']. Semaphore: Semaphore(value=4, locked=False). call_ct: 0. worker_id: 939bf87a. 
2024-10-24 13:10:08 | INFO | model_worker | Send heart beat. Models: ['fastchat-t5-3b-v1.0']. Semaphore: Semaphore(value=4, locked=False). call_ct: 0. worker_id: 939bf87a. 
2024-10-24 13:10:53 | INFO | model_worker | Send heart beat. Models: ['fastchat-t5-3b-v1.0']. Semaphore: Semaphore(value=4, locked=False). call_ct: 0. worker_id: 939bf87a. 
2024-10-24 13:11:38 | INFO | model_worker | Send heart beat. Models: ['fastchat-t5-3b-v1.0']. Semaphore: Semaphore(value=4, locked=False). call_ct: 0. worker_id: 939bf87a. 
2024-10-24 13:12:23 | INFO | model_worker | Send heart beat. Models: ['fastchat-t5-3b-v1.0']. Semaphore: Semaphore(value=4, locked=False). call_ct: 0. worker_id: 939bf87a. 
2024-10-24 13:13:08 | INFO | model_worker | Send heart beat. Models: ['fastchat-t5-3b-v1.0']. Semaphore: Semaphore(value=4, locked=False). call_ct: 0. worker_id: 939bf87a. 
2024-10-24 13:13:53 | INFO | model_worker | Send heart beat. Models: ['fastchat-t5-3b-v1.0']. Semaphore: Semaphore(value=4, locked=False). call_ct: 0. worker_id: 939bf87a. 
2024-10-24 13:14:38 | INFO | model_worker | Send heart beat. Models: ['fastchat-t5-3b-v1.0']. Semaphore: Semaphore(value=4, locked=False). call_ct: 0. worker_id: 939bf87a. 
2024-10-24 13:15:23 | INFO | model_worker | Send heart beat. Models: ['fastchat-t5-3b-v1.0']. Semaphore: Semaphore(value=4, locked=False). call_ct: 0. worker_id: 939bf87a. 
2024-10-24 13:16:08 | INFO | model_worker | Send heart beat. Models: ['fastchat-t5-3b-v1.0']. Semaphore: Semaphore(value=4, locked=False). call_ct: 0. worker_id: 939bf87a. 
2024-10-24 13:16:53 | INFO | model_worker | Send heart beat. Models: ['fastchat-t5-3b-v1.0']. Semaphore: Semaphore(value=4, locked=False). call_ct: 0. worker_id: 939bf87a. 
2024-10-24 13:17:38 | INFO | model_worker | Send heart beat. Models: ['fastchat-t5-3b-v1.0']. Semaphore: Semaphore(value=4, locked=False). call_ct: 0. worker_id: 939bf87a. 
2024-10-24 13:18:23 | INFO | model_worker | Send heart beat. Models: ['fastchat-t5-3b-v1.0']. Semaphore: Semaphore(value=4, locked=False). call_ct: 0. worker_id: 939bf87a. 
2024-10-24 13:19:08 | INFO | model_worker | Send heart beat. Models: ['fastchat-t5-3b-v1.0']. Semaphore: Semaphore(value=4, locked=False). call_ct: 0. worker_id: 939bf87a. 
2024-10-24 13:19:53 | INFO | model_worker | Send heart beat. Models: ['fastchat-t5-3b-v1.0']. Semaphore: Semaphore(value=4, locked=False). call_ct: 0. worker_id: 939bf87a. 
2024-10-24 13:20:38 | INFO | model_worker | Send heart beat. Models: ['fastchat-t5-3b-v1.0']. Semaphore: Semaphore(value=4, locked=False). call_ct: 0. worker_id: 939bf87a. 
2024-10-24 13:21:23 | INFO | model_worker | Send heart beat. Models: ['fastchat-t5-3b-v1.0']. Semaphore: Semaphore(value=4, locked=False). call_ct: 0. worker_id: 939bf87a. 
2024-10-24 13:22:08 | INFO | model_worker | Send heart beat. Models: ['fastchat-t5-3b-v1.0']. Semaphore: Semaphore(value=4, locked=False). call_ct: 0. worker_id: 939bf87a. 
2024-10-24 13:22:53 | INFO | model_worker | Send heart beat. Models: ['fastchat-t5-3b-v1.0']. Semaphore: Semaphore(value=4, locked=False). call_ct: 0. worker_id: 939bf87a. 
2024-10-24 13:23:38 | INFO | model_worker | Send heart beat. Models: ['fastchat-t5-3b-v1.0']. Semaphore: Semaphore(value=4, locked=False). call_ct: 0. worker_id: 939bf87a. 
2024-10-24 13:24:23 | INFO | model_worker | Send heart beat. Models: ['fastchat-t5-3b-v1.0']. Semaphore: Semaphore(value=4, locked=False). call_ct: 0. worker_id: 939bf87a. 
2024-10-24 13:25:09 | INFO | model_worker | Send heart beat. Models: ['fastchat-t5-3b-v1.0']. Semaphore: Semaphore(value=4, locked=False). call_ct: 0. worker_id: 939bf87a. 
2024-10-24 13:25:54 | INFO | model_worker | Send heart beat. Models: ['fastchat-t5-3b-v1.0']. Semaphore: Semaphore(value=4, locked=False). call_ct: 0. worker_id: 939bf87a. 
2024-10-24 13:26:39 | INFO | model_worker | Send heart beat. Models: ['fastchat-t5-3b-v1.0']. Semaphore: Semaphore(value=4, locked=False). call_ct: 0. worker_id: 939bf87a. 
2024-10-24 13:27:24 | INFO | model_worker | Send heart beat. Models: ['fastchat-t5-3b-v1.0']. Semaphore: Semaphore(value=4, locked=False). call_ct: 0. worker_id: 939bf87a. 
2024-10-24 13:28:09 | INFO | model_worker | Send heart beat. Models: ['fastchat-t5-3b-v1.0']. Semaphore: Semaphore(value=4, locked=False). call_ct: 0. worker_id: 939bf87a. 
2024-10-24 13:28:54 | INFO | model_worker | Send heart beat. Models: ['fastchat-t5-3b-v1.0']. Semaphore: Semaphore(value=4, locked=False). call_ct: 0. worker_id: 939bf87a. 
2024-10-24 13:29:39 | INFO | model_worker | Send heart beat. Models: ['fastchat-t5-3b-v1.0']. Semaphore: Semaphore(value=4, locked=False). call_ct: 0. worker_id: 939bf87a. 
2024-10-24 13:30:24 | INFO | model_worker | Send heart beat. Models: ['fastchat-t5-3b-v1.0']. Semaphore: Semaphore(value=4, locked=False). call_ct: 0. worker_id: 939bf87a. 
2024-10-24 13:31:09 | INFO | model_worker | Send heart beat. Models: ['fastchat-t5-3b-v1.0']. Semaphore: Semaphore(value=4, locked=False). call_ct: 0. worker_id: 939bf87a. 
2024-10-24 13:31:54 | INFO | model_worker | Send heart beat. Models: ['fastchat-t5-3b-v1.0']. Semaphore: Semaphore(value=4, locked=False). call_ct: 0. worker_id: 939bf87a. 
2024-10-24 13:32:39 | INFO | model_worker | Send heart beat. Models: ['fastchat-t5-3b-v1.0']. Semaphore: Semaphore(value=4, locked=False). call_ct: 0. worker_id: 939bf87a. 
2024-10-24 13:33:24 | INFO | model_worker | Send heart beat. Models: ['fastchat-t5-3b-v1.0']. Semaphore: Semaphore(value=4, locked=False). call_ct: 0. worker_id: 939bf87a. 
2024-10-24 13:34:09 | INFO | model_worker | Send heart beat. Models: ['fastchat-t5-3b-v1.0']. Semaphore: Semaphore(value=4, locked=False). call_ct: 0. worker_id: 939bf87a. 
2024-10-24 13:34:54 | INFO | model_worker | Send heart beat. Models: ['fastchat-t5-3b-v1.0']. Semaphore: Semaphore(value=4, locked=False). call_ct: 0. worker_id: 939bf87a. 
2024-10-24 13:35:39 | INFO | model_worker | Send heart beat. Models: ['fastchat-t5-3b-v1.0']. Semaphore: Semaphore(value=4, locked=False). call_ct: 0. worker_id: 939bf87a. 
2024-10-24 13:36:24 | INFO | model_worker | Send heart beat. Models: ['fastchat-t5-3b-v1.0']. Semaphore: Semaphore(value=4, locked=False). call_ct: 0. worker_id: 939bf87a. 
2024-10-24 13:37:09 | INFO | model_worker | Send heart beat. Models: ['fastchat-t5-3b-v1.0']. Semaphore: Semaphore(value=4, locked=False). call_ct: 0. worker_id: 939bf87a. 
2024-10-24 13:37:54 | INFO | model_worker | Send heart beat. Models: ['fastchat-t5-3b-v1.0']. Semaphore: Semaphore(value=4, locked=False). call_ct: 0. worker_id: 939bf87a. 
2024-10-24 13:38:39 | INFO | model_worker | Send heart beat. Models: ['fastchat-t5-3b-v1.0']. Semaphore: Semaphore(value=4, locked=False). call_ct: 0. worker_id: 939bf87a. 
2024-10-24 13:39:24 | INFO | model_worker | Send heart beat. Models: ['fastchat-t5-3b-v1.0']. Semaphore: Semaphore(value=4, locked=False). call_ct: 0. worker_id: 939bf87a. 
2024-10-24 13:40:09 | INFO | model_worker | Send heart beat. Models: ['fastchat-t5-3b-v1.0']. Semaphore: Semaphore(value=4, locked=False). call_ct: 0. worker_id: 939bf87a. 
2024-10-24 13:40:54 | INFO | model_worker | Send heart beat. Models: ['fastchat-t5-3b-v1.0']. Semaphore: Semaphore(value=4, locked=False). call_ct: 0. worker_id: 939bf87a. 
2024-10-24 13:41:40 | INFO | model_worker | Send heart beat. Models: ['fastchat-t5-3b-v1.0']. Semaphore: Semaphore(value=4, locked=False). call_ct: 0. worker_id: 939bf87a. 
2024-10-24 13:42:25 | INFO | model_worker | Send heart beat. Models: ['fastchat-t5-3b-v1.0']. Semaphore: Semaphore(value=4, locked=False). call_ct: 0. worker_id: 939bf87a. 
2024-10-24 13:43:10 | INFO | model_worker | Send heart beat. Models: ['fastchat-t5-3b-v1.0']. Semaphore: Semaphore(value=4, locked=False). call_ct: 0. worker_id: 939bf87a. 
2024-10-24 13:43:55 | INFO | model_worker | Send heart beat. Models: ['fastchat-t5-3b-v1.0']. Semaphore: Semaphore(value=4, locked=False). call_ct: 0. worker_id: 939bf87a. 
2024-10-24 13:44:40 | INFO | model_worker | Send heart beat. Models: ['fastchat-t5-3b-v1.0']. Semaphore: Semaphore(value=4, locked=False). call_ct: 0. worker_id: 939bf87a. 
2024-10-24 13:45:25 | INFO | model_worker | Send heart beat. Models: ['fastchat-t5-3b-v1.0']. Semaphore: Semaphore(value=4, locked=False). call_ct: 0. worker_id: 939bf87a. 
2024-10-24 13:46:10 | INFO | model_worker | Send heart beat. Models: ['fastchat-t5-3b-v1.0']. Semaphore: Semaphore(value=4, locked=False). call_ct: 0. worker_id: 939bf87a. 
2024-10-24 13:46:55 | INFO | model_worker | Send heart beat. Models: ['fastchat-t5-3b-v1.0']. Semaphore: Semaphore(value=4, locked=False). call_ct: 0. worker_id: 939bf87a. 
2024-10-24 13:47:40 | INFO | model_worker | Send heart beat. Models: ['fastchat-t5-3b-v1.0']. Semaphore: Semaphore(value=4, locked=False). call_ct: 0. worker_id: 939bf87a. 
2024-10-24 13:48:25 | INFO | model_worker | Send heart beat. Models: ['fastchat-t5-3b-v1.0']. Semaphore: Semaphore(value=4, locked=False). call_ct: 0. worker_id: 939bf87a. 
2024-10-24 13:49:10 | INFO | model_worker | Send heart beat. Models: ['fastchat-t5-3b-v1.0']. Semaphore: Semaphore(value=4, locked=False). call_ct: 0. worker_id: 939bf87a. 
2024-10-24 13:49:55 | INFO | model_worker | Send heart beat. Models: ['fastchat-t5-3b-v1.0']. Semaphore: Semaphore(value=4, locked=False). call_ct: 0. worker_id: 939bf87a. 
2024-10-24 13:50:40 | INFO | model_worker | Send heart beat. Models: ['fastchat-t5-3b-v1.0']. Semaphore: Semaphore(value=4, locked=False). call_ct: 0. worker_id: 939bf87a. 
2024-10-24 13:51:25 | INFO | model_worker | Send heart beat. Models: ['fastchat-t5-3b-v1.0']. Semaphore: Semaphore(value=4, locked=False). call_ct: 0. worker_id: 939bf87a. 
2024-10-24 13:52:10 | INFO | model_worker | Send heart beat. Models: ['fastchat-t5-3b-v1.0']. Semaphore: Semaphore(value=4, locked=False). call_ct: 0. worker_id: 939bf87a. 
2024-10-24 13:52:55 | INFO | model_worker | Send heart beat. Models: ['fastchat-t5-3b-v1.0']. Semaphore: Semaphore(value=4, locked=False). call_ct: 0. worker_id: 939bf87a. 
2024-10-24 13:53:40 | INFO | model_worker | Send heart beat. Models: ['fastchat-t5-3b-v1.0']. Semaphore: Semaphore(value=4, locked=False). call_ct: 0. worker_id: 939bf87a. 
2024-10-24 13:54:25 | INFO | model_worker | Send heart beat. Models: ['fastchat-t5-3b-v1.0']. Semaphore: Semaphore(value=4, locked=False). call_ct: 0. worker_id: 939bf87a. 
2024-10-24 13:55:10 | INFO | model_worker | Send heart beat. Models: ['fastchat-t5-3b-v1.0']. Semaphore: Semaphore(value=4, locked=False). call_ct: 0. worker_id: 939bf87a. 
2024-10-24 13:55:55 | INFO | model_worker | Send heart beat. Models: ['fastchat-t5-3b-v1.0']. Semaphore: Semaphore(value=4, locked=False). call_ct: 0. worker_id: 939bf87a. 
2024-10-24 13:56:40 | INFO | model_worker | Send heart beat. Models: ['fastchat-t5-3b-v1.0']. Semaphore: Semaphore(value=4, locked=False). call_ct: 0. worker_id: 939bf87a. 
2024-10-24 13:57:25 | INFO | model_worker | Send heart beat. Models: ['fastchat-t5-3b-v1.0']. Semaphore: Semaphore(value=4, locked=False). call_ct: 0. worker_id: 939bf87a. 
2024-10-24 13:58:11 | INFO | model_worker | Send heart beat. Models: ['fastchat-t5-3b-v1.0']. Semaphore: Semaphore(value=4, locked=False). call_ct: 0. worker_id: 939bf87a. 
2024-10-24 13:58:56 | INFO | model_worker | Send heart beat. Models: ['fastchat-t5-3b-v1.0']. Semaphore: Semaphore(value=4, locked=False). call_ct: 0. worker_id: 939bf87a. 
2024-10-24 13:59:41 | INFO | model_worker | Send heart beat. Models: ['fastchat-t5-3b-v1.0']. Semaphore: Semaphore(value=4, locked=False). call_ct: 0. worker_id: 939bf87a. 
2024-10-24 14:00:26 | INFO | model_worker | Send heart beat. Models: ['fastchat-t5-3b-v1.0']. Semaphore: Semaphore(value=4, locked=False). call_ct: 0. worker_id: 939bf87a. 
2024-10-24 14:01:11 | INFO | model_worker | Send heart beat. Models: ['fastchat-t5-3b-v1.0']. Semaphore: Semaphore(value=4, locked=False). call_ct: 0. worker_id: 939bf87a. 
2024-10-24 14:01:56 | INFO | model_worker | Send heart beat. Models: ['fastchat-t5-3b-v1.0']. Semaphore: Semaphore(value=4, locked=False). call_ct: 0. worker_id: 939bf87a. 
2024-10-24 14:02:41 | INFO | model_worker | Send heart beat. Models: ['fastchat-t5-3b-v1.0']. Semaphore: Semaphore(value=4, locked=False). call_ct: 0. worker_id: 939bf87a. 
2024-10-24 14:03:26 | INFO | model_worker | Send heart beat. Models: ['fastchat-t5-3b-v1.0']. Semaphore: Semaphore(value=4, locked=False). call_ct: 0. worker_id: 939bf87a. 
2024-10-24 14:04:11 | INFO | model_worker | Send heart beat. Models: ['fastchat-t5-3b-v1.0']. Semaphore: Semaphore(value=4, locked=False). call_ct: 0. worker_id: 939bf87a. 
2024-10-24 14:04:56 | INFO | model_worker | Send heart beat. Models: ['fastchat-t5-3b-v1.0']. Semaphore: Semaphore(value=4, locked=False). call_ct: 0. worker_id: 939bf87a. 
2024-10-24 14:05:41 | INFO | model_worker | Send heart beat. Models: ['fastchat-t5-3b-v1.0']. Semaphore: Semaphore(value=4, locked=False). call_ct: 0. worker_id: 939bf87a. 
2024-10-24 14:06:26 | INFO | model_worker | Send heart beat. Models: ['fastchat-t5-3b-v1.0']. Semaphore: Semaphore(value=4, locked=False). call_ct: 0. worker_id: 939bf87a. 
2024-10-24 14:07:11 | INFO | model_worker | Send heart beat. Models: ['fastchat-t5-3b-v1.0']. Semaphore: Semaphore(value=4, locked=False). call_ct: 0. worker_id: 939bf87a. 
2024-10-24 14:07:56 | INFO | model_worker | Send heart beat. Models: ['fastchat-t5-3b-v1.0']. Semaphore: Semaphore(value=4, locked=False). call_ct: 0. worker_id: 939bf87a. 
2024-10-24 14:08:41 | INFO | model_worker | Send heart beat. Models: ['fastchat-t5-3b-v1.0']. Semaphore: Semaphore(value=4, locked=False). call_ct: 0. worker_id: 939bf87a. 
2024-10-24 14:09:26 | INFO | model_worker | Send heart beat. Models: ['fastchat-t5-3b-v1.0']. Semaphore: Semaphore(value=4, locked=False). call_ct: 0. worker_id: 939bf87a. 
2024-10-24 14:10:11 | INFO | model_worker | Send heart beat. Models: ['fastchat-t5-3b-v1.0']. Semaphore: Semaphore(value=4, locked=False). call_ct: 0. worker_id: 939bf87a. 
2024-10-24 14:10:56 | INFO | model_worker | Send heart beat. Models: ['fastchat-t5-3b-v1.0']. Semaphore: Semaphore(value=4, locked=False). call_ct: 0. worker_id: 939bf87a. 
2024-10-24 14:11:41 | INFO | model_worker | Send heart beat. Models: ['fastchat-t5-3b-v1.0']. Semaphore: Semaphore(value=4, locked=False). call_ct: 0. worker_id: 939bf87a. 
2024-10-24 14:12:26 | INFO | model_worker | Send heart beat. Models: ['fastchat-t5-3b-v1.0']. Semaphore: Semaphore(value=4, locked=False). call_ct: 0. worker_id: 939bf87a. 
2024-10-24 14:13:11 | INFO | model_worker | Send heart beat. Models: ['fastchat-t5-3b-v1.0']. Semaphore: Semaphore(value=4, locked=False). call_ct: 0. worker_id: 939bf87a. 
2024-10-24 14:13:56 | INFO | model_worker | Send heart beat. Models: ['fastchat-t5-3b-v1.0']. Semaphore: Semaphore(value=4, locked=False). call_ct: 0. worker_id: 939bf87a. 
2024-10-24 14:14:42 | INFO | model_worker | Send heart beat. Models: ['fastchat-t5-3b-v1.0']. Semaphore: Semaphore(value=4, locked=False). call_ct: 0. worker_id: 939bf87a. 
2024-10-24 14:15:27 | INFO | model_worker | Send heart beat. Models: ['fastchat-t5-3b-v1.0']. Semaphore: Semaphore(value=4, locked=False). call_ct: 0. worker_id: 939bf87a. 
2024-10-24 14:16:12 | INFO | model_worker | Send heart beat. Models: ['fastchat-t5-3b-v1.0']. Semaphore: Semaphore(value=4, locked=False). call_ct: 0. worker_id: 939bf87a. 
2024-10-24 14:16:57 | INFO | model_worker | Send heart beat. Models: ['fastchat-t5-3b-v1.0']. Semaphore: Semaphore(value=4, locked=False). call_ct: 0. worker_id: 939bf87a. 
2024-10-24 14:17:42 | INFO | model_worker | Send heart beat. Models: ['fastchat-t5-3b-v1.0']. Semaphore: Semaphore(value=4, locked=False). call_ct: 0. worker_id: 939bf87a. 
2024-10-24 14:18:27 | INFO | model_worker | Send heart beat. Models: ['fastchat-t5-3b-v1.0']. Semaphore: Semaphore(value=4, locked=False). call_ct: 0. worker_id: 939bf87a. 
2024-10-24 14:19:12 | INFO | model_worker | Send heart beat. Models: ['fastchat-t5-3b-v1.0']. Semaphore: Semaphore(value=4, locked=False). call_ct: 0. worker_id: 939bf87a. 
2024-10-24 14:19:57 | INFO | model_worker | Send heart beat. Models: ['fastchat-t5-3b-v1.0']. Semaphore: Semaphore(value=4, locked=False). call_ct: 0. worker_id: 939bf87a. 
2024-10-24 14:20:42 | INFO | model_worker | Send heart beat. Models: ['fastchat-t5-3b-v1.0']. Semaphore: Semaphore(value=4, locked=False). call_ct: 0. worker_id: 939bf87a. 
2024-10-24 14:21:27 | INFO | model_worker | Send heart beat. Models: ['fastchat-t5-3b-v1.0']. Semaphore: Semaphore(value=4, locked=False). call_ct: 0. worker_id: 939bf87a. 
2024-10-24 14:22:12 | INFO | model_worker | Send heart beat. Models: ['fastchat-t5-3b-v1.0']. Semaphore: Semaphore(value=4, locked=False). call_ct: 0. worker_id: 939bf87a. 
2024-10-24 14:22:57 | INFO | model_worker | Send heart beat. Models: ['fastchat-t5-3b-v1.0']. Semaphore: Semaphore(value=4, locked=False). call_ct: 0. worker_id: 939bf87a. 
2024-10-24 14:23:42 | INFO | model_worker | Send heart beat. Models: ['fastchat-t5-3b-v1.0']. Semaphore: Semaphore(value=4, locked=False). call_ct: 0. worker_id: 939bf87a. 
2024-10-24 14:24:27 | INFO | model_worker | Send heart beat. Models: ['fastchat-t5-3b-v1.0']. Semaphore: Semaphore(value=4, locked=False). call_ct: 0. worker_id: 939bf87a. 
2024-10-24 14:25:12 | INFO | model_worker | Send heart beat. Models: ['fastchat-t5-3b-v1.0']. Semaphore: Semaphore(value=4, locked=False). call_ct: 0. worker_id: 939bf87a. 
2024-10-24 14:25:57 | INFO | model_worker | Send heart beat. Models: ['fastchat-t5-3b-v1.0']. Semaphore: Semaphore(value=4, locked=False). call_ct: 0. worker_id: 939bf87a. 
2024-10-24 14:26:42 | INFO | model_worker | Send heart beat. Models: ['fastchat-t5-3b-v1.0']. Semaphore: Semaphore(value=4, locked=False). call_ct: 0. worker_id: 939bf87a. 
2024-10-24 14:27:27 | INFO | model_worker | Send heart beat. Models: ['fastchat-t5-3b-v1.0']. Semaphore: Semaphore(value=4, locked=False). call_ct: 0. worker_id: 939bf87a. 
2024-10-24 14:28:12 | INFO | model_worker | Send heart beat. Models: ['fastchat-t5-3b-v1.0']. Semaphore: Semaphore(value=4, locked=False). call_ct: 0. worker_id: 939bf87a. 
2024-10-24 14:28:57 | INFO | model_worker | Send heart beat. Models: ['fastchat-t5-3b-v1.0']. Semaphore: Semaphore(value=4, locked=False). call_ct: 0. worker_id: 939bf87a. 
2024-10-24 14:29:42 | INFO | model_worker | Send heart beat. Models: ['fastchat-t5-3b-v1.0']. Semaphore: Semaphore(value=4, locked=False). call_ct: 0. worker_id: 939bf87a. 
2024-10-24 14:30:27 | INFO | model_worker | Send heart beat. Models: ['fastchat-t5-3b-v1.0']. Semaphore: Semaphore(value=4, locked=False). call_ct: 0. worker_id: 939bf87a. 
2024-10-24 14:31:13 | INFO | model_worker | Send heart beat. Models: ['fastchat-t5-3b-v1.0']. Semaphore: Semaphore(value=4, locked=False). call_ct: 0. worker_id: 939bf87a. 
2024-10-24 14:31:58 | INFO | model_worker | Send heart beat. Models: ['fastchat-t5-3b-v1.0']. Semaphore: Semaphore(value=4, locked=False). call_ct: 0. worker_id: 939bf87a. 
2024-10-24 14:32:43 | INFO | model_worker | Send heart beat. Models: ['fastchat-t5-3b-v1.0']. Semaphore: Semaphore(value=4, locked=False). call_ct: 0. worker_id: 939bf87a. 
2024-10-24 14:33:28 | INFO | model_worker | Send heart beat. Models: ['fastchat-t5-3b-v1.0']. Semaphore: Semaphore(value=4, locked=False). call_ct: 0. worker_id: 939bf87a. 
2024-10-24 14:34:13 | INFO | model_worker | Send heart beat. Models: ['fastchat-t5-3b-v1.0']. Semaphore: Semaphore(value=4, locked=False). call_ct: 0. worker_id: 939bf87a. 
2024-10-24 14:34:58 | INFO | model_worker | Send heart beat. Models: ['fastchat-t5-3b-v1.0']. Semaphore: Semaphore(value=4, locked=False). call_ct: 0. worker_id: 939bf87a. 
2024-10-24 14:35:43 | INFO | model_worker | Send heart beat. Models: ['fastchat-t5-3b-v1.0']. Semaphore: Semaphore(value=4, locked=False). call_ct: 0. worker_id: 939bf87a. 
2024-10-24 14:36:28 | INFO | model_worker | Send heart beat. Models: ['fastchat-t5-3b-v1.0']. Semaphore: Semaphore(value=4, locked=False). call_ct: 0. worker_id: 939bf87a. 
2024-10-24 14:37:13 | INFO | model_worker | Send heart beat. Models: ['fastchat-t5-3b-v1.0']. Semaphore: Semaphore(value=4, locked=False). call_ct: 0. worker_id: 939bf87a. 
2024-10-24 14:37:58 | INFO | model_worker | Send heart beat. Models: ['fastchat-t5-3b-v1.0']. Semaphore: Semaphore(value=4, locked=False). call_ct: 0. worker_id: 939bf87a. 
2024-10-24 14:38:43 | INFO | model_worker | Send heart beat. Models: ['fastchat-t5-3b-v1.0']. Semaphore: Semaphore(value=4, locked=False). call_ct: 0. worker_id: 939bf87a. 
2024-10-24 14:39:28 | INFO | model_worker | Send heart beat. Models: ['fastchat-t5-3b-v1.0']. Semaphore: Semaphore(value=4, locked=False). call_ct: 0. worker_id: 939bf87a. 
2024-10-24 14:40:13 | INFO | model_worker | Send heart beat. Models: ['fastchat-t5-3b-v1.0']. Semaphore: Semaphore(value=4, locked=False). call_ct: 0. worker_id: 939bf87a. 
2024-10-24 14:40:58 | INFO | model_worker | Send heart beat. Models: ['fastchat-t5-3b-v1.0']. Semaphore: Semaphore(value=4, locked=False). call_ct: 0. worker_id: 939bf87a. 
2024-10-24 14:41:43 | INFO | model_worker | Send heart beat. Models: ['fastchat-t5-3b-v1.0']. Semaphore: Semaphore(value=4, locked=False). call_ct: 0. worker_id: 939bf87a. 
2024-10-24 14:42:28 | INFO | model_worker | Send heart beat. Models: ['fastchat-t5-3b-v1.0']. Semaphore: Semaphore(value=4, locked=False). call_ct: 0. worker_id: 939bf87a. 
2024-10-24 14:43:13 | INFO | model_worker | Send heart beat. Models: ['fastchat-t5-3b-v1.0']. Semaphore: Semaphore(value=4, locked=False). call_ct: 0. worker_id: 939bf87a. 
2024-10-24 14:43:58 | INFO | model_worker | Send heart beat. Models: ['fastchat-t5-3b-v1.0']. Semaphore: Semaphore(value=4, locked=False). call_ct: 0. worker_id: 939bf87a. 
2024-10-24 14:44:43 | INFO | model_worker | Send heart beat. Models: ['fastchat-t5-3b-v1.0']. Semaphore: Semaphore(value=4, locked=False). call_ct: 0. worker_id: 939bf87a. 
2024-10-24 14:45:28 | INFO | model_worker | Send heart beat. Models: ['fastchat-t5-3b-v1.0']. Semaphore: Semaphore(value=4, locked=False). call_ct: 0. worker_id: 939bf87a. 
2024-10-24 14:46:13 | INFO | model_worker | Send heart beat. Models: ['fastchat-t5-3b-v1.0']. Semaphore: Semaphore(value=4, locked=False). call_ct: 0. worker_id: 939bf87a. 
2024-10-24 14:46:58 | INFO | model_worker | Send heart beat. Models: ['fastchat-t5-3b-v1.0']. Semaphore: Semaphore(value=4, locked=False). call_ct: 0. worker_id: 939bf87a. 
2024-10-24 14:47:43 | INFO | model_worker | Send heart beat. Models: ['fastchat-t5-3b-v1.0']. Semaphore: Semaphore(value=4, locked=False). call_ct: 0. worker_id: 939bf87a. 
2024-10-24 14:48:28 | INFO | model_worker | Send heart beat. Models: ['fastchat-t5-3b-v1.0']. Semaphore: Semaphore(value=4, locked=False). call_ct: 0. worker_id: 939bf87a. 
2024-10-24 14:49:14 | INFO | model_worker | Send heart beat. Models: ['fastchat-t5-3b-v1.0']. Semaphore: Semaphore(value=4, locked=False). call_ct: 0. worker_id: 939bf87a. 
2024-10-24 14:49:59 | INFO | model_worker | Send heart beat. Models: ['fastchat-t5-3b-v1.0']. Semaphore: Semaphore(value=4, locked=False). call_ct: 0. worker_id: 939bf87a. 
2024-10-24 14:50:44 | INFO | model_worker | Send heart beat. Models: ['fastchat-t5-3b-v1.0']. Semaphore: Semaphore(value=4, locked=False). call_ct: 0. worker_id: 939bf87a. 
2024-10-24 14:51:29 | INFO | model_worker | Send heart beat. Models: ['fastchat-t5-3b-v1.0']. Semaphore: Semaphore(value=4, locked=False). call_ct: 0. worker_id: 939bf87a. 
2024-10-24 14:52:14 | INFO | model_worker | Send heart beat. Models: ['fastchat-t5-3b-v1.0']. Semaphore: Semaphore(value=4, locked=False). call_ct: 0. worker_id: 939bf87a. 
2024-10-24 14:52:59 | INFO | model_worker | Send heart beat. Models: ['fastchat-t5-3b-v1.0']. Semaphore: Semaphore(value=4, locked=False). call_ct: 0. worker_id: 939bf87a. 
2024-10-24 14:53:44 | INFO | model_worker | Send heart beat. Models: ['fastchat-t5-3b-v1.0']. Semaphore: Semaphore(value=4, locked=False). call_ct: 0. worker_id: 939bf87a. 
2024-10-24 14:54:29 | INFO | model_worker | Send heart beat. Models: ['fastchat-t5-3b-v1.0']. Semaphore: Semaphore(value=4, locked=False). call_ct: 0. worker_id: 939bf87a. 
2024-10-24 14:55:14 | INFO | model_worker | Send heart beat. Models: ['fastchat-t5-3b-v1.0']. Semaphore: Semaphore(value=4, locked=False). call_ct: 0. worker_id: 939bf87a. 
2024-10-24 14:55:59 | INFO | model_worker | Send heart beat. Models: ['fastchat-t5-3b-v1.0']. Semaphore: Semaphore(value=4, locked=False). call_ct: 0. worker_id: 939bf87a. 
2024-10-24 14:56:44 | INFO | model_worker | Send heart beat. Models: ['fastchat-t5-3b-v1.0']. Semaphore: Semaphore(value=4, locked=False). call_ct: 0. worker_id: 939bf87a. 
2024-10-24 14:57:29 | INFO | model_worker | Send heart beat. Models: ['fastchat-t5-3b-v1.0']. Semaphore: Semaphore(value=4, locked=False). call_ct: 0. worker_id: 939bf87a. 
2024-10-24 14:58:14 | INFO | model_worker | Send heart beat. Models: ['fastchat-t5-3b-v1.0']. Semaphore: Semaphore(value=4, locked=False). call_ct: 0. worker_id: 939bf87a. 
2024-10-24 14:58:59 | INFO | model_worker | Send heart beat. Models: ['fastchat-t5-3b-v1.0']. Semaphore: Semaphore(value=4, locked=False). call_ct: 0. worker_id: 939bf87a. 
2024-10-24 14:59:44 | INFO | model_worker | Send heart beat. Models: ['fastchat-t5-3b-v1.0']. Semaphore: Semaphore(value=4, locked=False). call_ct: 0. worker_id: 939bf87a. 
2024-10-24 15:00:29 | INFO | model_worker | Send heart beat. Models: ['fastchat-t5-3b-v1.0']. Semaphore: Semaphore(value=4, locked=False). call_ct: 0. worker_id: 939bf87a. 
2024-10-24 15:01:14 | INFO | model_worker | Send heart beat. Models: ['fastchat-t5-3b-v1.0']. Semaphore: Semaphore(value=4, locked=False). call_ct: 0. worker_id: 939bf87a. 
2024-10-24 15:01:59 | INFO | model_worker | Send heart beat. Models: ['fastchat-t5-3b-v1.0']. Semaphore: Semaphore(value=4, locked=False). call_ct: 0. worker_id: 939bf87a. 
2024-10-24 15:02:44 | INFO | model_worker | Send heart beat. Models: ['fastchat-t5-3b-v1.0']. Semaphore: Semaphore(value=4, locked=False). call_ct: 0. worker_id: 939bf87a. 
2024-10-24 15:03:29 | INFO | model_worker | Send heart beat. Models: ['fastchat-t5-3b-v1.0']. Semaphore: Semaphore(value=4, locked=False). call_ct: 0. worker_id: 939bf87a. 
2024-10-24 15:04:14 | INFO | model_worker | Send heart beat. Models: ['fastchat-t5-3b-v1.0']. Semaphore: Semaphore(value=4, locked=False). call_ct: 0. worker_id: 939bf87a. 
2024-10-24 15:05:00 | INFO | model_worker | Send heart beat. Models: ['fastchat-t5-3b-v1.0']. Semaphore: Semaphore(value=4, locked=False). call_ct: 0. worker_id: 939bf87a. 
2024-10-24 15:05:45 | INFO | model_worker | Send heart beat. Models: ['fastchat-t5-3b-v1.0']. Semaphore: Semaphore(value=4, locked=False). call_ct: 0. worker_id: 939bf87a. 
2024-10-24 15:06:30 | INFO | model_worker | Send heart beat. Models: ['fastchat-t5-3b-v1.0']. Semaphore: Semaphore(value=4, locked=False). call_ct: 0. worker_id: 939bf87a. 
2024-10-24 15:07:15 | INFO | model_worker | Send heart beat. Models: ['fastchat-t5-3b-v1.0']. Semaphore: Semaphore(value=4, locked=False). call_ct: 0. worker_id: 939bf87a. 
2024-10-24 15:08:00 | INFO | model_worker | Send heart beat. Models: ['fastchat-t5-3b-v1.0']. Semaphore: Semaphore(value=4, locked=False). call_ct: 0. worker_id: 939bf87a. 
2024-10-24 15:08:45 | INFO | model_worker | Send heart beat. Models: ['fastchat-t5-3b-v1.0']. Semaphore: Semaphore(value=4, locked=False). call_ct: 0. worker_id: 939bf87a. 
2024-10-24 15:09:30 | INFO | model_worker | Send heart beat. Models: ['fastchat-t5-3b-v1.0']. Semaphore: Semaphore(value=4, locked=False). call_ct: 0. worker_id: 939bf87a. 
2024-10-24 15:10:15 | INFO | model_worker | Send heart beat. Models: ['fastchat-t5-3b-v1.0']. Semaphore: Semaphore(value=4, locked=False). call_ct: 0. worker_id: 939bf87a. 
2024-10-24 15:11:00 | INFO | model_worker | Send heart beat. Models: ['fastchat-t5-3b-v1.0']. Semaphore: Semaphore(value=4, locked=False). call_ct: 0. worker_id: 939bf87a. 
2024-10-24 15:11:45 | INFO | model_worker | Send heart beat. Models: ['fastchat-t5-3b-v1.0']. Semaphore: Semaphore(value=4, locked=False). call_ct: 0. worker_id: 939bf87a. 
2024-10-24 15:12:30 | INFO | model_worker | Send heart beat. Models: ['fastchat-t5-3b-v1.0']. Semaphore: Semaphore(value=4, locked=False). call_ct: 0. worker_id: 939bf87a. 
2024-10-24 15:13:15 | INFO | model_worker | Send heart beat. Models: ['fastchat-t5-3b-v1.0']. Semaphore: Semaphore(value=4, locked=False). call_ct: 0. worker_id: 939bf87a. 
2024-10-24 15:14:00 | INFO | model_worker | Send heart beat. Models: ['fastchat-t5-3b-v1.0']. Semaphore: Semaphore(value=4, locked=False). call_ct: 0. worker_id: 939bf87a. 
2024-10-24 15:14:45 | INFO | model_worker | Send heart beat. Models: ['fastchat-t5-3b-v1.0']. Semaphore: Semaphore(value=4, locked=False). call_ct: 0. worker_id: 939bf87a. 
2024-10-24 15:15:30 | INFO | model_worker | Send heart beat. Models: ['fastchat-t5-3b-v1.0']. Semaphore: Semaphore(value=4, locked=False). call_ct: 0. worker_id: 939bf87a. 
2024-10-24 15:16:15 | INFO | model_worker | Send heart beat. Models: ['fastchat-t5-3b-v1.0']. Semaphore: Semaphore(value=4, locked=False). call_ct: 0. worker_id: 939bf87a. 
2024-10-24 15:17:00 | INFO | model_worker | Send heart beat. Models: ['fastchat-t5-3b-v1.0']. Semaphore: Semaphore(value=4, locked=False). call_ct: 0. worker_id: 939bf87a. 
2024-10-24 15:17:45 | INFO | model_worker | Send heart beat. Models: ['fastchat-t5-3b-v1.0']. Semaphore: Semaphore(value=4, locked=False). call_ct: 0. worker_id: 939bf87a. 
2024-10-24 15:18:30 | INFO | model_worker | Send heart beat. Models: ['fastchat-t5-3b-v1.0']. Semaphore: Semaphore(value=4, locked=False). call_ct: 0. worker_id: 939bf87a. 
2024-10-24 15:19:15 | INFO | model_worker | Send heart beat. Models: ['fastchat-t5-3b-v1.0']. Semaphore: Semaphore(value=4, locked=False). call_ct: 0. worker_id: 939bf87a. 
2024-10-24 15:20:00 | INFO | model_worker | Send heart beat. Models: ['fastchat-t5-3b-v1.0']. Semaphore: Semaphore(value=4, locked=False). call_ct: 0. worker_id: 939bf87a. 
2024-10-24 15:20:45 | INFO | model_worker | Send heart beat. Models: ['fastchat-t5-3b-v1.0']. Semaphore: Semaphore(value=4, locked=False). call_ct: 0. worker_id: 939bf87a. 
2024-10-24 15:21:31 | INFO | model_worker | Send heart beat. Models: ['fastchat-t5-3b-v1.0']. Semaphore: Semaphore(value=4, locked=False). call_ct: 0. worker_id: 939bf87a. 
2024-10-24 15:22:16 | INFO | model_worker | Send heart beat. Models: ['fastchat-t5-3b-v1.0']. Semaphore: Semaphore(value=4, locked=False). call_ct: 0. worker_id: 939bf87a. 
2024-10-24 15:23:01 | INFO | model_worker | Send heart beat. Models: ['fastchat-t5-3b-v1.0']. Semaphore: Semaphore(value=4, locked=False). call_ct: 0. worker_id: 939bf87a. 
2024-10-24 15:23:46 | INFO | model_worker | Send heart beat. Models: ['fastchat-t5-3b-v1.0']. Semaphore: Semaphore(value=4, locked=False). call_ct: 0. worker_id: 939bf87a. 
2024-10-24 15:24:31 | INFO | model_worker | Send heart beat. Models: ['fastchat-t5-3b-v1.0']. Semaphore: Semaphore(value=4, locked=False). call_ct: 0. worker_id: 939bf87a. 
2024-10-24 15:25:16 | INFO | model_worker | Send heart beat. Models: ['fastchat-t5-3b-v1.0']. Semaphore: Semaphore(value=4, locked=False). call_ct: 0. worker_id: 939bf87a. 
2024-10-24 15:26:01 | INFO | model_worker | Send heart beat. Models: ['fastchat-t5-3b-v1.0']. Semaphore: Semaphore(value=4, locked=False). call_ct: 0. worker_id: 939bf87a. 
2024-10-24 15:26:46 | INFO | model_worker | Send heart beat. Models: ['fastchat-t5-3b-v1.0']. Semaphore: Semaphore(value=4, locked=False). call_ct: 0. worker_id: 939bf87a. 
2024-10-24 15:27:31 | INFO | model_worker | Send heart beat. Models: ['fastchat-t5-3b-v1.0']. Semaphore: Semaphore(value=4, locked=False). call_ct: 0. worker_id: 939bf87a. 
2024-10-24 15:28:16 | INFO | model_worker | Send heart beat. Models: ['fastchat-t5-3b-v1.0']. Semaphore: Semaphore(value=4, locked=False). call_ct: 0. worker_id: 939bf87a. 
2024-10-24 15:28:23 | ERROR | stderr | [32mINFO[0m:     Shutting down
2024-10-24 15:28:23 | ERROR | stderr | [32mINFO[0m:     Waiting for application shutdown.
2024-10-24 15:28:23 | ERROR | stderr | [32mINFO[0m:     Application shutdown complete.
2024-10-24 15:28:23 | ERROR | stderr | [32mINFO[0m:     Finished server process [[36m969042[0m]
